model,experiment,member,status,missing_variables,ambiguous_variables,tas_path,tas_table,tas_grid,tas_period,rsdt_path,rsdt_table,rsdt_grid,rsdt_period,rlut_path,rlut_table,rlut_grid,rlut_period,rsut_path,rsut_table,rsut_grid,rsut_period
BCC-CSM2-MR,amip-hist,r1i1p1f1,complete,,,./BCC-CSM2-MR/amip-hist/tas_Amon_BCC-CSM2-MR_amip-hist_r1i1p1f1_gn_187001-201412.nc,Amon,gn,187001-201412,./BCC-CSM2-MR/amip-hist/rsdt_Amon_BCC-CSM2-MR_amip-hist_r1i1p1f1_gn_187001-201412.nc,Amon,gn,187001-201412,./BCC-CSM2-MR/amip-hist/rlut_Amon_BCC-CSM2-MR_amip-hist_r1i1p1f1_gn_187001-201412.nc,Amon,gn,187001-201412,./BCC-CSM2-MR/amip-hist/rsut_Amon_BCC-CSM2-MR_amip-hist_r1i1p1f1_gn_187001-201412.nc,Amon,gn,187001-201412
CAMS-CSM1-0,amip-hist,r1i1p1f1,complete,,,./CAMS-CSM1-0/amip-hist/tas_Amon_CAMS-CSM1-0_amip-hist_r1i1p1f1_gn_187001-201412.nc,Amon,gn,187001-201412,./CAMS-CSM1-0/amip-hist/rsdt_Amon_CAMS-CSM1-0_amip-hist_r1i1p1f1_gn_187001-201412.nc,Amon,gn,187001-201412,./CAMS-CSM1-0/amip-hist/rlut_Amon_CAMS-CSM1-0_amip-hist_r1i1p1f1_gn_187001-201412.nc,Amon,gn,187001-201412,./CAMS-CSM1-0/amip-hist/rsut_Amon_CAMS-CSM1-0_amip-hist_r1i1p1f1_gn_187001-201412.nc,Amon,gn,187001-201412
CAMS-CSM1-0,amip-hist,r2i1p1f1,complete,,,./CAMS-CSM1-0/amip-hist/tas_Amon_CAMS-CSM1-0_amip-hist_r2i1p1f1_gn_187001-201412.nc,Amon,gn,187001-201412,./CAMS-CSM1-0/amip-hist/rsdt_Amon_CAMS-CSM1-0_amip-hist_r2i1p1f1_gn_187001-201412.nc,Amon,gn,187001-201412,./CAMS-CSM1-0/amip-hist/rlut_Amon_CAMS-CSM1-0_amip-hist_r2i1p1f1_gn_187001-201412.nc,Amon,gn,187001-201412,./CAMS-CSM1-0/amip-hist/rsut_Amon_CAMS-CSM1-0_amip-hist_r2i1p1f1_gn_187001-201412.nc,Amon,gn,187001-201412
CAMS-CSM1-0,amip-hist,r3i1p1f1,complete,,,./CAMS-CSM1-0/amip-hist/tas_Amon_CAMS-CSM1-0_amip-hist_r3i1p1f1_gn_187001-201412.nc,Amon,gn,187001-201412,./CAMS-CSM1-0/amip-hist/rsdt_Amon_CAMS-CSM1-0_amip-hist_r3i1p1f1_gn_187001-201412.nc,Amon,gn,187001-201412,./CAMS-CSM1-0/amip-hist/rlut_Amon_CAMS-CSM1-0_amip-hist_r3i1p1f1_gn_187001-201412.nc,Amon,gn,187001-201412,./CAMS-CSM1-0/amip-hist/rsut_Amon_CAMS-CSM1-0_amip-hist_r3i1p1f1_gn_187001-201412.nc,Amon,gn,187001-201412
CESM2,amip-hist,r1i1p1f1,ambiguous,,tas;rsdt;rlut;rsut,./CESM2/amip-hist/tas_Amon_CESM2_amip-hist_r1i1p1f1_gn_187001-191912.nc;./CESM2/amip-hist/tas_Amon_CESM2_amip-hist_r1i1p1f1_gn_192001-196912.nc;./CESM2/amip-hist/tas_Amon_CESM2_amip-hist_r1i1p1f1_gn_197001-201412.nc,Amon;Amon;Amon,gn;gn;gn,187001-191912;192001-196912;197001-201412,./CESM2/amip-hist/rsdt_Amon_CESM2_amip-hist_r1i1p1f1_gn_187001-191912.nc;./CESM2/amip-hist/rsdt_Amon_CESM2_amip-hist_r1i1p1f1_gn_192001-196912.nc;./CESM2/amip-hist/rsdt_Amon_CESM2_amip-hist_r1i1p1f1_gn_197001-201412.nc,Amon;Amon;Amon,gn;gn;gn,187001-191912;192001-196912;197001-201412,./CESM2/amip-hist/rlut_Amon_CESM2_amip-hist_r1i1p1f1_gn_187001-191912.nc;./CESM2/amip-hist/rlut_Amon_CESM2_amip-hist_r1i1p1f1_gn_192001-196912.nc;./CESM2/amip-hist/rlut_Amon_CESM2_amip-hist_r1i1p1f1_gn_197001-201412.nc,Amon;Amon;Amon,gn;gn;gn,187001-191912;192001-196912;197001-201412,./CESM2/amip-hist/rsut_Amon_CESM2_amip-hist_r1i1p1f1_gn_187001-191912.nc;./CESM2/amip-hist/rsut_Amon_CESM2_amip-hist_r1i1p1f1_gn_192001-196912.nc;./CESM2/amip-hist/rsut_Amon_CESM2_amip-hist_r1i1p1f1_gn_197001-201412.nc,Amon;Amon;Amon,gn;gn;gn,187001-191912;192001-196912;197001-201412
CESM2,amip-hist,r2i1p1f1,ambiguous,,tas;rsdt;rlut;rsut,./CESM2/amip-hist/tas_Amon_CESM2_amip-hist_r2i1p1f1_gn_187001-191912.nc;./CESM2/amip-hist/tas_Amon_CESM2_amip-hist_r2i1p1f1_gn_192001-196912.nc;./CESM2/amip-hist/tas_Amon_CESM2_amip-hist_r2i1p1f1_gn_197001-201412.nc,Amon;Amon;Amon,gn;gn;gn,187001-191912;192001-196912;197001-201412,./CESM2/amip-hist/rsdt_Amon_CESM2_amip-hist_r2i1p1f1_gn_187001-191912.nc;./CESM2/amip-hist/rsdt_Amon_CESM2_amip-hist_r2i1p1f1_gn_192001-196912.nc;./CESM2/amip-hist/rsdt_Amon_CESM2_amip-hist_r2i1p1f1_gn_197001-201412.nc,Amon;Amon;Amon,gn;gn;gn,187001-191912;192001-196912;197001-201412,./CESM2/amip-hist/rlut_Amon_CESM2_amip-hist_r2i1p1f1_gn_187001-191912.nc;./CESM2/amip-hist/rlut_Amon_CESM2_amip-hist_r2i1p1f1_gn_192001-196912.nc;./CESM2/amip-hist/rlut_Amon_CESM2_amip-hist_r2i1p1f1_gn_197001-201412.nc,Amon;Amon;Amon,gn;gn;gn,187001-191912;192001-196912;197001-201412,./CESM2/amip-hist/rsut_Amon_CESM2_amip-hist_r2i1p1f1_gn_187001-191912.nc;./CESM2/amip-hist/rsut_Amon_CESM2_amip-hist_r2i1p1f1_gn_192001-196912.nc;./CESM2/amip-hist/rsut_Amon_CESM2_amip-hist_r2i1p1f1_gn_197001-201412.nc,Amon;Amon;Amon,gn;gn;gn,187001-191912;192001-196912;197001-201412
CESM2,amip-hist,r3i1p1f1,ambiguous,,tas;rsdt;rlut;rsut,./CESM2/amip-hist/tas_Amon_CESM2_amip-hist_r3i1p1f1_gn_187001-191912.nc;./CESM2/amip-hist/tas_Amon_CESM2_amip-hist_r3i1p1f1_gn_192001-196912.nc;./CESM2/amip-hist/tas_Amon_CESM2_amip-hist_r3i1p1f1_gn_197001-201412.nc,Amon;Amon;Amon,gn;gn;gn,187001-191912;192001-196912;197001-201412,./CESM2/amip-hist/rsdt_Amon_CESM2_amip-hist_r3i1p1f1_gn_187001-191912.nc;./CESM2/amip-hist/rsdt_Amon_CESM2_amip-hist_r3i1p1f1_gn_192001-196912.nc;./CESM2/amip-hist/rsdt_Amon_CESM2_amip-hist_r3i1p1f1_gn_197001-201412.nc,Amon;Amon;Amon,gn;gn;gn,187001-191912;192001-196912;197001-201412,./CESM2/amip-hist/rlut_Amon_CESM2_amip-hist_r3i1p1f1_gn_187001-191912.nc;./CESM2/amip-hist/rlut_Amon_CESM2_amip-hist_r3i1p1f1_gn_192001-196912.nc;./CESM2/amip-hist/rlut_Amon_CESM2_amip-hist_r3i1p1f1_gn_197001-201412.nc,Amon;Amon;Amon,gn;gn;gn,187001-191912;192001-196912;197001-201412,./CESM2/amip-hist/rsut_Amon_CESM2_amip-hist_r3i1p1f1_gn_187001-191912.nc;./CESM2/amip-hist/rsut_Amon_CESM2_amip-hist_r3i1p1f1_gn_192001-196912.nc;./CESM2/amip-hist/rsut_Amon_CESM2_amip-hist_r3i1p1f1_gn_197001-201412.nc,Amon;Amon;Amon,gn;gn;gn,187001-191912;192001-196912;197001-201412
CESM2,amip-piForcing,r1i1p1f1,ambiguous,,tas;rsdt;rlut;rsut,./CESM2/amip-piForcing/tas_Amon_CESM2_amip-piForcing_r1i1p1f1_gn_187001-191912.nc;./CESM2/amip-piForcing/tas_Amon_CESM2_amip-piForcing_r1i1p1f1_gn_192001-196912.nc;./CESM2/amip-piForcing/tas_Amon_CESM2_amip-piForcing_r1i1p1f1_gn_197001-201512.nc,Amon;Amon;Amon,gn;gn;gn,187001-191912;192001-196912;197001-201512,./CESM2/amip-piForcing/rsdt_Amon_CESM2_amip-piForcing_r1i1p1f1_gn_187001-191912.nc;./CESM2/amip-piForcing/rsdt_Amon_CESM2_amip-piForcing_r1i1p1f1_gn_192001-196912.nc;./CESM2/amip-piForcing/rsdt_Amon_CESM2_amip-piForcing_r1i1p1f1_gn_197001-201512.nc,Amon;Amon;Amon,gn;gn;gn,187001-191912;192001-196912;197001-201512,./CESM2/amip-piForcing/rlut_Amon_CESM2_amip-piForcing_r1i1p1f1_gn_187001-191912.nc;./CESM2/amip-piForcing/rlut_Amon_CESM2_amip-piForcing_r1i1p1f1_gn_192001-196912.nc;./CESM2/amip-piForcing/rlut_Amon_CESM2_amip-piForcing_r1i1p1f1_gn_197001-201512.nc,Amon;Amon;Amon,gn;gn;gn,187001-191912;192001-196912;197001-201512,./CESM2/amip-piForcing/rsut_Amon_CESM2_amip-piForcing_r1i1p1f1_gn_187001-191912.nc;./CESM2/amip-piForcing/rsut_Amon_CESM2_amip-piForcing_r1i1p1f1_gn_192001-196912.nc;./CESM2/amip-piForcing/rsut_Amon_CESM2_amip-piForcing_r1i1p1f1_gn_197001-201512.nc,Amon;Amon;Amon,gn;gn;gn,187001-191912;192001-196912;197001-201512
CIESM,amip-hist,r1i1p1f1,complete,,,./CIESM/amip-hist/tas_Amon_CIESM_amip-hist_r1i1p1f1_gr_187001-201412.nc,Amon,gr,187001-201412,./CIESM/amip-hist/rsdt_Amon_CIESM_amip-hist_r1i1p1f1_gr_187001-201412.nc,Amon,gr,187001-201412,./CIESM/amip-hist/rlut_Amon_CIESM_amip-hist_r1i1p1f1_gr_187001-201412.nc,Amon,gr,187001-201412,./CIESM/amip-hist/rsut_Amon_CIESM_amip-hist_r1i1p1f1_gr_187001-201412.nc,Amon,gr,187001-201412
CIESM,amip-hist,r2i1p1f1,complete,,,./CIESM/amip-hist/tas_Amon_CIESM_amip-hist_r2i1p1f1_gr_187001-201412.nc,Amon,gr,187001-201412,./CIESM/amip-hist/rsdt_Amon_CIESM_amip-hist_r2i1p1f1_gr_187001-201412.nc,Amon,gr,187001-201412,./CIESM/amip-hist/rlut_Amon_CIESM_amip-hist_r2i1p1f1_gr_187001-201412.nc,Amon,gr,187001-201412,./CIESM/amip-hist/rsut_Amon_CIESM_amip-hist_r2i1p1f1_gr_187001-201412.nc,Amon,gr,187001-201412
CIESM,amip-hist,r3i1p1f1,complete,,,./CIESM/amip-hist/tas_Amon_CIESM_amip-hist_r3i1p1f1_gr_187001-201412.nc,Amon,gr,187001-201412,./CIESM/amip-hist/rsdt_Amon_CIESM_amip-hist_r3i1p1f1_gr_187001-201412.nc,Amon,gr,187001-201412,./CIESM/amip-hist/rlut_Amon_CIESM_amip-hist_r3i1p1f1_gr_187001-201412.nc,Amon,gr,187001-201412,./CIESM/amip-hist/rsut_Amon_CIESM_amip-hist_r3i1p1f1_gr_187001-201412.nc,Amon,gr,187001-201412
CNRM-CM6-1,amip-hist,r10i1p1f2,complete,,,./CNRM-CM6-1/amip-hist/tas_Amon_CNRM-CM6-1_amip-hist_r10i1p1f2_gr_187001-201412.nc,Amon,gr,187001-201412,./CNRM-CM6-1/amip-hist/rsdt_Amon_CNRM-CM6-1_amip-hist_r10i1p1f2_gr_187001-201412.nc,Amon,gr,187001-201412,./CNRM-CM6-1/amip-hist/rlut_Amon_CNRM-CM6-1_amip-hist_r10i1p1f2_gr_187001-201412.nc,Amon,gr,187001-201412,./CNRM-CM6-1/amip-hist/rsut_Amon_CNRM-CM6-1_amip-hist_r10i1p1f2_gr_187001-201412.nc,Amon,gr,187001-201412
CNRM-CM6-1,amip-hist,r1i1p1f2,complete,,,./CNRM-CM6-1/amip-hist/tas_Amon_CNRM-CM6-1_amip-hist_r1i1p1f2_gr_187001-201412.nc,Amon,gr,187001-201412,./CNRM-CM6-1/amip-hist/rsdt_Amon_CNRM-CM6-1_amip-hist_r1i1p1f2_gr_187001-201412.nc,Amon,gr,187001-201412,./CNRM-CM6-1/amip-hist/rlut_Amon_CNRM-CM6-1_amip-hist_r1i1p1f2_gr_187001-201412.nc,Amon,gr,187001-201412,./CNRM-CM6-1/amip-hist/rsut_Amon_CNRM-CM6-1_amip-hist_r1i1p1f2_gr_187001-201412.nc,Amon,gr,187001-201412
CNRM-CM6-1,amip-hist,r2i1p1f2,complete,,,./CNRM-CM6-1/amip-hist/tas_Amon_CNRM-CM6-1_amip-hist_r2i1p1f2_gr_187001-201412.nc,Amon,gr,187001-201412,./CNRM-CM6-1/amip-hist/rsdt_Amon_CNRM-CM6-1_amip-hist_r2i1p1f2_gr_187001-201412.nc,Amon,gr,187001-201412,./CNRM-CM6-1/amip-hist/rlut_Amon_CNRM-CM6-1_amip-hist_r2i1p1f2_gr_187001-201412.nc,Amon,gr,187001-201412,./CNRM-CM6-1/amip-hist/rsut_Amon_CNRM-CM6-1_amip-hist_r2i1p1f2_gr_187001-201412.nc,Amon,gr,187001-201412
CNRM-CM6-1,amip-hist,r3i1p1f2,complete,,,./CNRM-CM6-1/amip-hist/tas_Amon_CNRM-CM6-1_amip-hist_r3i1p1f2_gr_187001-201412.nc,Amon,gr,187001-201412,./CNRM-CM6-1/amip-hist/rsdt_Amon_CNRM-CM6-1_amip-hist_r3i1p1f2_gr_187001-201412.nc,Amon,gr,187001-201412,./CNRM-CM6-1/amip-hist/rlut_Amon_CNRM-CM6-1_amip-hist_r3i1p1f2_gr_187001-201412.nc,Amon,gr,187001-201412,./CNRM-CM6-1/amip-hist/rsut_Amon_CNRM-CM6-1_amip-hist_r3i1p1f2_gr_187001-201412.nc,Amon,gr,187001-201412
CNRM-CM6-1,amip-hist,r4i1p1f2,complete,,,./CNRM-CM6-1/amip-hist/tas_Amon_CNRM-CM6-1_amip-hist_r4i1p1f2_gr_187001-201412.nc,Amon,gr,187001-201412,./CNRM-CM6-1/amip-hist/rsdt_Amon_CNRM-CM6-1_amip-hist_r4i1p1f2_gr_187001-201412.nc,Amon,gr,187001-201412,./CNRM-CM6-1/amip-hist/rlut_Amon_CNRM-CM6-1_amip-hist_r4i1p1f2_gr_187001-201412.nc,Amon,gr,187001-201412,./CNRM-CM6-1/amip-hist/rsut_Amon_CNRM-CM6-1_amip-hist_r4i1p1f2_gr_187001-201412.nc,Amon,gr,187001-201412
CNRM-CM6-1,amip-hist,r5i1p1f2,complete,,,./CNRM-CM6-1/amip-hist/tas_Amon_CNRM-CM6-1_amip-hist_r5i1p1f2_gr_187001-201412.nc,Amon,gr,187001-201412,./CNRM-CM6-1/amip-hist/rsdt_Amon_CNRM-CM6-1_amip-hist_r5i1p1f2_gr_187001-201412.nc,Amon,gr,187001-201412,./CNRM-CM6-1/amip-hist/rlut_Amon_CNRM-CM6-1_amip-hist_r5i1p1f2_gr_187001-201412.nc,Amon,gr,187001-201412,./CNRM-CM6-1/amip-hist/rsut_Amon_CNRM-CM6-1_amip-hist_r5i1p1f2_gr_187001-201412.nc,Amon,gr,187001-201412
CNRM-CM6-1,amip-hist,r6i1p1f2,complete,,,./CNRM-CM6-1/amip-hist/tas_Amon_CNRM-CM6-1_amip-hist_r6i1p1f2_gr_187001-201412.nc,Amon,gr,187001-201412,./CNRM-CM6-1/amip-hist/rsdt_Amon_CNRM-CM6-1_amip-hist_r6i1p1f2_gr_187001-201412.nc,Amon,gr,187001-201412,./CNRM-CM6-1/amip-hist/rlut_Amon_CNRM-CM6-1_amip-hist_r6i1p1f2_gr_187001-201412.nc,Amon,gr,187001-201412,./CNRM-CM6-1/amip-hist/rsut_Amon_CNRM-CM6-1_amip-hist_r6i1p1f2_gr_187001-201412.nc,Amon,gr,187001-201412
CNRM-CM6-1,amip-hist,r7i1p1f2,complete,,,./CNRM-CM6-1/amip-hist/tas_Amon_CNRM-CM6-1_amip-hist_r7i1p1f2_gr_187001-201412.nc,Amon,gr,187001-201412,./CNRM-CM6-1/amip-hist/rsdt_Amon_CNRM-CM6-1_amip-hist_r7i1p1f2_gr_187001-201412.nc,Amon,gr,187001-201412,./CNRM-CM6-1/amip-hist/rlut_Amon_CNRM-CM6-1_amip-hist_r7i1p1f2_gr_187001-201412.nc,Amon,gr,187001-201412,./CNRM-CM6-1/amip-hist/rsut_Amon_CNRM-CM6-1_amip-hist_r7i1p1f2_gr_187001-201412.nc,Amon,gr,187001-201412
CNRM-CM6-1,amip-hist,r8i1p1f2,complete,,,./CNRM-CM6-1/amip-hist/tas_Amon_CNRM-CM6-1_amip-hist_r8i1p1f2_gr_187001-201412.nc,Amon,gr,187001-201412,./CNRM-CM6-1/amip-hist/rsdt_Amon_CNRM-CM6-1_amip-hist_r8i1p1f2_gr_187001-201412.nc,Amon,gr,187001-201412,./CNRM-CM6-1/amip-hist/rlut_Amon_CNRM-CM6-1_amip-hist_r8i1p1f2_gr_187001-201412.nc,Amon,gr,187001-201412,./CNRM-CM6-1/amip-hist/rsut_Amon_CNRM-CM6-1_amip-hist_r8i1p1f2_gr_187001-201412.nc,Amon,gr,187001-201412
CNRM-CM6-1,amip-hist,r9i1p1f2,complete,,,./CNRM-CM6-1/amip-hist/tas_Amon_CNRM-CM6-1_amip-hist_r9i1p1f2_gr_187001-201412.nc,Amon,gr,187001-201412,./CNRM-CM6-1/amip-hist/rsdt_Amon_CNRM-CM6-1_amip-hist_r9i1p1f2_gr_187001-201412.nc,Amon,gr,187001-201412,./CNRM-CM6-1/amip-hist/rlut_Amon_CNRM-CM6-1_amip-hist_r9i1p1f2_gr_187001-201412.nc,Amon,gr,187001-201412,./CNRM-CM6-1/amip-hist/rsut_Amon_CNRM-CM6-1_amip-hist_r9i1p1f2_gr_187001-201412.nc,Amon,gr,187001-201412
CNRM-CM6-1,amip-piForcing,r1i1p1f2,complete,,,./CNRM-CM6-1/amip-piForcing/tas_Amon_CNRM-CM6-1_amip-piForcing_r1i1p1f2_gr_187001-201412.nc,Amon,gr,187001-201412,./CNRM-CM6-1/amip-piForcing/rsdt_Amon_CNRM-CM6-1_amip-piForcing_r1i1p1f2_gr_187001-201412.nc,Amon,gr,187001-201412,./CNRM-CM6-1/amip-piForcing/rlut_Amon_CNRM-CM6-1_amip-piForcing_r1i1p1f2_gr_187001-201412.nc,Amon,gr,187001-201412,./CNRM-CM6-1/amip-piForcing/rsut_Amon_CNRM-CM6-1_amip-piForcing_r1i1p1f2_gr_187001-201412.nc,Amon,gr,187001-201412
CNRM-CM6-1,historical,r10i1p1f2,complete,,,./CNRM-CM6-1/historical/tas_Amon_CNRM-CM6-1_historical_r10i1p1f2_gr_185001-201412.nc,Amon,gr,185001-201412,./CNRM-CM6-1/historical/rsdt_Amon_CNRM-CM6-1_historical_r10i1p1f2_gr_185001-201412.nc,Amon,gr,185001-201412,./CNRM-CM6-1/historical/rlut_Amon_CNRM-CM6-1_historical_r10i1p1f2_gr_185001-201412.nc,Amon,gr,185001-201412,./CNRM-CM6-1/historical/rsut_Amon_CNRM-CM6-1_historical_r10i1p1f2_gr_185001-201412.nc,Amon,gr,185001-201412
CNRM-CM6-1,historical,r11i1p1f2,complete,,,./CNRM-CM6-1/historical/tas_Amon_CNRM-CM6-1_historical_r11i1p1f2_gr_185001-201412.nc,Amon,gr,185001-201412,./CNRM-CM6-1/historical/rsdt_Amon_CNRM-CM6-1_historical_r11i1p1f2_gr_185001-201412.nc,Amon,gr,185001-201412,./CNRM-CM6-1/historical/rlut_Amon_CNRM-CM6-1_historical_r11i1p1f2_gr_185001-201412.nc,Amon,gr,185001-201412,./CNRM-CM6-1/historical/rsut_Amon_CNRM-CM6-1_historical_r11i1p1f2_gr_185001-201412.nc,Amon,gr,185001-201412
CNRM-CM6-1,historical,r12i1p1f2,complete,,,./CNRM-CM6-1/historical/tas_Amon_CNRM-CM6-1_historical_r12i1p1f2_gr_185001-201412.nc,Amon,gr,185001-201412,./CNRM-CM6-1/historical/rsdt_Amon_CNRM-CM6-1_historical_r12i1p1f2_gr_185001-201412.nc,Amon,gr,185001-201412,./CNRM-CM6-1/historical/rlut_Amon_CNRM-CM6-1_historical_r12i1p1f2_gr_185001-201412.nc,Amon,gr,185001-201412,./CNRM-CM6-1/historical/rsut_Amon_CNRM-CM6-1_historical_r12i1p1f2_gr_185001-201412.nc,Amon,gr,185001-201412
CNRM-CM6-1,historical,r13i1p1f2,complete,,,./CNRM-CM6-1/historical/tas_Amon_CNRM-CM6-1_historical_r13i1p1f2_gr_185001-201412.nc,Amon,gr,185001-201412,./CNRM-CM6-1/historical/rsdt_Amon_CNRM-CM6-1_historical_r13i1p1f2_gr_185001-201412.nc,Amon,gr,185001-201412,./CNRM-CM6-1/historical/rlut_Amon_CNRM-CM6-1_historical_r13i1p1f2_gr_185001-201412.nc,Amon,gr,185001-201412,./CNRM-CM6-1/historical/rsut_Amon_CNRM-CM6-1_historical_r13i1p1f2_gr_185001-201412.nc,Amon,gr,185001-201412
CNRM-CM6-1,historical,r14i1p1f2,complete,,,./CNRM-CM6-1/historical/tas_Amon_CNRM-CM6-1_historical_r14i1p1f2_gr_185001-201412.nc,Amon,gr,185001-201412,./CNRM-CM6-1/historical/rsdt_Amon_CNRM-CM6-1_historical_r14i1p1f2_gr_185001-201412.nc,Amon,gr,185001-201412,./CNRM-CM6-1/historical/rlut_Amon_CNRM-CM6-1_historical_r14i1p1f2_gr_185001-201412.nc,Amon,gr,185001-201412,./CNRM-CM6-1/historical/rsut_Amon_CNRM-CM6-1_historical_r14i1p1f2_gr_185001-201412.nc,Amon,gr,185001-201412
CNRM-CM6-1,historical,r15i1p1f2,complete,,,./CNRM-CM6-1/historical/tas_Amon_CNRM-CM6-1_historical_r15i1p1f2_gr_185001-201412.nc,Amon,gr,185001-201412,./CNRM-CM6-1/historical/rsdt_Amon_CNRM-CM6-1_historical_r15i1p1f2_gr_185001-201412.nc,Amon,gr,185001-201412,./CNRM-CM6-1/historical/rlut_Amon_CNRM-CM6-1_historical_r15i1p1f2_gr_185001-201412.nc,Amon,gr,185001-201412,./CNRM-CM6-1/historical/rsut_Amon_CNRM-CM6-1_historical_r15i1p1f2_gr_185001-201412.nc,Amon,gr,185001-201412
CNRM-CM6-1,historical,r16i1p1f2,complete,,,./CNRM-CM6-1/historical/tas_Amon_CNRM-CM6-1_historical_r16i1p1f2_gr_185001-201412.nc,Amon,gr,185001-201412,./CNRM-CM6-1/historical/rsdt_Amon_CNRM-CM6-1_historical_r16i1p1f2_gr_185001-201412.nc,Amon,gr,185001-201412,./CNRM-CM6-1/historical/rlut_Amon_CNRM-CM6-1_historical_r16i1p1f2_gr_185001-201412.nc,Amon,gr,185001-201412,./CNRM-CM6-1/historical/rsut_Amon_CNRM-CM6-1_historical_r16i1p1f2_gr_185001-201412.nc,Amon,gr,185001-201412
CNRM-CM6-1,historical,r17i1p1f2,complete,,,./CNRM-CM6-1/historical/tas_Amon_CNRM-CM6-1_historical_r17i1p1f2_gr_185001-201412.nc,Amon,gr,185001-201412,./CNRM-CM6-1/historical/rsdt_Amon_CNRM-CM6-1_historical_r17i1p1f2_gr_185001-201412.nc,Amon,gr,185001-201412,./CNRM-CM6-1/historical/rlut_Amon_CNRM-CM6-1_historical_r17i1p1f2_gr_185001-201412.nc,Amon,gr,185001-201412,./CNRM-CM6-1/historical/rsut_Amon_CNRM-CM6-1_historical_r17i1p1f2_gr_185001-201412.nc,Amon,gr,185001-201412
CNRM-CM6-1,historical,r18i1p1f2,complete,,,./CNRM-CM6-1/historical/tas_Amon_CNRM-CM6-1_historical_r18i1p1f2_gr_185001-201412.nc,Amon,gr,185001-201412,./CNRM-CM6-1/historical/rsdt_Amon_CNRM-CM6-1_historical_r18i1p1f2_gr_185001-201412.nc,Amon,gr,185001-201412,./CNRM-CM6-1/historical/rlut_Amon_CNRM-CM6-1_historical_r18i1p1f2_gr_185001-201412.nc,Amon,gr,185001-201412,./CNRM-CM6-1/historical/rsut_Amon_CNRM-CM6-1_historical_r18i1p1f2_gr_185001-201412.nc,Amon,gr,185001-201412
CNRM-CM6-1,historical,r19i1p1f2,complete,,,./CNRM-CM6-1/historical/tas_Amon_CNRM-CM6-1_historical_r19i1p1f2_gr_185001-201412.nc,Amon,gr,185001-201412,./CNRM-CM6-1/historical/rsdt_Amon_CNRM-CM6-1_historical_r19i1p1f2_gr_185001-201412.nc,Amon,gr,185001-201412,./CNRM-CM6-1/historical/rlut_Amon_CNRM-CM6-1_historical_r19i1p1f2_gr_185001-201412.nc,Amon,gr,185001-201412,./CNRM-CM6-1/historical/rsut_Amon_CNRM-CM6-1_historical_r19i1p1f2_gr_185001-201412.nc,Amon,gr,185001-201412
CNRM-CM6-1,historical,r1i1p1f2,complete,,,./CNRM-CM6-1/historical/tas_Amon_CNRM-CM6-1_historical_r1i1p1f2_gr_185001-201412.nc,Amon,gr,185001-201412,./CNRM-CM6-1/historical/rsdt_Amon_CNRM-CM6-1_historical_r1i1p1f2_gr_185001-201412.nc,Amon,gr,185001-201412,./CNRM-CM6-1/historical/rlut_Amon_CNRM-CM6-1_historical_r1i1p1f2_gr_185001-201412.nc,Amon,gr,185001-201412,./CNRM-CM6-1/historical/rsut_Amon_CNRM-CM6-1_historical_r1i1p1f2_gr_185001-201412.nc,Amon,gr,185001-201412
CNRM-CM6-1,historical,r20i1p1f2,complete,,,./CNRM-CM6-1/historical/tas_Amon_CNRM-CM6-1_historical_r20i1p1f2_gr_185001-201412.nc,Amon,gr,185001-201412,./CNRM-CM6-1/historical/rsdt_Amon_CNRM-CM6-1_historical_r20i1p1f2_gr_185001-201412.nc,Amon,gr,185001-201412,./CNRM-CM6-1/historical/rlut_Amon_CNRM-CM6-1_historical_r20i1p1f2_gr_185001-201412.nc,Amon,gr,185001-201412,./CNRM-CM6-1/historical/rsut_Amon_CNRM-CM6-1_historical_r20i1p1f2_gr_185001-201412.nc,Amon,gr,185001-201412
CNRM-CM6-1,historical,r21i1p1f2,complete,,,./CNRM-CM6-1/historical/tas_Amon_CNRM-CM6-1_historical_r21i1p1f2_gr_185001-201412.nc,Amon,gr,185001-201412,./CNRM-CM6-1/historical/rsdt_Amon_CNRM-CM6-1_historical_r21i1p1f2_gr_185001-201412.nc,Amon,gr,185001-201412,./CNRM-CM6-1/historical/rlut_Amon_CNRM-CM6-1_historical_r21i1p1f2_gr_185001-201412.nc,Amon,gr,185001-201412,./CNRM-CM6-1/historical/rsut_Amon_CNRM-CM6-1_historical_r21i1p1f2_gr_185001-201412.nc,Amon,gr,185001-201412
CNRM-CM6-1,historical,r22i1p1f2,complete,,,./CNRM-CM6-1/historical/tas_Amon_CNRM-CM6-1_historical_r22i1p1f2_gr_185001-201412.nc,Amon,gr,185001-201412,./CNRM-CM6-1/historical/rsdt_Amon_CNRM-CM6-1_historical_r22i1p1f2_gr_185001-201412.nc,Amon,gr,185001-201412,./CNRM-CM6-1/historical/rlut_Amon_CNRM-CM6-1_historical_r22i1p1f2_gr_185001-201412.nc,Amon,gr,185001-201412,./CNRM-CM6-1/historical/rsut_Amon_CNRM-CM6-1_historical_r22i1p1f2_gr_185001-201412.nc,Amon,gr,185001-201412
CNRM-CM6-1,historical,r23i1p1f2,incomplete,rsdt,,./CNRM-CM6-1/historical/tas_Amon_CNRM-CM6-1_historical_r23i1p1f2_gr_185001-201412.nc,Amon,gr,185001-201412,,,,,./CNRM-CM6-1/historical/rlut_Amon_CNRM-CM6-1_historical_r23i1p1f2_gr_185001-201412.nc,Amon,gr,185001-201412,./CNRM-CM6-1/historical/rsut_Amon_CNRM-CM6-1_historical_r23i1p1f2_gr_185001-201412.nc,Amon,gr,185001-201412
CNRM-CM6-1,historical,r24i1p1f2,complete,,,./CNRM-CM6-1/historical/tas_Amon_CNRM-CM6-1_historical_r24i1p1f2_gr_185001-201412.nc,Amon,gr,185001-201412,./CNRM-CM6-1/historical/rsdt_Amon_CNRM-CM6-1_historical_r24i1p1f2_gr_185001-201412.nc,Amon,gr,185001-201412,./CNRM-CM6-1/historical/rlut_Amon_CNRM-CM6-1_historical_r24i1p1f2_gr_185001-201412.nc,Amon,gr,185001-201412,./CNRM-CM6-1/historical/rsut_Amon_CNRM-CM6-1_historical_r24i1p1f2_gr_185001-201412.nc,Amon,gr,185001-201412
CNRM-CM6-1,historical,r25i1p1f2,complete,,,./CNRM-CM6-1/historical/tas_Amon_CNRM-CM6-1_historical_r25i1p1f2_gr_185001-201412.nc,Amon,gr,185001-201412,./CNRM-CM6-1/historical/rsdt_Amon_CNRM-CM6-1_historical_r25i1p1f2_gr_185001-201412.nc,Amon,gr,185001-201412,./CNRM-CM6-1/historical/rlut_Amon_CNRM-CM6-1_historical_r25i1p1f2_gr_185001-201412.nc,Amon,gr,185001-201412,./CNRM-CM6-1/historical/rsut_Amon_CNRM-CM6-1_historical_r25i1p1f2_gr_185001-201412.nc,Amon,gr,185001-201412
CNRM-CM6-1,historical,r26i1p1f2,complete,,,./CNRM-CM6-1/historical/tas_Amon_CNRM-CM6-1_historical_r26i1p1f2_gr_185001-201412.nc,Amon,gr,185001-201412,./CNRM-CM6-1/historical/rsdt_Amon_CNRM-CM6-1_historical_r26i1p1f2_gr_185001-201412.nc,Amon,gr,185001-201412,./CNRM-CM6-1/historical/rlut_Amon_CNRM-CM6-1_historical_r26i1p1f2_gr_185001-201412.nc,Amon,gr,185001-201412,./CNRM-CM6-1/historical/rsut_Amon_CNRM-CM6-1_historical_r26i1p1f2_gr_185001-201412.nc,Amon,gr,185001-201412
CNRM-CM6-1,historical,r27i1p1f2,complete,,,./CNRM-CM6-1/historical/tas_Amon_CNRM-CM6-1_historical_r27i1p1f2_gr_185001-201412.nc,Amon,gr,185001-201412,./CNRM-CM6-1/historical/rsdt_Amon_CNRM-CM6-1_historical_r27i1p1f2_gr_185001-201412.nc,Amon,gr,185001-201412,./CNRM-CM6-1/historical/rlut_Amon_CNRM-CM6-1_historical_r27i1p1f2_gr_185001-201412.nc,Amon,gr,185001-201412,./CNRM-CM6-1/historical/rsut_Amon_CNRM-CM6-1_historical_r27i1p1f2_gr_185001-201412.nc,Amon,gr,185001-201412
CNRM-CM6-1,historical,r28i1p1f2,complete,,,./CNRM-CM6-1/historical/tas_Amon_CNRM-CM6-1_historical_r28i1p1f2_gr_185001-201412.nc,Amon,gr,185001-201412,./CNRM-CM6-1/historical/rsdt_Amon_CNRM-CM6-1_historical_r28i1p1f2_gr_185001-201412.nc,Amon,gr,185001-201412,./CNRM-CM6-1/historical/rlut_Amon_CNRM-CM6-1_historical_r28i1p1f2_gr_185001-201412.nc,Amon,gr,185001-201412,./CNRM-CM6-1/historical/rsut_Amon_CNRM-CM6-1_historical_r28i1p1f2_gr_185001-201412.nc,Amon,gr,185001-201412
CNRM-CM6-1,historical,r29i1p1f2,complete,,,./CNRM-CM6-1/historical/tas_Amon_CNRM-CM6-1_historical_r29i1p1f2_gr_185001-201412.nc,Amon,gr,185001-201412,./CNRM-CM6-1/historical/rsdt_Amon_CNRM-CM6-1_historical_r29i1p1f2_gr_185001-201412.nc,Amon,gr,185001-201412,./CNRM-CM6-1/historical/rlut_Amon_CNRM-CM6-1_historical_r29i1p1f2_gr_185001-201412.nc,Amon,gr,185001-201412,./CNRM-CM6-1/historical/rsut_Amon_CNRM-CM6-1_historical_r29i1p1f2_gr_185001-201412.nc,Amon,gr,185001-201412
CNRM-CM6-1,historical,r2i1p1f2,complete,,,./CNRM-CM6-1/historical/tas_Amon_CNRM-CM6-1_historical_r2i1p1f2_gr_185001-201412.nc,Amon,gr,185001-201412,./CNRM-CM6-1/historical/rsdt_Amon_CNRM-CM6-1_historical_r2i1p1f2_gr_185001-201412.nc,Amon,gr,185001-201412,./CNRM-CM6-1/historical/rlut_Amon_CNRM-CM6-1_historical_r2i1p1f2_gr_185001-201412.nc,Amon,gr,185001-201412,./CNRM-CM6-1/historical/rsut_Amon_CNRM-CM6-1_historical_r2i1p1f2_gr_185001-201412.nc,Amon,gr,185001-201412
CNRM-CM6-1,historical,r30i1p1f2,complete,,,./CNRM-CM6-1/historical/tas_Amon_CNRM-CM6-1_historical_r30i1p1f2_gr_185001-201412.nc,Amon,gr,185001-201412,./CNRM-CM6-1/historical/rsdt_Amon_CNRM-CM6-1_historical_r30i1p1f2_gr_185001-201412.nc,Amon,gr,185001-201412,./CNRM-CM6-1/historical/rlut_Amon_CNRM-CM6-1_historical_r30i1p1f2_gr_185001-201412.nc,Amon,gr,185001-201412,./CNRM-CM6-1/historical/rsut_Amon_CNRM-CM6-1_historical_r30i1p1f2_gr_185001-201412.nc,Amon,gr,185001-201412
CNRM-CM6-1,historical,r3i1p1f2,complete,,,./CNRM-CM6-1/historical/tas_Amon_CNRM-CM6-1_historical_r3i1p1f2_gr_185001-201412.nc,Amon,gr,185001-201412,./CNRM-CM6-1/historical/rsdt_Amon_CNRM-CM6-1_historical_r3i1p1f2_gr_185001-201412.nc,Amon,gr,185001-201412,./CNRM-CM6-1/historical/rlut_Amon_CNRM-CM6-1_historical_r3i1p1f2_gr_185001-201412.nc,Amon,gr,185001-201412,./CNRM-CM6-1/historical/rsut_Amon_CNRM-CM6-1_historical_r3i1p1f2_gr_185001-201412.nc,Amon,gr,185001-201412
CNRM-CM6-1,historical,r4i1p1f2,complete,,,./CNRM-CM6-1/historical/tas_Amon_CNRM-CM6-1_historical_r4i1p1f2_gr_185001-201412.nc,Amon,gr,185001-201412,./CNRM-CM6-1/historical/rsdt_Amon_CNRM-CM6-1_historical_r4i1p1f2_gr_185001-201412.nc,Amon,gr,185001-201412,./CNRM-CM6-1/historical/rlut_Amon_CNRM-CM6-1_historical_r4i1p1f2_gr_185001-201412.nc,Amon,gr,185001-201412,./CNRM-CM6-1/historical/rsut_Amon_CNRM-CM6-1_historical_r4i1p1f2_gr_185001-201412.nc,Amon,gr,185001-201412
CNRM-CM6-1,historical,r5i1p1f2,complete,,,./CNRM-CM6-1/historical/tas_Amon_CNRM-CM6-1_historical_r5i1p1f2_gr_185001-201412.nc,Amon,gr,185001-201412,./CNRM-CM6-1/historical/rsdt_Amon_CNRM-CM6-1_historical_r5i1p1f2_gr_185001-201412.nc,Amon,gr,185001-201412,./CNRM-CM6-1/historical/rlut_Amon_CNRM-CM6-1_historical_r5i1p1f2_gr_185001-201412.nc,Amon,gr,185001-201412,./CNRM-CM6-1/historical/rsut_Amon_CNRM-CM6-1_historical_r5i1p1f2_gr_185001-201412.nc,Amon,gr,185001-201412
CNRM-CM6-1,historical,r6i1p1f2,complete,,,./CNRM-CM6-1/historical/tas_Amon_CNRM-CM6-1_historical_r6i1p1f2_gr_185001-201412.nc,Amon,gr,185001-201412,./CNRM-CM6-1/historical/rsdt_Amon_CNRM-CM6-1_historical_r6i1p1f2_gr_185001-201412.nc,Amon,gr,185001-201412,./CNRM-CM6-1/historical/rlut_Amon_CNRM-CM6-1_historical_r6i1p1f2_gr_185001-201412.nc,Amon,gr,185001-201412,./CNRM-CM6-1/historical/rsut_Amon_CNRM-CM6-1_historical_r6i1p1f2_gr_185001-201412.nc,Amon,gr,185001-201412
CNRM-CM6-1,historical,r7i1p1f2,complete,,,./CNRM-CM6-1/historical/tas_Amon_CNRM-CM6-1_historical_r7i1p1f2_gr_185001-201412.nc,Amon,gr,185001-201412,./CNRM-CM6-1/historical/rsdt_Amon_CNRM-CM6-1_historical_r7i1p1f2_gr_185001-201412.nc,Amon,gr,185001-201412,./CNRM-CM6-1/historical/rlut_Amon_CNRM-CM6-1_historical_r7i1p1f2_gr_185001-201412.nc,Amon,gr,185001-201412,./CNRM-CM6-1/historical/rsut_Amon_CNRM-CM6-1_historical_r7i1p1f2_gr_185001-201412.nc,Amon,gr,185001-201412
CNRM-CM6-1,historical,r8i1p1f2,complete,,,./CNRM-CM6-1/historical/tas_Amon_CNRM-CM6-1_historical_r8i1p1f2_gr_185001-201412.nc,Amon,gr,185001-201412,./CNRM-CM6-1/historical/rsdt_Amon_CNRM-CM6-1_historical_r8i1p1f2_gr_185001-201412.nc,Amon,gr,185001-201412,./CNRM-CM6-1/historical/rlut_Amon_CNRM-CM6-1_historical_r8i1p1f2_gr_185001-201412.nc,Amon,gr,185001-201412,./CNRM-CM6-1/historical/rsut_Amon_CNRM-CM6-1_historical_r8i1p1f2_gr_185001-201412.nc,Amon,gr,185001-201412
CNRM-CM6-1,historical,r9i1p1f2,complete,,,./CNRM-CM6-1/historical/tas_Amon_CNRM-CM6-1_historical_r9i1p1f2_gr_185001-201412.nc,Amon,gr,185001-201412,./CNRM-CM6-1/historical/rsdt_Amon_CNRM-CM6-1_historical_r9i1p1f2_gr_185001-201412.nc,Amon,gr,185001-201412,./CNRM-CM6-1/historical/rlut_Amon_CNRM-CM6-1_historical_r9i1p1f2_gr_185001-201412.nc,Amon,gr,185001-201412,./CNRM-CM6-1/historical/rsut_Amon_CNRM-CM6-1_historical_r9i1p1f2_gr_185001-201412.nc,Amon,gr,185001-201412
CNRM-CM6-1,piClim-histall,r1i1p1f2,incomplete,tas,,,,,,./CNRM-CM6-1/piClim-histall/rsdt_Amon_CNRM-CM6-1_piClim-histall_r1i1p1f2_gr_185001-201412.nc,Amon,gr,185001-201412,./CNRM-CM6-1/piClim-histall/rlut_Amon_CNRM-CM6-1_piClim-histall_r1i1p1f2_gr_185001-201412.nc,Amon,gr,185001-201412,./CNRM-CM6-1/piClim-histall/rsut_Amon_CNRM-CM6-1_piClim-histall_r1i1p1f2_gr_185001-201412.nc,Amon,gr,185001-201412
CNRM-CM6-1-HR,amip-hist,r1i1p1f2,complete,,,./CNRM-CM6-1-HR/amip-hist/tas_Amon_CNRM-CM6-1-HR_amip-hist_r1i1p1f2_gr_187001-201412.nc,Amon,gr,187001-201412,./CNRM-CM6-1-HR/amip-hist/rsdt_Amon_CNRM-CM6-1-HR_amip-hist_r1i1p1f2_gr_187001-201412.nc,Amon,gr,187001-201412,./CNRM-CM6-1-HR/amip-hist/rlut_Amon_CNRM-CM6-1-HR_amip-hist_r1i1p1f2_gr_187001-201412.nc,Amon,gr,187001-201412,./CNRM-CM6-1-HR/amip-hist/rsut_Amon_CNRM-CM6-1-HR_amip-hist_r1i1p1f2_gr_187001-201412.nc,Amon,gr,187001-201412
CNRM-ESM2-1,amip-hist,r1i1p1f2,complete,,,./CNRM-ESM2-1/amip-hist/tas_Amon_CNRM-ESM2-1_amip-hist_r1i1p1f2_gr_187001-201412.nc,Amon,gr,187001-201412,./CNRM-ESM2-1/amip-hist/rsdt_Amon_CNRM-ESM2-1_amip-hist_r1i1p1f2_gr_187001-201412.nc,Amon,gr,187001-201412,./CNRM-ESM2-1/amip-hist/rlut_Amon_CNRM-ESM2-1_amip-hist_r1i1p1f2_gr_187001-201412.nc,Amon,gr,187001-201412,./CNRM-ESM2-1/amip-hist/rsut_Amon_CNRM-ESM2-1_amip-hist_r1i1p1f2_gr_187001-201412.nc,Amon,gr,187001-201412
CanESM5,abrupt-4xCO2,r1i1p2f1,incomplete,rsdt;rlut;rsut,,./CanESM5/abrupt-4xCO2/tas_Amon_CanESM5_abrupt-4xCO2_r1i1p2f1_gn_185001-200012.nc,Amon,gn,185001-200012,,,,,,,,,,,,
CanESM5,amip-hist,r10i1p2f1,complete,,,./CanESM5/amip-hist/tas_Amon_CanESM5_amip-hist_r10i1p2f1_gn_187001-201412.nc,Amon,gn,187001-201412,./CanESM5/amip-hist/rsdt_Amon_CanESM5_amip-hist_r10i1p2f1_gn_187001-201412.nc,Amon,gn,187001-201412,./CanESM5/amip-hist/rlut_Amon_CanESM5_amip-hist_r10i1p2f1_gn_187001-201412.nc,Amon,gn,187001-201412,./CanESM5/amip-hist/rsut_Amon_CanESM5_amip-hist_r10i1p2f1_gn_187001-201412.nc,Amon,gn,187001-201412
CanESM5,amip-hist,r1i1p2f1,complete,,,./CanESM5/amip-hist/tas_Amon_CanESM5_amip-hist_r1i1p2f1_gn_187001-201412.nc,Amon,gn,187001-201412,./CanESM5/amip-hist/rsdt_Amon_CanESM5_amip-hist_r1i1p2f1_gn_187001-201412.nc,Amon,gn,187001-201412,./CanESM5/amip-hist/rlut_Amon_CanESM5_amip-hist_r1i1p2f1_gn_187001-201412.nc,Amon,gn,187001-201412,./CanESM5/amip-hist/rsut_Amon_CanESM5_amip-hist_r1i1p2f1_gn_187001-201412.nc,Amon,gn,187001-201412
CanESM5,amip-hist,r2i1p2f1,complete,,,./CanESM5/amip-hist/tas_Amon_CanESM5_amip-hist_r2i1p2f1_gn_187001-201412.nc,Amon,gn,187001-201412,./CanESM5/amip-hist/rsdt_Amon_CanESM5_amip-hist_r2i1p2f1_gn_187001-201412.nc,Amon,gn,187001-201412,./CanESM5/amip-hist/rlut_Amon_CanESM5_amip-hist_r2i1p2f1_gn_187001-201412.nc,Amon,gn,187001-201412,./CanESM5/amip-hist/rsut_Amon_CanESM5_amip-hist_r2i1p2f1_gn_187001-201412.nc,Amon,gn,187001-201412
CanESM5,amip-hist,r3i1p2f1,complete,,,./CanESM5/amip-hist/tas_Amon_CanESM5_amip-hist_r3i1p2f1_gn_187001-201412.nc,Amon,gn,187001-201412,./CanESM5/amip-hist/rsdt_Amon_CanESM5_amip-hist_r3i1p2f1_gn_187001-201412.nc,Amon,gn,187001-201412,./CanESM5/amip-hist/rlut_Amon_CanESM5_amip-hist_r3i1p2f1_gn_187001-201412.nc,Amon,gn,187001-201412,./CanESM5/amip-hist/rsut_Amon_CanESM5_amip-hist_r3i1p2f1_gn_187001-201412.nc,Amon,gn,187001-201412
CanESM5,amip-hist,r4i1p2f1,complete,,,./CanESM5/amip-hist/tas_Amon_CanESM5_amip-hist_r4i1p2f1_gn_187001-201412.nc,Amon,gn,187001-201412,./CanESM5/amip-hist/rsdt_Amon_CanESM5_amip-hist_r4i1p2f1_gn_187001-201412.nc,Amon,gn,187001-201412,./CanESM5/amip-hist/rlut_Amon_CanESM5_amip-hist_r4i1p2f1_gn_187001-201412.nc,Amon,gn,187001-201412,./CanESM5/amip-hist/rsut_Amon_CanESM5_amip-hist_r4i1p2f1_gn_187001-201412.nc,Amon,gn,187001-201412
CanESM5,amip-hist,r5i1p2f1,complete,,,./CanESM5/amip-hist/tas_Amon_CanESM5_amip-hist_r5i1p2f1_gn_187001-201412.nc,Amon,gn,187001-201412,./CanESM5/amip-hist/rsdt_Amon_CanESM5_amip-hist_r5i1p2f1_gn_187001-201412.nc,Amon,gn,187001-201412,./CanESM5/amip-hist/rlut_Amon_CanESM5_amip-hist_r5i1p2f1_gn_187001-201412.nc,Amon,gn,187001-201412,./CanESM5/amip-hist/rsut_Amon_CanESM5_amip-hist_r5i1p2f1_gn_187001-201412.nc,Amon,gn,187001-201412
CanESM5,amip-hist,r6i1p2f1,complete,,,./CanESM5/amip-hist/tas_Amon_CanESM5_amip-hist_r6i1p2f1_gn_187001-201412.nc,Amon,gn,187001-201412,./CanESM5/amip-hist/rsdt_Amon_CanESM5_amip-hist_r6i1p2f1_gn_187001-201412.nc,Amon,gn,187001-201412,./CanESM5/amip-hist/rlut_Amon_CanESM5_amip-hist_r6i1p2f1_gn_187001-201412.nc,Amon,gn,187001-201412,./CanESM5/amip-hist/rsut_Amon_CanESM5_amip-hist_r6i1p2f1_gn_187001-201412.nc,Amon,gn,187001-201412
CanESM5,amip-hist,r7i1p2f1,complete,,,./CanESM5/amip-hist/tas_Amon_CanESM5_amip-hist_r7i1p2f1_gn_187001-201412.nc,Amon,gn,187001-201412,./CanESM5/amip-hist/rsdt_Amon_CanESM5_amip-hist_r7i1p2f1_gn_187001-201412.nc,Amon,gn,187001-201412,./CanESM5/amip-hist/rlut_Amon_CanESM5_amip-hist_r7i1p2f1_gn_187001-201412.nc,Amon,gn,187001-201412,./CanESM5/amip-hist/rsut_Amon_CanESM5_amip-hist_r7i1p2f1_gn_187001-201412.nc,Amon,gn,187001-201412
CanESM5,amip-hist,r8i1p2f1,complete,,,./CanESM5/amip-hist/tas_Amon_CanESM5_amip-hist_r8i1p2f1_gn_187001-201412.nc,Amon,gn,187001-201412,./CanESM5/amip-hist/rsdt_Amon_CanESM5_amip-hist_r8i1p2f1_gn_187001-201412.nc,Amon,gn,187001-201412,./CanESM5/amip-hist/rlut_Amon_CanESM5_amip-hist_r8i1p2f1_gn_187001-201412.nc,Amon,gn,187001-201412,./CanESM5/amip-hist/rsut_Amon_CanESM5_amip-hist_r8i1p2f1_gn_187001-201412.nc,Amon,gn,187001-201412
CanESM5,amip-hist,r9i1p2f1,complete,,,./CanESM5/amip-hist/tas_Amon_CanESM5_amip-hist_r9i1p2f1_gn_187001-201412.nc,Amon,gn,187001-201412,./CanESM5/amip-hist/rsdt_Amon_CanESM5_amip-hist_r9i1p2f1_gn_187001-201412.nc,Amon,gn,187001-201412,./CanESM5/amip-hist/rlut_Amon_CanESM5_amip-hist_r9i1p2f1_gn_187001-201412.nc,Amon,gn,187001-201412,./CanESM5/amip-hist/rsut_Amon_CanESM5_amip-hist_r9i1p2f1_gn_187001-201412.nc,Amon,gn,187001-201412
CanESM5,amip-piForcing,r1i1p2f1,complete,,,./CanESM5/amip-piForcing/tas_Amon_CanESM5_amip-piForcing_r1i1p2f1_gn_187001-201412.nc,Amon,gn,187001-201412,./CanESM5/amip-piForcing/rsdt_Amon_CanESM5_amip-piForcing_r1i1p2f1_gn_187001-201412.nc,Amon,gn,187001-201412,./CanESM5/amip-piForcing/rlut_Amon_CanESM5_amip-piForcing_r1i1p2f1_gn_187001-201412.nc,Amon,gn,187001-201412,./CanESM5/amip-piForcing/rsut_Amon_CanESM5_amip-piForcing_r1i1p2f1_gn_187001-201412.nc,Amon,gn,187001-201412
CanESM5,amip-piForcing,r2i1p2f1,complete,,,./CanESM5/amip-piForcing/tas_Amon_CanESM5_amip-piForcing_r2i1p2f1_gn_187001-201412.nc,Amon,gn,187001-201412,./CanESM5/amip-piForcing/rsdt_Amon_CanESM5_amip-piForcing_r2i1p2f1_gn_187001-201412.nc,Amon,gn,187001-201412,./CanESM5/amip-piForcing/rlut_Amon_CanESM5_amip-piForcing_r2i1p2f1_gn_187001-201412.nc,Amon,gn,187001-201412,./CanESM5/amip-piForcing/rsut_Amon_CanESM5_amip-piForcing_r2i1p2f1_gn_187001-201412.nc,Amon,gn,187001-201412
CanESM5,amip-piForcing,r3i1p2f1,complete,,,./CanESM5/amip-piForcing/tas_Amon_CanESM5_amip-piForcing_r3i1p2f1_gn_187001-201412.nc,Amon,gn,187001-201412,./CanESM5/amip-piForcing/rsdt_Amon_CanESM5_amip-piForcing_r3i1p2f1_gn_187001-201412.nc,Amon,gn,187001-201412,./CanESM5/amip-piForcing/rlut_Amon_CanESM5_amip-piForcing_r3i1p2f1_gn_187001-201412.nc,Amon,gn,187001-201412,./CanESM5/amip-piForcing/rsut_Amon_CanESM5_amip-piForcing_r3i1p2f1_gn_187001-201412.nc,Amon,gn,187001-201412
CanESM5,historical,r10i1p2f1,complete,,,./CanESM5/historical/tas_Amon_CanESM5_historical_r10i1p2f1_gn_185001-201412.nc,Amon,gn,185001-201412,./CanESM5/historical/rsdt_Amon_CanESM5_historical_r10i1p2f1_gn_185001-201412.nc,Amon,gn,185001-201412,./CanESM5/historical/rlut_Amon_CanESM5_historical_r10i1p2f1_gn_185001-201412.nc,Amon,gn,185001-201412,./CanESM5/historical/rsut_Amon_CanESM5_historical_r10i1p2f1_gn_185001-201412.nc,Amon,gn,185001-201412
CanESM5,historical,r11i1p2f1,complete,,,./CanESM5/historical/tas_Amon_CanESM5_historical_r11i1p2f1_gn_185001-201412.nc,Amon,gn,185001-201412,./CanESM5/historical/rsdt_Amon_CanESM5_historical_r11i1p2f1_gn_185001-201412.nc,Amon,gn,185001-201412,./CanESM5/historical/rlut_Amon_CanESM5_historical_r11i1p2f1_gn_185001-201412.nc,Amon,gn,185001-201412,./CanESM5/historical/rsut_Amon_CanESM5_historical_r11i1p2f1_gn_185001-201412.nc,Amon,gn,185001-201412
CanESM5,historical,r12i1p2f1,complete,,,./CanESM5/historical/tas_Amon_CanESM5_historical_r12i1p2f1_gn_185001-201412.nc,Amon,gn,185001-201412,./CanESM5/historical/rsdt_Amon_CanESM5_historical_r12i1p2f1_gn_185001-201412.nc,Amon,gn,185001-201412,./CanESM5/historical/rlut_Amon_CanESM5_historical_r12i1p2f1_gn_185001-201412.nc,Amon,gn,185001-201412,./CanESM5/historical/rsut_Amon_CanESM5_historical_r12i1p2f1_gn_185001-201412.nc,Amon,gn,185001-201412
CanESM5,historical,r13i1p2f1,complete,,,./CanESM5/historical/tas_Amon_CanESM5_historical_r13i1p2f1_gn_185001-201412.nc,Amon,gn,185001-201412,./CanESM5/historical/rsdt_Amon_CanESM5_historical_r13i1p2f1_gn_185001-201412.nc,Amon,gn,185001-201412,./CanESM5/historical/rlut_Amon_CanESM5_historical_r13i1p2f1_gn_185001-201412.nc,Amon,gn,185001-201412,./CanESM5/historical/rsut_Amon_CanESM5_historical_r13i1p2f1_gn_185001-201412.nc,Amon,gn,185001-201412
CanESM5,historical,r14i1p2f1,complete,,,./CanESM5/historical/tas_Amon_CanESM5_historical_r14i1p2f1_gn_185001-201412.nc,Amon,gn,185001-201412,./CanESM5/historical/rsdt_Amon_CanESM5_historical_r14i1p2f1_gn_185001-201412.nc,Amon,gn,185001-201412,./CanESM5/historical/rlut_Amon_CanESM5_historical_r14i1p2f1_gn_185001-201412.nc,Amon,gn,185001-201412,./CanESM5/historical/rsut_Amon_CanESM5_historical_r14i1p2f1_gn_185001-201412.nc,Amon,gn,185001-201412
CanESM5,historical,r15i1p2f1,complete,,,./CanESM5/historical/tas_Amon_CanESM5_historical_r15i1p2f1_gn_185001-201412.nc,Amon,gn,185001-201412,./CanESM5/historical/rsdt_Amon_CanESM5_historical_r15i1p2f1_gn_185001-201412.nc,Amon,gn,185001-201412,./CanESM5/historical/rlut_Amon_CanESM5_historical_r15i1p2f1_gn_185001-201412.nc,Amon,gn,185001-201412,./CanESM5/historical/rsut_Amon_CanESM5_historical_r15i1p2f1_gn_185001-201412.nc,Amon,gn,185001-201412
CanESM5,historical,r16i1p2f1,complete,,,./CanESM5/historical/tas_Amon_CanESM5_historical_r16i1p2f1_gn_185001-201412.nc,Amon,gn,185001-201412,./CanESM5/historical/rsdt_Amon_CanESM5_historical_r16i1p2f1_gn_185001-201412.nc,Amon,gn,185001-201412,./CanESM5/historical/rlut_Amon_CanESM5_historical_r16i1p2f1_gn_185001-201412.nc,Amon,gn,185001-201412,./CanESM5/historical/rsut_Amon_CanESM5_historical_r16i1p2f1_gn_185001-201412.nc,Amon,gn,185001-201412
CanESM5,historical,r17i1p2f1,complete,,,./CanESM5/historical/tas_Amon_CanESM5_historical_r17i1p2f1_gn_185001-201412.nc,Amon,gn,185001-201412,./CanESM5/historical/rsdt_Amon_CanESM5_historical_r17i1p2f1_gn_185001-201412.nc,Amon,gn,185001-201412,./CanESM5/historical/rlut_Amon_CanESM5_historical_r17i1p2f1_gn_185001-201412.nc,Amon,gn,185001-201412,./CanESM5/historical/rsut_Amon_CanESM5_historical_r17i1p2f1_gn_185001-201412.nc,Amon,gn,185001-201412
CanESM5,historical,r18i1p2f1,complete,,,./CanESM5/historical/tas_Amon_CanESM5_historical_r18i1p2f1_gn_185001-201412.nc,Amon,gn,185001-201412,./CanESM5/historical/rsdt_Amon_CanESM5_historical_r18i1p2f1_gn_185001-201412.nc,Amon,gn,185001-201412,./CanESM5/historical/rlut_Amon_CanESM5_historical_r18i1p2f1_gn_185001-201412.nc,Amon,gn,185001-201412,./CanESM5/historical/rsut_Amon_CanESM5_historical_r18i1p2f1_gn_185001-201412.nc,Amon,gn,185001-201412
CanESM5,historical,r19i1p2f1,complete,,,./CanESM5/historical/tas_Amon_CanESM5_historical_r19i1p2f1_gn_185001-201412.nc,Amon,gn,185001-201412,./CanESM5/historical/rsdt_Amon_CanESM5_historical_r19i1p2f1_gn_185001-201412.nc,Amon,gn,185001-201412,./CanESM5/historical/rlut_Amon_CanESM5_historical_r19i1p2f1_gn_185001-201412.nc,Amon,gn,185001-201412,./CanESM5/historical/rsut_Amon_CanESM5_historical_r19i1p2f1_gn_185001-201412.nc,Amon,gn,185001-201412
CanESM5,historical,r1i1p2f1,complete,,,./CanESM5/historical/tas_Amon_CanESM5_historical_r1i1p2f1_gn_185001-201412.nc,Amon,gn,185001-201412,./CanESM5/historical/rsdt_Amon_CanESM5_historical_r1i1p2f1_gn_185001-201412.nc,Amon,gn,185001-201412,./CanESM5/historical/rlut_Amon_CanESM5_historical_r1i1p2f1_gn_185001-201412.nc,Amon,gn,185001-201412,./CanESM5/historical/rsut_Amon_CanESM5_historical_r1i1p2f1_gn_185001-201412.nc,Amon,gn,185001-201412
CanESM5,historical,r20i1p2f1,complete,,,./CanESM5/historical/tas_Amon_CanESM5_historical_r20i1p2f1_gn_185001-201412.nc,Amon,gn,185001-201412,./CanESM5/historical/rsdt_Amon_CanESM5_historical_r20i1p2f1_gn_185001-201412.nc,Amon,gn,185001-201412,./CanESM5/historical/rlut_Amon_CanESM5_historical_r20i1p2f1_gn_185001-201412.nc,Amon,gn,185001-201412,./CanESM5/historical/rsut_Amon_CanESM5_historical_r20i1p2f1_gn_185001-201412.nc,Amon,gn,185001-201412
CanESM5,historical,r21i1p2f1,complete,,,./CanESM5/historical/tas_Amon_CanESM5_historical_r21i1p2f1_gn_185001-201412.nc,Amon,gn,185001-201412,./CanESM5/historical/rsdt_Amon_CanESM5_historical_r21i1p2f1_gn_185001-201412.nc,Amon,gn,185001-201412,./CanESM5/historical/rlut_Amon_CanESM5_historical_r21i1p2f1_gn_185001-201412.nc,Amon,gn,185001-201412,./CanESM5/historical/rsut_Amon_CanESM5_historical_r21i1p2f1_gn_185001-201412.nc,Amon,gn,185001-201412
CanESM5,historical,r22i1p2f1,complete,,,./CanESM5/historical/tas_Amon_CanESM5_historical_r22i1p2f1_gn_185001-201412.nc,Amon,gn,185001-201412,./CanESM5/historical/rsdt_Amon_CanESM5_historical_r22i1p2f1_gn_185001-201412.nc,Amon,gn,185001-201412,./CanESM5/historical/rlut_Amon_CanESM5_historical_r22i1p2f1_gn_185001-201412.nc,Amon,gn,185001-201412,./CanESM5/historical/rsut_Amon_CanESM5_historical_r22i1p2f1_gn_185001-201412.nc,Amon,gn,185001-201412
CanESM5,historical,r23i1p2f1,complete,,,./CanESM5/historical/tas_Amon_CanESM5_historical_r23i1p2f1_gn_185001-201412.nc,Amon,gn,185001-201412,./CanESM5/historical/rsdt_Amon_CanESM5_historical_r23i1p2f1_gn_185001-201412.nc,Amon,gn,185001-201412,./CanESM5/historical/rlut_Amon_CanESM5_historical_r23i1p2f1_gn_185001-201412.nc,Amon,gn,185001-201412,./CanESM5/historical/rsut_Amon_CanESM5_historical_r23i1p2f1_gn_185001-201412.nc,Amon,gn,185001-201412
CanESM5,historical,r24i1p2f1,complete,,,./CanESM5/historical/tas_Amon_CanESM5_historical_r24i1p2f1_gn_185001-201412.nc,Amon,gn,185001-201412,./CanESM5/historical/rsdt_Amon_CanESM5_historical_r24i1p2f1_gn_185001-201412.nc,Amon,gn,185001-201412,./CanESM5/historical/rlut_Amon_CanESM5_historical_r24i1p2f1_gn_185001-201412.nc,Amon,gn,185001-201412,./CanESM5/historical/rsut_Amon_CanESM5_historical_r24i1p2f1_gn_185001-201412.nc,Amon,gn,185001-201412
CanESM5,historical,r25i1p2f1,complete,,,./CanESM5/historical/tas_Amon_CanESM5_historical_r25i1p2f1_gn_185001-201412.nc,Amon,gn,185001-201412,./CanESM5/historical/rsdt_Amon_CanESM5_historical_r25i1p2f1_gn_185001-201412.nc,Amon,gn,185001-201412,./CanESM5/historical/rlut_Amon_CanESM5_historical_r25i1p2f1_gn_185001-201412.nc,Amon,gn,185001-201412,./CanESM5/historical/rsut_Amon_CanESM5_historical_r25i1p2f1_gn_185001-201412.nc,Amon,gn,185001-201412
CanESM5,historical,r26i1p2f1,incomplete,rsdt;rlut;rsut,,./CanESM5/historical/tas_Amon_CanESM5_historical_r26i1p2f1_gn_185001-201412.nc,Amon,gn,185001-201412,,,,,,,,,,,,
CanESM5,historical,r27i1p2f1,incomplete,rsdt;rlut;rsut,,./CanESM5/historical/tas_Amon_CanESM5_historical_r27i1p2f1_gn_185001-201412.nc,Amon,gn,185001-201412,,,,,,,,,,,,
CanESM5,historical,r28i1p2f1,incomplete,rsdt;rlut;rsut,,./CanESM5/historical/tas_Amon_CanESM5_historical_r28i1p2f1_gn_185001-201412.nc,Amon,gn,185001-201412,,,,,,,,,,,,
CanESM5,historical,r29i1p2f1,incomplete,rsdt;rlut;rsut,,./CanESM5/historical/tas_Amon_CanESM5_historical_r29i1p2f1_gn_185001-201412.nc,Amon,gn,185001-201412,,,,,,,,,,,,
CanESM5,historical,r2i1p2f1,complete,,,./CanESM5/historical/tas_Amon_CanESM5_historical_r2i1p2f1_gn_185001-201412.nc,Amon,gn,185001-201412,./CanESM5/historical/rsdt_Amon_CanESM5_historical_r2i1p2f1_gn_185001-201412.nc,Amon,gn,185001-201412,./CanESM5/historical/rlut_Amon_CanESM5_historical_r2i1p2f1_gn_185001-201412.nc,Amon,gn,185001-201412,./CanESM5/historical/rsut_Amon_CanESM5_historical_r2i1p2f1_gn_185001-201412.nc,Amon,gn,185001-201412
CanESM5,historical,r30i1p2f1,incomplete,rsdt;rlut;rsut,,./CanESM5/historical/tas_Amon_CanESM5_historical_r30i1p2f1_gn_185001-201412.nc,Amon,gn,185001-201412,,,,,,,,,,,,
CanESM5,historical,r31i1p2f1,incomplete,rsdt;rlut;rsut,,./CanESM5/historical/tas_Amon_CanESM5_historical_r31i1p2f1_gn_185001-201412.nc,Amon,gn,185001-201412,,,,,,,,,,,,
CanESM5,historical,r32i1p2f1,incomplete,rsdt;rlut;rsut,,./CanESM5/historical/tas_Amon_CanESM5_historical_r32i1p2f1_gn_185001-201412.nc,Amon,gn,185001-201412,,,,,,,,,,,,
CanESM5,historical,r33i1p2f1,incomplete,rsdt;rlut;rsut,,./CanESM5/historical/tas_Amon_CanESM5_historical_r33i1p2f1_gn_185001-201412.nc,Amon,gn,185001-201412,,,,,,,,,,,,
CanESM5,historical,r34i1p2f1,incomplete,rsdt;rlut;rsut,,./CanESM5/historical/tas_Amon_CanESM5_historical_r34i1p2f1_gn_185001-201412.nc,Amon,gn,185001-201412,,,,,,,,,,,,
CanESM5,historical,r35i1p2f1,incomplete,rsdt;rlut;rsut,,./CanESM5/historical/tas_Amon_CanESM5_historical_r35i1p2f1_gn_185001-201412.nc,Amon,gn,185001-201412,,,,,,,,,,,,
CanESM5,historical,r36i1p2f1,incomplete,rsdt;rlut;rsut,,./CanESM5/historical/tas_Amon_CanESM5_historical_r36i1p2f1_gn_185001-201412.nc,Amon,gn,185001-201412,,,,,,,,,,,,
CanESM5,historical,r37i1p2f1,incomplete,rsdt;rlut;rsut,,./CanESM5/historical/tas_Amon_CanESM5_historical_r37i1p2f1_gn_185001-201412.nc,Amon,gn,185001-201412,,,,,,,,,,,,
CanESM5,historical,r38i1p2f1,incomplete,rsdt;rlut;rsut,,./CanESM5/historical/tas_Amon_CanESM5_historical_r38i1p2f1_gn_185001-201412.nc,Amon,gn,185001-201412,,,,,,,,,,,,
CanESM5,historical,r39i1p2f1,incomplete,rsdt;rlut;rsut,,./CanESM5/historical/tas_Amon_CanESM5_historical_r39i1p2f1_gn_185001-201412.nc,Amon,gn,185001-201412,,,,,,,,,,,,
CanESM5,historical,r3i1p2f1,complete,,,./CanESM5/historical/tas_Amon_CanESM5_historical_r3i1p2f1_gn_185001-201412.nc,Amon,gn,185001-201412,./CanESM5/historical/rsdt_Amon_CanESM5_historical_r3i1p2f1_gn_185001-201412.nc,Amon,gn,185001-201412,./CanESM5/historical/rlut_Amon_CanESM5_historical_r3i1p2f1_gn_185001-201412.nc,Amon,gn,185001-201412,./CanESM5/historical/rsut_Amon_CanESM5_historical_r3i1p2f1_gn_185001-201412.nc,Amon,gn,185001-201412
CanESM5,historical,r40i1p2f1,incomplete,rsdt;rlut;rsut,,./CanESM5/historical/tas_Amon_CanESM5_historical_r40i1p2f1_gn_185001-201412.nc,Amon,gn,185001-201412,,,,,,,,,,,,
CanESM5,historical,r4i1p2f1,complete,,,./CanESM5/historical/tas_Amon_CanESM5_historical_r4i1p2f1_gn_185001-201412.nc,Amon,gn,185001-201412,./CanESM5/historical/rsdt_Amon_CanESM5_historical_r4i1p2f1_gn_185001-201412.nc,Amon,gn,185001-201412,./CanESM5/historical/rlut_Amon_CanESM5_historical_r4i1p2f1_gn_185001-201412.nc,Amon,gn,185001-201412,./CanESM5/historical/rsut_Amon_CanESM5_historical_r4i1p2f1_gn_185001-201412.nc,Amon,gn,185001-201412
CanESM5,historical,r5i1p2f1,complete,,,./CanESM5/historical/tas_Amon_CanESM5_historical_r5i1p2f1_gn_185001-201412.nc,Amon,gn,185001-201412,./CanESM5/historical/rsdt_Amon_CanESM5_historical_r5i1p2f1_gn_185001-201412.nc,Amon,gn,185001-201412,./CanESM5/historical/rlut_Amon_CanESM5_historical_r5i1p2f1_gn_185001-201412.nc,Amon,gn,185001-201412,./CanESM5/historical/rsut_Amon_CanESM5_historical_r5i1p2f1_gn_185001-201412.nc,Amon,gn,185001-201412
CanESM5,historical,r6i1p2f1,complete,,,./CanESM5/historical/tas_Amon_CanESM5_historical_r6i1p2f1_gn_185001-201412.nc,Amon,gn,185001-201412,./CanESM5/historical/rsdt_Amon_CanESM5_historical_r6i1p2f1_gn_185001-201412.nc,Amon,gn,185001-201412,./CanESM5/historical/rlut_Amon_CanESM5_historical_r6i1p2f1_gn_185001-201412.nc,Amon,gn,185001-201412,./CanESM5/historical/rsut_Amon_CanESM5_historical_r6i1p2f1_gn_185001-201412.nc,Amon,gn,185001-201412
CanESM5,historical,r7i1p2f1,complete,,,./CanESM5/historical/tas_Amon_CanESM5_historical_r7i1p2f1_gn_185001-201412.nc,Amon,gn,185001-201412,./CanESM5/historical/rsdt_Amon_CanESM5_historical_r7i1p2f1_gn_185001-201412.nc,Amon,gn,185001-201412,./CanESM5/historical/rlut_Amon_CanESM5_historical_r7i1p2f1_gn_185001-201412.nc,Amon,gn,185001-201412,./CanESM5/historical/rsut_Amon_CanESM5_historical_r7i1p2f1_gn_185001-201412.nc,Amon,gn,185001-201412
CanESM5,historical,r8i1p2f1,complete,,,./CanESM5/historical/tas_Amon_CanESM5_historical_r8i1p2f1_gn_185001-201412.nc,Amon,gn,185001-201412,./CanESM5/historical/rsdt_Amon_CanESM5_historical_r8i1p2f1_gn_185001-201412.nc,Amon,gn,185001-201412,./CanESM5/historical/rlut_Amon_CanESM5_historical_r8i1p2f1_gn_185001-201412.nc,Amon,gn,185001-201412,./CanESM5/historical/rsut_Amon_CanESM5_historical_r8i1p2f1_gn_185001-201412.nc,Amon,gn,185001-201412
CanESM5,historical,r9i1p2f1,complete,,,./CanESM5/historical/tas_Amon_CanESM5_historical_r9i1p2f1_gn_185001-201412.nc,Amon,gn,185001-201412,./CanESM5/historical/rsdt_Amon_CanESM5_historical_r9i1p2f1_gn_185001-201412.nc,Amon,gn,185001-201412,./CanESM5/historical/rlut_Amon_CanESM5_historical_r9i1p2f1_gn_185001-201412.nc,Amon,gn,185001-201412,./CanESM5/historical/rsut_Amon_CanESM5_historical_r9i1p2f1_gn_185001-201412.nc,Amon,gn,185001-201412
CanESM5,piClim-histall,r1i1p2f1,ambiguous,tas,rsdt;rlut;rsut,,,,,./CanESM5/piClim-histall/rsdt_Amon_CanESM5_piClim-histall_r1i1p2f1_gn_185001-201412.nc;./CanESM5/piClim-histall/rsdt_Amon_CanESM5_piClim-histall_r1i1p2f1_gn_201501-210012.nc,Amon;Amon,gn;gn,185001-201412;201501-210012,./CanESM5/piClim-histall/rlut_Amon_CanESM5_piClim-histall_r1i1p2f1_gn_185001-201412.nc;./CanESM5/piClim-histall/rlut_Amon_CanESM5_piClim-histall_r1i1p2f1_gn_201501-210012.nc,Amon;Amon,gn;gn,185001-201412;201501-210012,./CanESM5/piClim-histall/rsut_Amon_CanESM5_piClim-histall_r1i1p2f1_gn_185001-201412.nc;./CanESM5/piClim-histall/rsut_Amon_CanESM5_piClim-histall_r1i1p2f1_gn_201501-210012.nc,Amon;Amon,gn;gn,185001-201412;201501-210012
CanESM5,piClim-histall,r2i1p2f1,ambiguous,tas,rsdt;rlut;rsut,,,,,./CanESM5/piClim-histall/rsdt_Amon_CanESM5_piClim-histall_r2i1p2f1_gn_185001-201412.nc;./CanESM5/piClim-histall/rsdt_Amon_CanESM5_piClim-histall_r2i1p2f1_gn_201501-210012.nc,Amon;Amon,gn;gn,185001-201412;201501-210012,./CanESM5/piClim-histall/rlut_Amon_CanESM5_piClim-histall_r2i1p2f1_gn_185001-201412.nc;./CanESM5/piClim-histall/rlut_Amon_CanESM5_piClim-histall_r2i1p2f1_gn_201501-210012.nc,Amon;Amon,gn;gn,185001-201412;201501-210012,./CanESM5/piClim-histall/rsut_Amon_CanESM5_piClim-histall_r2i1p2f1_gn_185001-201412.nc;./CanESM5/piClim-histall/rsut_Amon_CanESM5_piClim-histall_r2i1p2f1_gn_201501-210012.nc,Amon;Amon,gn;gn,185001-201412;201501-210012
CanESM5,piClim-histall,r3i1p2f1,ambiguous,tas,rsdt;rlut;rsut,,,,,./CanESM5/piClim-histall/rsdt_Amon_CanESM5_piClim-histall_r3i1p2f1_gn_185001-201412.nc;./CanESM5/piClim-histall/rsdt_Amon_CanESM5_piClim-histall_r3i1p2f1_gn_201501-210012.nc,Amon;Amon,gn;gn,185001-201412;201501-210012,./CanESM5/piClim-histall/rlut_Amon_CanESM5_piClim-histall_r3i1p2f1_gn_185001-201412.nc;./CanESM5/piClim-histall/rlut_Amon_CanESM5_piClim-histall_r3i1p2f1_gn_201501-210012.nc,Amon;Amon,gn;gn,185001-201412;201501-210012,./CanESM5/piClim-histall/rsut_Amon_CanESM5_piClim-histall_r3i1p2f1_gn_185001-201412.nc;./CanESM5/piClim-histall/rsut_Amon_CanESM5_piClim-histall_r3i1p2f1_gn_201501-210012.nc,Amon;Amon,gn;gn,185001-201412;201501-210012
CanESM5,ssp245,r10i1p2f1,complete,,,./CanESM5/ssp245/tas_Amon_CanESM5_ssp245_r10i1p2f1_gn_201501-210012.nc,Amon,gn,201501-210012,./CanESM5/ssp245/rsdt_Amon_CanESM5_ssp245_r10i1p2f1_gn_201501-210012.nc,Amon,gn,201501-210012,./CanESM5/ssp245/rlut_Amon_CanESM5_ssp245_r10i1p2f1_gn_201501-210012.nc,Amon,gn,201501-210012,./CanESM5/ssp245/rsut_Amon_CanESM5_ssp245_r10i1p2f1_gn_201501-210012.nc,Amon,gn,201501-210012
CanESM5,ssp245,r11i1p2f1,complete,,,./CanESM5/ssp245/tas_Amon_CanESM5_ssp245_r11i1p2f1_gn_201501-210012.nc,Amon,gn,201501-210012,./CanESM5/ssp245/rsdt_Amon_CanESM5_ssp245_r11i1p2f1_gn_201501-210012.nc,Amon,gn,201501-210012,./CanESM5/ssp245/rlut_Amon_CanESM5_ssp245_r11i1p2f1_gn_201501-210012.nc,Amon,gn,201501-210012,./CanESM5/ssp245/rsut_Amon_CanESM5_ssp245_r11i1p2f1_gn_201501-210012.nc,Amon,gn,201501-210012
CanESM5,ssp245,r12i1p2f1,complete,,,./CanESM5/ssp245/tas_Amon_CanESM5_ssp245_r12i1p2f1_gn_201501-210012.nc,Amon,gn,201501-210012,./CanESM5/ssp245/rsdt_Amon_CanESM5_ssp245_r12i1p2f1_gn_201501-210012.nc,Amon,gn,201501-210012,./CanESM5/ssp245/rlut_Amon_CanESM5_ssp245_r12i1p2f1_gn_201501-210012.nc,Amon,gn,201501-210012,./CanESM5/ssp245/rsut_Amon_CanESM5_ssp245_r12i1p2f1_gn_201501-210012.nc,Amon,gn,201501-210012
CanESM5,ssp245,r13i1p2f1,complete,,,./CanESM5/ssp245/tas_Amon_CanESM5_ssp245_r13i1p2f1_gn_201501-210012.nc,Amon,gn,201501-210012,./CanESM5/ssp245/rsdt_Amon_CanESM5_ssp245_r13i1p2f1_gn_201501-210012.nc,Amon,gn,201501-210012,./CanESM5/ssp245/rlut_Amon_CanESM5_ssp245_r13i1p2f1_gn_201501-210012.nc,Amon,gn,201501-210012,./CanESM5/ssp245/rsut_Amon_CanESM5_ssp245_r13i1p2f1_gn_201501-210012.nc,Amon,gn,201501-210012
CanESM5,ssp245,r14i1p2f1,complete,,,./CanESM5/ssp245/tas_Amon_CanESM5_ssp245_r14i1p2f1_gn_201501-210012.nc,Amon,gn,201501-210012,./CanESM5/ssp245/rsdt_Amon_CanESM5_ssp245_r14i1p2f1_gn_201501-210012.nc,Amon,gn,201501-210012,./CanESM5/ssp245/rlut_Amon_CanESM5_ssp245_r14i1p2f1_gn_201501-210012.nc,Amon,gn,201501-210012,./CanESM5/ssp245/rsut_Amon_CanESM5_ssp245_r14i1p2f1_gn_201501-210012.nc,Amon,gn,201501-210012
CanESM5,ssp245,r15i1p2f1,complete,,,./CanESM5/ssp245/tas_Amon_CanESM5_ssp245_r15i1p2f1_gn_201501-210012.nc,Amon,gn,201501-210012,./CanESM5/ssp245/rsdt_Amon_CanESM5_ssp245_r15i1p2f1_gn_201501-210012.nc,Amon,gn,201501-210012,./CanESM5/ssp245/rlut_Amon_CanESM5_ssp245_r15i1p2f1_gn_201501-210012.nc,Amon,gn,201501-210012,./CanESM5/ssp245/rsut_Amon_CanESM5_ssp245_r15i1p2f1_gn_201501-210012.nc,Amon,gn,201501-210012
CanESM5,ssp245,r16i1p2f1,complete,,,./CanESM5/ssp245/tas_Amon_CanESM5_ssp245_r16i1p2f1_gn_201501-210012.nc,Amon,gn,201501-210012,./CanESM5/ssp245/rsdt_Amon_CanESM5_ssp245_r16i1p2f1_gn_201501-210012.nc,Amon,gn,201501-210012,./CanESM5/ssp245/rlut_Amon_CanESM5_ssp245_r16i1p2f1_gn_201501-210012.nc,Amon,gn,201501-210012,./CanESM5/ssp245/rsut_Amon_CanESM5_ssp245_r16i1p2f1_gn_201501-210012.nc,Amon,gn,201501-210012
CanESM5,ssp245,r17i1p2f1,complete,,,./CanESM5/ssp245/tas_Amon_CanESM5_ssp245_r17i1p2f1_gn_201501-210012.nc,Amon,gn,201501-210012,./CanESM5/ssp245/rsdt_Amon_CanESM5_ssp245_r17i1p2f1_gn_201501-210012.nc,Amon,gn,201501-210012,./CanESM5/ssp245/rlut_Amon_CanESM5_ssp245_r17i1p2f1_gn_201501-210012.nc,Amon,gn,201501-210012,./CanESM5/ssp245/rsut_Amon_CanESM5_ssp245_r17i1p2f1_gn_201501-210012.nc,Amon,gn,201501-210012
CanESM5,ssp245,r18i1p2f1,complete,,,./CanESM5/ssp245/tas_Amon_CanESM5_ssp245_r18i1p2f1_gn_201501-210012.nc,Amon,gn,201501-210012,./CanESM5/ssp245/rsdt_Amon_CanESM5_ssp245_r18i1p2f1_gn_201501-210012.nc,Amon,gn,201501-210012,./CanESM5/ssp245/rlut_Amon_CanESM5_ssp245_r18i1p2f1_gn_201501-210012.nc,Amon,gn,201501-210012,./CanESM5/ssp245/rsut_Amon_CanESM5_ssp245_r18i1p2f1_gn_201501-210012.nc,Amon,gn,201501-210012
CanESM5,ssp245,r19i1p2f1,complete,,,./CanESM5/ssp245/tas_Amon_CanESM5_ssp245_r19i1p2f1_gn_201501-210012.nc,Amon,gn,201501-210012,./CanESM5/ssp245/rsdt_Amon_CanESM5_ssp245_r19i1p2f1_gn_201501-210012.nc,Amon,gn,201501-210012,./CanESM5/ssp245/rlut_Amon_CanESM5_ssp245_r19i1p2f1_gn_201501-210012.nc,Amon,gn,201501-210012,./CanESM5/ssp245/rsut_Amon_CanESM5_ssp245_r19i1p2f1_gn_201501-210012.nc,Amon,gn,201501-210012
CanESM5,ssp245,r1i1p2f1,complete,,,./CanESM5/ssp245/tas_Amon_CanESM5_ssp245_r1i1p2f1_gn_201501-210012.nc,Amon,gn,201501-210012,./CanESM5/ssp245/rsdt_Amon_CanESM5_ssp245_r1i1p2f1_gn_201501-210012.nc,Amon,gn,201501-210012,./CanESM5/ssp245/rlut_Amon_CanESM5_ssp245_r1i1p2f1_gn_201501-210012.nc,Amon,gn,201501-210012,./CanESM5/ssp245/rsut_Amon_CanESM5_ssp245_r1i1p2f1_gn_201501-210012.nc,Amon,gn,201501-210012
CanESM5,ssp245,r20i1p2f1,complete,,,./CanESM5/ssp245/tas_Amon_CanESM5_ssp245_r20i1p2f1_gn_201501-210012.nc,Amon,gn,201501-210012,./CanESM5/ssp245/rsdt_Amon_CanESM5_ssp245_r20i1p2f1_gn_201501-210012.nc,Amon,gn,201501-210012,./CanESM5/ssp245/rlut_Amon_CanESM5_ssp245_r20i1p2f1_gn_201501-210012.nc,Amon,gn,201501-210012,./CanESM5/ssp245/rsut_Amon_CanESM5_ssp245_r20i1p2f1_gn_201501-210012.nc,Amon,gn,201501-210012
CanESM5,ssp245,r21i1p2f1,complete,,,./CanESM5/ssp245/tas_Amon_CanESM5_ssp245_r21i1p2f1_gn_201501-210012.nc,Amon,gn,201501-210012,./CanESM5/ssp245/rsdt_Amon_CanESM5_ssp245_r21i1p2f1_gn_201501-210012.nc,Amon,gn,201501-210012,./CanESM5/ssp245/rlut_Amon_CanESM5_ssp245_r21i1p2f1_gn_201501-210012.nc,Amon,gn,201501-210012,./CanESM5/ssp245/rsut_Amon_CanESM5_ssp245_r21i1p2f1_gn_201501-210012.nc,Amon,gn,201501-210012
CanESM5,ssp245,r22i1p2f1,complete,,,./CanESM5/ssp245/tas_Amon_CanESM5_ssp245_r22i1p2f1_gn_201501-210012.nc,Amon,gn,201501-210012,./CanESM5/ssp245/rsdt_Amon_CanESM5_ssp245_r22i1p2f1_gn_201501-210012.nc,Amon,gn,201501-210012,./CanESM5/ssp245/rlut_Amon_CanESM5_ssp245_r22i1p2f1_gn_201501-210012.nc,Amon,gn,201501-210012,./CanESM5/ssp245/rsut_Amon_CanESM5_ssp245_r22i1p2f1_gn_201501-210012.nc,Amon,gn,201501-210012
CanESM5,ssp245,r23i1p2f1,complete,,,./CanESM5/ssp245/tas_Amon_CanESM5_ssp245_r23i1p2f1_gn_201501-210012.nc,Amon,gn,201501-210012,./CanESM5/ssp245/rsdt_Amon_CanESM5_ssp245_r23i1p2f1_gn_201501-210012.nc,Amon,gn,201501-210012,./CanESM5/ssp245/rlut_Amon_CanESM5_ssp245_r23i1p2f1_gn_201501-210012.nc,Amon,gn,201501-210012,./CanESM5/ssp245/rsut_Amon_CanESM5_ssp245_r23i1p2f1_gn_201501-210012.nc,Amon,gn,201501-210012
CanESM5,ssp245,r24i1p2f1,complete,,,./CanESM5/ssp245/tas_Amon_CanESM5_ssp245_r24i1p2f1_gn_201501-210012.nc,Amon,gn,201501-210012,./CanESM5/ssp245/rsdt_Amon_CanESM5_ssp245_r24i1p2f1_gn_201501-210012.nc,Amon,gn,201501-210012,./CanESM5/ssp245/rlut_Amon_CanESM5_ssp245_r24i1p2f1_gn_201501-210012.nc,Amon,gn,201501-210012,./CanESM5/ssp245/rsut_Amon_CanESM5_ssp245_r24i1p2f1_gn_201501-210012.nc,Amon,gn,201501-210012
CanESM5,ssp245,r25i1p2f1,complete,,,./CanESM5/ssp245/tas_Amon_CanESM5_ssp245_r25i1p2f1_gn_201501-210012.nc,Amon,gn,201501-210012,./CanESM5/ssp245/rsdt_Amon_CanESM5_ssp245_r25i1p2f1_gn_201501-210012.nc,Amon,gn,201501-210012,./CanESM5/ssp245/rlut_Amon_CanESM5_ssp245_r25i1p2f1_gn_201501-210012.nc,Amon,gn,201501-210012,./CanESM5/ssp245/rsut_Amon_CanESM5_ssp245_r25i1p2f1_gn_201501-210012.nc,Amon,gn,201501-210012
CanESM5,ssp245,r2i1p2f1,complete,,,./CanESM5/ssp245/tas_Amon_CanESM5_ssp245_r2i1p2f1_gn_201501-210012.nc,Amon,gn,201501-210012,./CanESM5/ssp245/rsdt_Amon_CanESM5_ssp245_r2i1p2f1_gn_201501-210012.nc,Amon,gn,201501-210012,./CanESM5/ssp245/rlut_Amon_CanESM5_ssp245_r2i1p2f1_gn_201501-210012.nc,Amon,gn,201501-210012,./CanESM5/ssp245/rsut_Amon_CanESM5_ssp245_r2i1p2f1_gn_201501-210012.nc,Amon,gn,201501-210012
CanESM5,ssp245,r3i1p2f1,complete,,,./CanESM5/ssp245/tas_Amon_CanESM5_ssp245_r3i1p2f1_gn_201501-210012.nc,Amon,gn,201501-210012,./CanESM5/ssp245/rsdt_Amon_CanESM5_ssp245_r3i1p2f1_gn_201501-210012.nc,Amon,gn,201501-210012,./CanESM5/ssp245/rlut_Amon_CanESM5_ssp245_r3i1p2f1_gn_201501-210012.nc,Amon,gn,201501-210012,./CanESM5/ssp245/rsut_Amon_CanESM5_ssp245_r3i1p2f1_gn_201501-210012.nc,Amon,gn,201501-210012
CanESM5,ssp245,r4i1p2f1,complete,,,./CanESM5/ssp245/tas_Amon_CanESM5_ssp245_r4i1p2f1_gn_201501-210012.nc,Amon,gn,201501-210012,./CanESM5/ssp245/rsdt_Amon_CanESM5_ssp245_r4i1p2f1_gn_201501-210012.nc,Amon,gn,201501-210012,./CanESM5/ssp245/rlut_Amon_CanESM5_ssp245_r4i1p2f1_gn_201501-210012.nc,Amon,gn,201501-210012,./CanESM5/ssp245/rsut_Amon_CanESM5_ssp245_r4i1p2f1_gn_201501-210012.nc,Amon,gn,201501-210012
CanESM5,ssp245,r5i1p2f1,complete,,,./CanESM5/ssp245/tas_Amon_CanESM5_ssp245_r5i1p2f1_gn_201501-210012.nc,Amon,gn,201501-210012,./CanESM5/ssp245/rsdt_Amon_CanESM5_ssp245_r5i1p2f1_gn_201501-210012.nc,Amon,gn,201501-210012,./CanESM5/ssp245/rlut_Amon_CanESM5_ssp245_r5i1p2f1_gn_201501-210012.nc,Amon,gn,201501-210012,./CanESM5/ssp245/rsut_Amon_CanESM5_ssp245_r5i1p2f1_gn_201501-210012.nc,Amon,gn,201501-210012
CanESM5,ssp245,r6i1p2f1,complete,,,./CanESM5/ssp245/tas_Amon_CanESM5_ssp245_r6i1p2f1_gn_201501-210012.nc,Amon,gn,201501-210012,./CanESM5/ssp245/rsdt_Amon_CanESM5_ssp245_r6i1p2f1_gn_201501-210012.nc,Amon,gn,201501-210012,./CanESM5/ssp245/rlut_Amon_CanESM5_ssp245_r6i1p2f1_gn_201501-210012.nc,Amon,gn,201501-210012,./CanESM5/ssp245/rsut_Amon_CanESM5_ssp245_r6i1p2f1_gn_201501-210012.nc,Amon,gn,201501-210012
CanESM5,ssp245,r7i1p2f1,complete,,,./CanESM5/ssp245/tas_Amon_CanESM5_ssp245_r7i1p2f1_gn_201501-210012.nc,Amon,gn,201501-210012,./CanESM5/ssp245/rsdt_Amon_CanESM5_ssp245_r7i1p2f1_gn_201501-210012.nc,Amon,gn,201501-210012,./CanESM5/ssp245/rlut_Amon_CanESM5_ssp245_r7i1p2f1_gn_201501-210012.nc,Amon,gn,201501-210012,./CanESM5/ssp245/rsut_Amon_CanESM5_ssp245_r7i1p2f1_gn_201501-210012.nc,Amon,gn,201501-210012
CanESM5,ssp245,r8i1p2f1,complete,,,./CanESM5/ssp245/tas_Amon_CanESM5_ssp245_r8i1p2f1_gn_201501-210012.nc,Amon,gn,201501-210012,./CanESM5/ssp245/rsdt_Amon_CanESM5_ssp245_r8i1p2f1_gn_201501-210012.nc,Amon,gn,201501-210012,./CanESM5/ssp245/rlut_Amon_CanESM5_ssp245_r8i1p2f1_gn_201501-210012.nc,Amon,gn,201501-210012,./CanESM5/ssp245/rsut_Amon_CanESM5_ssp245_r8i1p2f1_gn_201501-210012.nc,Amon,gn,201501-210012
CanESM5,ssp245,r9i1p2f1,complete,,,./CanESM5/ssp245/tas_Amon_CanESM5_ssp245_r9i1p2f1_gn_201501-210012.nc,Amon,gn,201501-210012,./CanESM5/ssp245/rsdt_Amon_CanESM5_ssp245_r9i1p2f1_gn_201501-210012.nc,Amon,gn,201501-210012,./CanESM5/ssp245/rlut_Amon_CanESM5_ssp245_r9i1p2f1_gn_201501-210012.nc,Amon,gn,201501-210012,./CanESM5/ssp245/rsut_Amon_CanESM5_ssp245_r9i1p2f1_gn_201501-210012.nc,Amon,gn,201501-210012
E3SM-2-0,historical,r11i1p1f1,ambiguous,,tas;rsdt;rlut;rsut,./E3SM-2-0/historical/tas_Amon_E3SM-2-0_historical_r11i1p1f1_gr_185001-189912.nc;./E3SM-2-0/historical/tas_Amon_E3SM-2-0_historical_r11i1p1f1_gr_190001-194912.nc;./E3SM-2-0/historical/tas_Amon_E3SM-2-0_historical_r11i1p1f1_gr_195001-199912.nc;./E3SM-2-0/historical/tas_Amon_E3SM-2-0_historical_r11i1p1f1_gr_200001-201412.nc,Amon;Amon;Amon;Amon,gr;gr;gr;gr,185001-189912;190001-194912;195001-199912;200001-201412,./E3SM-2-0/historical/rsdt_Amon_E3SM-2-0_historical_r11i1p1f1_gr_185001-189912.nc;./E3SM-2-0/historical/rsdt_Amon_E3SM-2-0_historical_r11i1p1f1_gr_190001-194912.nc;./E3SM-2-0/historical/rsdt_Amon_E3SM-2-0_historical_r11i1p1f1_gr_195001-199912.nc;./E3SM-2-0/historical/rsdt_Amon_E3SM-2-0_historical_r11i1p1f1_gr_200001-201412.nc,Amon;Amon;Amon;Amon,gr;gr;gr;gr,185001-189912;190001-194912;195001-199912;200001-201412,./E3SM-2-0/historical/rlut_Amon_E3SM-2-0_historical_r11i1p1f1_gr_185001-189912.nc;./E3SM-2-0/historical/rlut_Amon_E3SM-2-0_historical_r11i1p1f1_gr_190001-194912.nc;./E3SM-2-0/historical/rlut_Amon_E3SM-2-0_historical_r11i1p1f1_gr_195001-199912.nc;./E3SM-2-0/historical/rlut_Amon_E3SM-2-0_historical_r11i1p1f1_gr_200001-201412.nc,Amon;Amon;Amon;Amon,gr;gr;gr;gr,185001-189912;190001-194912;195001-199912;200001-201412,./E3SM-2-0/historical/rsut_Amon_E3SM-2-0_historical_r11i1p1f1_gr_185001-189912.nc;./E3SM-2-0/historical/rsut_Amon_E3SM-2-0_historical_r11i1p1f1_gr_190001-194912.nc;./E3SM-2-0/historical/rsut_Amon_E3SM-2-0_historical_r11i1p1f1_gr_195001-199912.nc;./E3SM-2-0/historical/rsut_Amon_E3SM-2-0_historical_r11i1p1f1_gr_200001-201412.nc,Amon;Amon;Amon;Amon,gr;gr;gr;gr,185001-189912;190001-194912;195001-199912;200001-201412
E3SM-2-0,historical,r12i1p1f1,ambiguous,,tas;rsdt;rlut;rsut,./E3SM-2-0/historical/tas_Amon_E3SM-2-0_historical_r12i1p1f1_gr_185001-189912.nc;./E3SM-2-0/historical/tas_Amon_E3SM-2-0_historical_r12i1p1f1_gr_190001-194912.nc;./E3SM-2-0/historical/tas_Amon_E3SM-2-0_historical_r12i1p1f1_gr_195001-199912.nc;./E3SM-2-0/historical/tas_Amon_E3SM-2-0_historical_r12i1p1f1_gr_200001-201412.nc,Amon;Amon;Amon;Amon,gr;gr;gr;gr,185001-189912;190001-194912;195001-199912;200001-201412,./E3SM-2-0/historical/rsdt_Amon_E3SM-2-0_historical_r12i1p1f1_gr_185001-189912.nc;./E3SM-2-0/historical/rsdt_Amon_E3SM-2-0_historical_r12i1p1f1_gr_190001-194912.nc;./E3SM-2-0/historical/rsdt_Amon_E3SM-2-0_historical_r12i1p1f1_gr_195001-199912.nc;./E3SM-2-0/historical/rsdt_Amon_E3SM-2-0_historical_r12i1p1f1_gr_200001-201412.nc,Amon;Amon;Amon;Amon,gr;gr;gr;gr,185001-189912;190001-194912;195001-199912;200001-201412,./E3SM-2-0/historical/rlut_Amon_E3SM-2-0_historical_r12i1p1f1_gr_185001-189912.nc;./E3SM-2-0/historical/rlut_Amon_E3SM-2-0_historical_r12i1p1f1_gr_190001-194912.nc;./E3SM-2-0/historical/rlut_Amon_E3SM-2-0_historical_r12i1p1f1_gr_195001-199912.nc;./E3SM-2-0/historical/rlut_Amon_E3SM-2-0_historical_r12i1p1f1_gr_200001-201412.nc,Amon;Amon;Amon;Amon,gr;gr;gr;gr,185001-189912;190001-194912;195001-199912;200001-201412,./E3SM-2-0/historical/rsut_Amon_E3SM-2-0_historical_r12i1p1f1_gr_185001-189912.nc;./E3SM-2-0/historical/rsut_Amon_E3SM-2-0_historical_r12i1p1f1_gr_190001-194912.nc;./E3SM-2-0/historical/rsut_Amon_E3SM-2-0_historical_r12i1p1f1_gr_195001-199912.nc;./E3SM-2-0/historical/rsut_Amon_E3SM-2-0_historical_r12i1p1f1_gr_200001-201412.nc,Amon;Amon;Amon;Amon,gr;gr;gr;gr,185001-189912;190001-194912;195001-199912;200001-201412
E3SM-2-0,historical,r13i1p1f1,ambiguous,,tas;rsdt;rlut;rsut,./E3SM-2-0/historical/tas_Amon_E3SM-2-0_historical_r13i1p1f1_gr_185001-189912.nc;./E3SM-2-0/historical/tas_Amon_E3SM-2-0_historical_r13i1p1f1_gr_190001-194912.nc;./E3SM-2-0/historical/tas_Amon_E3SM-2-0_historical_r13i1p1f1_gr_195001-199912.nc;./E3SM-2-0/historical/tas_Amon_E3SM-2-0_historical_r13i1p1f1_gr_200001-201412.nc,Amon;Amon;Amon;Amon,gr;gr;gr;gr,185001-189912;190001-194912;195001-199912;200001-201412,./E3SM-2-0/historical/rsdt_Amon_E3SM-2-0_historical_r13i1p1f1_gr_185001-189912.nc;./E3SM-2-0/historical/rsdt_Amon_E3SM-2-0_historical_r13i1p1f1_gr_190001-194912.nc;./E3SM-2-0/historical/rsdt_Amon_E3SM-2-0_historical_r13i1p1f1_gr_195001-199912.nc;./E3SM-2-0/historical/rsdt_Amon_E3SM-2-0_historical_r13i1p1f1_gr_200001-201412.nc,Amon;Amon;Amon;Amon,gr;gr;gr;gr,185001-189912;190001-194912;195001-199912;200001-201412,./E3SM-2-0/historical/rlut_Amon_E3SM-2-0_historical_r13i1p1f1_gr_185001-189912.nc;./E3SM-2-0/historical/rlut_Amon_E3SM-2-0_historical_r13i1p1f1_gr_190001-194912.nc;./E3SM-2-0/historical/rlut_Amon_E3SM-2-0_historical_r13i1p1f1_gr_195001-199912.nc;./E3SM-2-0/historical/rlut_Amon_E3SM-2-0_historical_r13i1p1f1_gr_200001-201412.nc,Amon;Amon;Amon;Amon,gr;gr;gr;gr,185001-189912;190001-194912;195001-199912;200001-201412,./E3SM-2-0/historical/rsut_Amon_E3SM-2-0_historical_r13i1p1f1_gr_185001-189912.nc;./E3SM-2-0/historical/rsut_Amon_E3SM-2-0_historical_r13i1p1f1_gr_190001-194912.nc;./E3SM-2-0/historical/rsut_Amon_E3SM-2-0_historical_r13i1p1f1_gr_195001-199912.nc;./E3SM-2-0/historical/rsut_Amon_E3SM-2-0_historical_r13i1p1f1_gr_200001-201412.nc,Amon;Amon;Amon;Amon,gr;gr;gr;gr,185001-189912;190001-194912;195001-199912;200001-201412
E3SM-2-0,historical,r14i1p1f1,ambiguous,,tas;rsdt;rlut;rsut,./E3SM-2-0/historical/tas_Amon_E3SM-2-0_historical_r14i1p1f1_gr_185001-189912.nc;./E3SM-2-0/historical/tas_Amon_E3SM-2-0_historical_r14i1p1f1_gr_190001-194912.nc;./E3SM-2-0/historical/tas_Amon_E3SM-2-0_historical_r14i1p1f1_gr_195001-199912.nc;./E3SM-2-0/historical/tas_Amon_E3SM-2-0_historical_r14i1p1f1_gr_200001-201412.nc,Amon;Amon;Amon;Amon,gr;gr;gr;gr,185001-189912;190001-194912;195001-199912;200001-201412,./E3SM-2-0/historical/rsdt_Amon_E3SM-2-0_historical_r14i1p1f1_gr_185001-189912.nc;./E3SM-2-0/historical/rsdt_Amon_E3SM-2-0_historical_r14i1p1f1_gr_190001-194912.nc;./E3SM-2-0/historical/rsdt_Amon_E3SM-2-0_historical_r14i1p1f1_gr_195001-199912.nc;./E3SM-2-0/historical/rsdt_Amon_E3SM-2-0_historical_r14i1p1f1_gr_200001-201412.nc,Amon;Amon;Amon;Amon,gr;gr;gr;gr,185001-189912;190001-194912;195001-199912;200001-201412,./E3SM-2-0/historical/rlut_Amon_E3SM-2-0_historical_r14i1p1f1_gr_185001-189912.nc;./E3SM-2-0/historical/rlut_Amon_E3SM-2-0_historical_r14i1p1f1_gr_190001-194912.nc;./E3SM-2-0/historical/rlut_Amon_E3SM-2-0_historical_r14i1p1f1_gr_195001-199912.nc;./E3SM-2-0/historical/rlut_Amon_E3SM-2-0_historical_r14i1p1f1_gr_200001-201412.nc,Amon;Amon;Amon;Amon,gr;gr;gr;gr,185001-189912;190001-194912;195001-199912;200001-201412,./E3SM-2-0/historical/rsut_Amon_E3SM-2-0_historical_r14i1p1f1_gr_185001-189912.nc;./E3SM-2-0/historical/rsut_Amon_E3SM-2-0_historical_r14i1p1f1_gr_190001-194912.nc;./E3SM-2-0/historical/rsut_Amon_E3SM-2-0_historical_r14i1p1f1_gr_195001-199912.nc;./E3SM-2-0/historical/rsut_Amon_E3SM-2-0_historical_r14i1p1f1_gr_200001-201412.nc,Amon;Amon;Amon;Amon,gr;gr;gr;gr,185001-189912;190001-194912;195001-199912;200001-201412
E3SM-2-0,historical,r15i1p1f1,ambiguous,,tas;rsdt;rlut;rsut,./E3SM-2-0/historical/tas_Amon_E3SM-2-0_historical_r15i1p1f1_gr_185001-189912.nc;./E3SM-2-0/historical/tas_Amon_E3SM-2-0_historical_r15i1p1f1_gr_190001-194912.nc;./E3SM-2-0/historical/tas_Amon_E3SM-2-0_historical_r15i1p1f1_gr_195001-199912.nc;./E3SM-2-0/historical/tas_Amon_E3SM-2-0_historical_r15i1p1f1_gr_200001-201412.nc,Amon;Amon;Amon;Amon,gr;gr;gr;gr,185001-189912;190001-194912;195001-199912;200001-201412,./E3SM-2-0/historical/rsdt_Amon_E3SM-2-0_historical_r15i1p1f1_gr_185001-189912.nc;./E3SM-2-0/historical/rsdt_Amon_E3SM-2-0_historical_r15i1p1f1_gr_190001-194912.nc;./E3SM-2-0/historical/rsdt_Amon_E3SM-2-0_historical_r15i1p1f1_gr_195001-199912.nc;./E3SM-2-0/historical/rsdt_Amon_E3SM-2-0_historical_r15i1p1f1_gr_200001-201412.nc,Amon;Amon;Amon;Amon,gr;gr;gr;gr,185001-189912;190001-194912;195001-199912;200001-201412,./E3SM-2-0/historical/rlut_Amon_E3SM-2-0_historical_r15i1p1f1_gr_185001-189912.nc;./E3SM-2-0/historical/rlut_Amon_E3SM-2-0_historical_r15i1p1f1_gr_190001-194912.nc;./E3SM-2-0/historical/rlut_Amon_E3SM-2-0_historical_r15i1p1f1_gr_195001-199912.nc;./E3SM-2-0/historical/rlut_Amon_E3SM-2-0_historical_r15i1p1f1_gr_200001-201412.nc,Amon;Amon;Amon;Amon,gr;gr;gr;gr,185001-189912;190001-194912;195001-199912;200001-201412,./E3SM-2-0/historical/rsut_Amon_E3SM-2-0_historical_r15i1p1f1_gr_185001-189912.nc;./E3SM-2-0/historical/rsut_Amon_E3SM-2-0_historical_r15i1p1f1_gr_190001-194912.nc;./E3SM-2-0/historical/rsut_Amon_E3SM-2-0_historical_r15i1p1f1_gr_195001-199912.nc;./E3SM-2-0/historical/rsut_Amon_E3SM-2-0_historical_r15i1p1f1_gr_200001-201412.nc,Amon;Amon;Amon;Amon,gr;gr;gr;gr,185001-189912;190001-194912;195001-199912;200001-201412
E3SM-2-0,historical,r16i1p1f1,ambiguous,,tas;rsdt;rlut;rsut,./E3SM-2-0/historical/tas_Amon_E3SM-2-0_historical_r16i1p1f1_gr_185001-189912.nc;./E3SM-2-0/historical/tas_Amon_E3SM-2-0_historical_r16i1p1f1_gr_190001-194912.nc;./E3SM-2-0/historical/tas_Amon_E3SM-2-0_historical_r16i1p1f1_gr_195001-199912.nc;./E3SM-2-0/historical/tas_Amon_E3SM-2-0_historical_r16i1p1f1_gr_200001-201412.nc,Amon;Amon;Amon;Amon,gr;gr;gr;gr,185001-189912;190001-194912;195001-199912;200001-201412,./E3SM-2-0/historical/rsdt_Amon_E3SM-2-0_historical_r16i1p1f1_gr_185001-189912.nc;./E3SM-2-0/historical/rsdt_Amon_E3SM-2-0_historical_r16i1p1f1_gr_190001-194912.nc;./E3SM-2-0/historical/rsdt_Amon_E3SM-2-0_historical_r16i1p1f1_gr_195001-199912.nc;./E3SM-2-0/historical/rsdt_Amon_E3SM-2-0_historical_r16i1p1f1_gr_200001-201412.nc,Amon;Amon;Amon;Amon,gr;gr;gr;gr,185001-189912;190001-194912;195001-199912;200001-201412,./E3SM-2-0/historical/rlut_Amon_E3SM-2-0_historical_r16i1p1f1_gr_185001-189912.nc;./E3SM-2-0/historical/rlut_Amon_E3SM-2-0_historical_r16i1p1f1_gr_190001-194912.nc;./E3SM-2-0/historical/rlut_Amon_E3SM-2-0_historical_r16i1p1f1_gr_195001-199912.nc;./E3SM-2-0/historical/rlut_Amon_E3SM-2-0_historical_r16i1p1f1_gr_200001-201412.nc,Amon;Amon;Amon;Amon,gr;gr;gr;gr,185001-189912;190001-194912;195001-199912;200001-201412,./E3SM-2-0/historical/rsut_Amon_E3SM-2-0_historical_r16i1p1f1_gr_185001-189912.nc;./E3SM-2-0/historical/rsut_Amon_E3SM-2-0_historical_r16i1p1f1_gr_190001-194912.nc;./E3SM-2-0/historical/rsut_Amon_E3SM-2-0_historical_r16i1p1f1_gr_195001-199912.nc;./E3SM-2-0/historical/rsut_Amon_E3SM-2-0_historical_r16i1p1f1_gr_200001-201412.nc,Amon;Amon;Amon;Amon,gr;gr;gr;gr,185001-189912;190001-194912;195001-199912;200001-201412
E3SM-2-0,historical,r17i1p1f1,ambiguous,,tas;rsdt;rlut;rsut,./E3SM-2-0/historical/tas_Amon_E3SM-2-0_historical_r17i1p1f1_gr_185001-189912.nc;./E3SM-2-0/historical/tas_Amon_E3SM-2-0_historical_r17i1p1f1_gr_190001-194912.nc;./E3SM-2-0/historical/tas_Amon_E3SM-2-0_historical_r17i1p1f1_gr_195001-199912.nc;./E3SM-2-0/historical/tas_Amon_E3SM-2-0_historical_r17i1p1f1_gr_200001-201412.nc,Amon;Amon;Amon;Amon,gr;gr;gr;gr,185001-189912;190001-194912;195001-199912;200001-201412,./E3SM-2-0/historical/rsdt_Amon_E3SM-2-0_historical_r17i1p1f1_gr_185001-189912.nc;./E3SM-2-0/historical/rsdt_Amon_E3SM-2-0_historical_r17i1p1f1_gr_190001-194912.nc;./E3SM-2-0/historical/rsdt_Amon_E3SM-2-0_historical_r17i1p1f1_gr_195001-199912.nc;./E3SM-2-0/historical/rsdt_Amon_E3SM-2-0_historical_r17i1p1f1_gr_200001-201412.nc,Amon;Amon;Amon;Amon,gr;gr;gr;gr,185001-189912;190001-194912;195001-199912;200001-201412,./E3SM-2-0/historical/rlut_Amon_E3SM-2-0_historical_r17i1p1f1_gr_185001-189912.nc;./E3SM-2-0/historical/rlut_Amon_E3SM-2-0_historical_r17i1p1f1_gr_190001-194912.nc;./E3SM-2-0/historical/rlut_Amon_E3SM-2-0_historical_r17i1p1f1_gr_195001-199912.nc;./E3SM-2-0/historical/rlut_Amon_E3SM-2-0_historical_r17i1p1f1_gr_200001-201412.nc,Amon;Amon;Amon;Amon,gr;gr;gr;gr,185001-189912;190001-194912;195001-199912;200001-201412,./E3SM-2-0/historical/rsut_Amon_E3SM-2-0_historical_r17i1p1f1_gr_185001-189912.nc;./E3SM-2-0/historical/rsut_Amon_E3SM-2-0_historical_r17i1p1f1_gr_190001-194912.nc;./E3SM-2-0/historical/rsut_Amon_E3SM-2-0_historical_r17i1p1f1_gr_195001-199912.nc;./E3SM-2-0/historical/rsut_Amon_E3SM-2-0_historical_r17i1p1f1_gr_200001-201412.nc,Amon;Amon;Amon;Amon,gr;gr;gr;gr,185001-189912;190001-194912;195001-199912;200001-201412
E3SM-2-0,historical,r18i1p1f1,ambiguous,,tas;rsdt;rlut;rsut,./E3SM-2-0/historical/tas_Amon_E3SM-2-0_historical_r18i1p1f1_gr_185001-189912.nc;./E3SM-2-0/historical/tas_Amon_E3SM-2-0_historical_r18i1p1f1_gr_190001-194912.nc;./E3SM-2-0/historical/tas_Amon_E3SM-2-0_historical_r18i1p1f1_gr_195001-199912.nc;./E3SM-2-0/historical/tas_Amon_E3SM-2-0_historical_r18i1p1f1_gr_200001-201412.nc,Amon;Amon;Amon;Amon,gr;gr;gr;gr,185001-189912;190001-194912;195001-199912;200001-201412,./E3SM-2-0/historical/rsdt_Amon_E3SM-2-0_historical_r18i1p1f1_gr_185001-189912.nc;./E3SM-2-0/historical/rsdt_Amon_E3SM-2-0_historical_r18i1p1f1_gr_190001-194912.nc;./E3SM-2-0/historical/rsdt_Amon_E3SM-2-0_historical_r18i1p1f1_gr_195001-199912.nc;./E3SM-2-0/historical/rsdt_Amon_E3SM-2-0_historical_r18i1p1f1_gr_200001-201412.nc,Amon;Amon;Amon;Amon,gr;gr;gr;gr,185001-189912;190001-194912;195001-199912;200001-201412,./E3SM-2-0/historical/rlut_Amon_E3SM-2-0_historical_r18i1p1f1_gr_185001-189912.nc;./E3SM-2-0/historical/rlut_Amon_E3SM-2-0_historical_r18i1p1f1_gr_190001-194912.nc;./E3SM-2-0/historical/rlut_Amon_E3SM-2-0_historical_r18i1p1f1_gr_195001-199912.nc;./E3SM-2-0/historical/rlut_Amon_E3SM-2-0_historical_r18i1p1f1_gr_200001-201412.nc,Amon;Amon;Amon;Amon,gr;gr;gr;gr,185001-189912;190001-194912;195001-199912;200001-201412,./E3SM-2-0/historical/rsut_Amon_E3SM-2-0_historical_r18i1p1f1_gr_185001-189912.nc;./E3SM-2-0/historical/rsut_Amon_E3SM-2-0_historical_r18i1p1f1_gr_190001-194912.nc;./E3SM-2-0/historical/rsut_Amon_E3SM-2-0_historical_r18i1p1f1_gr_195001-199912.nc;./E3SM-2-0/historical/rsut_Amon_E3SM-2-0_historical_r18i1p1f1_gr_200001-201412.nc,Amon;Amon;Amon;Amon,gr;gr;gr;gr,185001-189912;190001-194912;195001-199912;200001-201412
E3SM-2-0,historical,r19i1p1f1,ambiguous,,tas;rsdt;rlut;rsut,./E3SM-2-0/historical/tas_Amon_E3SM-2-0_historical_r19i1p1f1_gr_185001-189912.nc;./E3SM-2-0/historical/tas_Amon_E3SM-2-0_historical_r19i1p1f1_gr_190001-194912.nc;./E3SM-2-0/historical/tas_Amon_E3SM-2-0_historical_r19i1p1f1_gr_195001-199912.nc;./E3SM-2-0/historical/tas_Amon_E3SM-2-0_historical_r19i1p1f1_gr_200001-201412.nc,Amon;Amon;Amon;Amon,gr;gr;gr;gr,185001-189912;190001-194912;195001-199912;200001-201412,./E3SM-2-0/historical/rsdt_Amon_E3SM-2-0_historical_r19i1p1f1_gr_185001-189912.nc;./E3SM-2-0/historical/rsdt_Amon_E3SM-2-0_historical_r19i1p1f1_gr_190001-194912.nc;./E3SM-2-0/historical/rsdt_Amon_E3SM-2-0_historical_r19i1p1f1_gr_195001-199912.nc;./E3SM-2-0/historical/rsdt_Amon_E3SM-2-0_historical_r19i1p1f1_gr_200001-201412.nc,Amon;Amon;Amon;Amon,gr;gr;gr;gr,185001-189912;190001-194912;195001-199912;200001-201412,./E3SM-2-0/historical/rlut_Amon_E3SM-2-0_historical_r19i1p1f1_gr_185001-189912.nc;./E3SM-2-0/historical/rlut_Amon_E3SM-2-0_historical_r19i1p1f1_gr_190001-194912.nc;./E3SM-2-0/historical/rlut_Amon_E3SM-2-0_historical_r19i1p1f1_gr_195001-199912.nc;./E3SM-2-0/historical/rlut_Amon_E3SM-2-0_historical_r19i1p1f1_gr_200001-201412.nc,Amon;Amon;Amon;Amon,gr;gr;gr;gr,185001-189912;190001-194912;195001-199912;200001-201412,./E3SM-2-0/historical/rsut_Amon_E3SM-2-0_historical_r19i1p1f1_gr_185001-189912.nc;./E3SM-2-0/historical/rsut_Amon_E3SM-2-0_historical_r19i1p1f1_gr_190001-194912.nc;./E3SM-2-0/historical/rsut_Amon_E3SM-2-0_historical_r19i1p1f1_gr_195001-199912.nc;./E3SM-2-0/historical/rsut_Amon_E3SM-2-0_historical_r19i1p1f1_gr_200001-201412.nc,Amon;Amon;Amon;Amon,gr;gr;gr;gr,185001-189912;190001-194912;195001-199912;200001-201412
E3SM-2-0,historical,r1i1p1f1,ambiguous,,tas;rsdt;rlut;rsut,./E3SM-2-0/historical/tas_Amon_E3SM-2-0_historical_r1i1p1f1_gr_185001-189912.nc;./E3SM-2-0/historical/tas_Amon_E3SM-2-0_historical_r1i1p1f1_gr_190001-194912.nc;./E3SM-2-0/historical/tas_Amon_E3SM-2-0_historical_r1i1p1f1_gr_195001-199912.nc;./E3SM-2-0/historical/tas_Amon_E3SM-2-0_historical_r1i1p1f1_gr_200001-201412.nc,Amon;Amon;Amon;Amon,gr;gr;gr;gr,185001-189912;190001-194912;195001-199912;200001-201412,./E3SM-2-0/historical/rsdt_Amon_E3SM-2-0_historical_r1i1p1f1_gr_185001-189912.nc;./E3SM-2-0/historical/rsdt_Amon_E3SM-2-0_historical_r1i1p1f1_gr_190001-194912.nc;./E3SM-2-0/historical/rsdt_Amon_E3SM-2-0_historical_r1i1p1f1_gr_195001-199912.nc;./E3SM-2-0/historical/rsdt_Amon_E3SM-2-0_historical_r1i1p1f1_gr_200001-201412.nc,Amon;Amon;Amon;Amon,gr;gr;gr;gr,185001-189912;190001-194912;195001-199912;200001-201412,./E3SM-2-0/historical/rlut_Amon_E3SM-2-0_historical_r1i1p1f1_gr_185001-189912.nc;./E3SM-2-0/historical/rlut_Amon_E3SM-2-0_historical_r1i1p1f1_gr_190001-194912.nc;./E3SM-2-0/historical/rlut_Amon_E3SM-2-0_historical_r1i1p1f1_gr_195001-199912.nc;./E3SM-2-0/historical/rlut_Amon_E3SM-2-0_historical_r1i1p1f1_gr_200001-201412.nc,Amon;Amon;Amon;Amon,gr;gr;gr;gr,185001-189912;190001-194912;195001-199912;200001-201412,./E3SM-2-0/historical/rsut_Amon_E3SM-2-0_historical_r1i1p1f1_gr_185001-189912.nc;./E3SM-2-0/historical/rsut_Amon_E3SM-2-0_historical_r1i1p1f1_gr_190001-194912.nc;./E3SM-2-0/historical/rsut_Amon_E3SM-2-0_historical_r1i1p1f1_gr_195001-199912.nc;./E3SM-2-0/historical/rsut_Amon_E3SM-2-0_historical_r1i1p1f1_gr_200001-201412.nc,Amon;Amon;Amon;Amon,gr;gr;gr;gr,185001-189912;190001-194912;195001-199912;200001-201412
E3SM-2-0,historical,r20i1p1f1,ambiguous,,tas;rsdt;rlut;rsut,./E3SM-2-0/historical/tas_Amon_E3SM-2-0_historical_r20i1p1f1_gr_185001-189912.nc;./E3SM-2-0/historical/tas_Amon_E3SM-2-0_historical_r20i1p1f1_gr_190001-194912.nc;./E3SM-2-0/historical/tas_Amon_E3SM-2-0_historical_r20i1p1f1_gr_195001-199912.nc;./E3SM-2-0/historical/tas_Amon_E3SM-2-0_historical_r20i1p1f1_gr_200001-201412.nc,Amon;Amon;Amon;Amon,gr;gr;gr;gr,185001-189912;190001-194912;195001-199912;200001-201412,./E3SM-2-0/historical/rsdt_Amon_E3SM-2-0_historical_r20i1p1f1_gr_185001-189912.nc;./E3SM-2-0/historical/rsdt_Amon_E3SM-2-0_historical_r20i1p1f1_gr_190001-194912.nc;./E3SM-2-0/historical/rsdt_Amon_E3SM-2-0_historical_r20i1p1f1_gr_195001-199912.nc;./E3SM-2-0/historical/rsdt_Amon_E3SM-2-0_historical_r20i1p1f1_gr_200001-201412.nc,Amon;Amon;Amon;Amon,gr;gr;gr;gr,185001-189912;190001-194912;195001-199912;200001-201412,./E3SM-2-0/historical/rlut_Amon_E3SM-2-0_historical_r20i1p1f1_gr_185001-189912.nc;./E3SM-2-0/historical/rlut_Amon_E3SM-2-0_historical_r20i1p1f1_gr_190001-194912.nc;./E3SM-2-0/historical/rlut_Amon_E3SM-2-0_historical_r20i1p1f1_gr_195001-199912.nc;./E3SM-2-0/historical/rlut_Amon_E3SM-2-0_historical_r20i1p1f1_gr_200001-201412.nc,Amon;Amon;Amon;Amon,gr;gr;gr;gr,185001-189912;190001-194912;195001-199912;200001-201412,./E3SM-2-0/historical/rsut_Amon_E3SM-2-0_historical_r20i1p1f1_gr_185001-189912.nc;./E3SM-2-0/historical/rsut_Amon_E3SM-2-0_historical_r20i1p1f1_gr_190001-194912.nc;./E3SM-2-0/historical/rsut_Amon_E3SM-2-0_historical_r20i1p1f1_gr_195001-199912.nc;./E3SM-2-0/historical/rsut_Amon_E3SM-2-0_historical_r20i1p1f1_gr_200001-201412.nc,Amon;Amon;Amon;Amon,gr;gr;gr;gr,185001-189912;190001-194912;195001-199912;200001-201412
E3SM-2-0,historical,r21i1p1f1,ambiguous,,tas;rsdt;rlut;rsut,./E3SM-2-0/historical/tas_Amon_E3SM-2-0_historical_r21i1p1f1_gr_185001-189912.nc;./E3SM-2-0/historical/tas_Amon_E3SM-2-0_historical_r21i1p1f1_gr_190001-194912.nc;./E3SM-2-0/historical/tas_Amon_E3SM-2-0_historical_r21i1p1f1_gr_195001-199912.nc;./E3SM-2-0/historical/tas_Amon_E3SM-2-0_historical_r21i1p1f1_gr_200001-201412.nc,Amon;Amon;Amon;Amon,gr;gr;gr;gr,185001-189912;190001-194912;195001-199912;200001-201412,./E3SM-2-0/historical/rsdt_Amon_E3SM-2-0_historical_r21i1p1f1_gr_185001-189912.nc;./E3SM-2-0/historical/rsdt_Amon_E3SM-2-0_historical_r21i1p1f1_gr_190001-194912.nc;./E3SM-2-0/historical/rsdt_Amon_E3SM-2-0_historical_r21i1p1f1_gr_195001-199912.nc;./E3SM-2-0/historical/rsdt_Amon_E3SM-2-0_historical_r21i1p1f1_gr_200001-201412.nc,Amon;Amon;Amon;Amon,gr;gr;gr;gr,185001-189912;190001-194912;195001-199912;200001-201412,./E3SM-2-0/historical/rlut_Amon_E3SM-2-0_historical_r21i1p1f1_gr_185001-189912.nc;./E3SM-2-0/historical/rlut_Amon_E3SM-2-0_historical_r21i1p1f1_gr_190001-194912.nc;./E3SM-2-0/historical/rlut_Amon_E3SM-2-0_historical_r21i1p1f1_gr_195001-199912.nc;./E3SM-2-0/historical/rlut_Amon_E3SM-2-0_historical_r21i1p1f1_gr_200001-201412.nc,Amon;Amon;Amon;Amon,gr;gr;gr;gr,185001-189912;190001-194912;195001-199912;200001-201412,./E3SM-2-0/historical/rsut_Amon_E3SM-2-0_historical_r21i1p1f1_gr_185001-189912.nc;./E3SM-2-0/historical/rsut_Amon_E3SM-2-0_historical_r21i1p1f1_gr_190001-194912.nc;./E3SM-2-0/historical/rsut_Amon_E3SM-2-0_historical_r21i1p1f1_gr_195001-199912.nc;./E3SM-2-0/historical/rsut_Amon_E3SM-2-0_historical_r21i1p1f1_gr_200001-201412.nc,Amon;Amon;Amon;Amon,gr;gr;gr;gr,185001-189912;190001-194912;195001-199912;200001-201412
E3SM-2-0,historical,r2i1p1f1,ambiguous,,tas;rsdt;rlut;rsut,./E3SM-2-0/historical/tas_Amon_E3SM-2-0_historical_r2i1p1f1_gr_185001-189912.nc;./E3SM-2-0/historical/tas_Amon_E3SM-2-0_historical_r2i1p1f1_gr_190001-194912.nc;./E3SM-2-0/historical/tas_Amon_E3SM-2-0_historical_r2i1p1f1_gr_195001-199912.nc;./E3SM-2-0/historical/tas_Amon_E3SM-2-0_historical_r2i1p1f1_gr_200001-201412.nc,Amon;Amon;Amon;Amon,gr;gr;gr;gr,185001-189912;190001-194912;195001-199912;200001-201412,./E3SM-2-0/historical/rsdt_Amon_E3SM-2-0_historical_r2i1p1f1_gr_185001-189912.nc;./E3SM-2-0/historical/rsdt_Amon_E3SM-2-0_historical_r2i1p1f1_gr_190001-194912.nc;./E3SM-2-0/historical/rsdt_Amon_E3SM-2-0_historical_r2i1p1f1_gr_195001-199912.nc;./E3SM-2-0/historical/rsdt_Amon_E3SM-2-0_historical_r2i1p1f1_gr_200001-201412.nc,Amon;Amon;Amon;Amon,gr;gr;gr;gr,185001-189912;190001-194912;195001-199912;200001-201412,./E3SM-2-0/historical/rlut_Amon_E3SM-2-0_historical_r2i1p1f1_gr_185001-189912.nc;./E3SM-2-0/historical/rlut_Amon_E3SM-2-0_historical_r2i1p1f1_gr_190001-194912.nc;./E3SM-2-0/historical/rlut_Amon_E3SM-2-0_historical_r2i1p1f1_gr_195001-199912.nc;./E3SM-2-0/historical/rlut_Amon_E3SM-2-0_historical_r2i1p1f1_gr_200001-201412.nc,Amon;Amon;Amon;Amon,gr;gr;gr;gr,185001-189912;190001-194912;195001-199912;200001-201412,./E3SM-2-0/historical/rsut_Amon_E3SM-2-0_historical_r2i1p1f1_gr_185001-189912.nc;./E3SM-2-0/historical/rsut_Amon_E3SM-2-0_historical_r2i1p1f1_gr_190001-194912.nc;./E3SM-2-0/historical/rsut_Amon_E3SM-2-0_historical_r2i1p1f1_gr_195001-199912.nc;./E3SM-2-0/historical/rsut_Amon_E3SM-2-0_historical_r2i1p1f1_gr_200001-201412.nc,Amon;Amon;Amon;Amon,gr;gr;gr;gr,185001-189912;190001-194912;195001-199912;200001-201412
E3SM-2-0,historical,r3i1p1f1,ambiguous,,tas;rsdt;rlut;rsut,./E3SM-2-0/historical/tas_Amon_E3SM-2-0_historical_r3i1p1f1_gr_185001-189912.nc;./E3SM-2-0/historical/tas_Amon_E3SM-2-0_historical_r3i1p1f1_gr_190001-194912.nc;./E3SM-2-0/historical/tas_Amon_E3SM-2-0_historical_r3i1p1f1_gr_195001-199912.nc;./E3SM-2-0/historical/tas_Amon_E3SM-2-0_historical_r3i1p1f1_gr_200001-201412.nc,Amon;Amon;Amon;Amon,gr;gr;gr;gr,185001-189912;190001-194912;195001-199912;200001-201412,./E3SM-2-0/historical/rsdt_Amon_E3SM-2-0_historical_r3i1p1f1_gr_185001-189912.nc;./E3SM-2-0/historical/rsdt_Amon_E3SM-2-0_historical_r3i1p1f1_gr_190001-194912.nc;./E3SM-2-0/historical/rsdt_Amon_E3SM-2-0_historical_r3i1p1f1_gr_195001-199912.nc;./E3SM-2-0/historical/rsdt_Amon_E3SM-2-0_historical_r3i1p1f1_gr_200001-201412.nc,Amon;Amon;Amon;Amon,gr;gr;gr;gr,185001-189912;190001-194912;195001-199912;200001-201412,./E3SM-2-0/historical/rlut_Amon_E3SM-2-0_historical_r3i1p1f1_gr_185001-189912.nc;./E3SM-2-0/historical/rlut_Amon_E3SM-2-0_historical_r3i1p1f1_gr_190001-194912.nc;./E3SM-2-0/historical/rlut_Amon_E3SM-2-0_historical_r3i1p1f1_gr_195001-199912.nc;./E3SM-2-0/historical/rlut_Amon_E3SM-2-0_historical_r3i1p1f1_gr_200001-201412.nc,Amon;Amon;Amon;Amon,gr;gr;gr;gr,185001-189912;190001-194912;195001-199912;200001-201412,./E3SM-2-0/historical/rsut_Amon_E3SM-2-0_historical_r3i1p1f1_gr_185001-189912.nc;./E3SM-2-0/historical/rsut_Amon_E3SM-2-0_historical_r3i1p1f1_gr_190001-194912.nc;./E3SM-2-0/historical/rsut_Amon_E3SM-2-0_historical_r3i1p1f1_gr_195001-199912.nc;./E3SM-2-0/historical/rsut_Amon_E3SM-2-0_historical_r3i1p1f1_gr_200001-201412.nc,Amon;Amon;Amon;Amon,gr;gr;gr;gr,185001-189912;190001-194912;195001-199912;200001-201412
E3SM-2-0,historical,r4i1p1f1,ambiguous,,tas;rsdt;rlut;rsut,./E3SM-2-0/historical/tas_Amon_E3SM-2-0_historical_r4i1p1f1_gr_185001-189912.nc;./E3SM-2-0/historical/tas_Amon_E3SM-2-0_historical_r4i1p1f1_gr_190001-194912.nc;./E3SM-2-0/historical/tas_Amon_E3SM-2-0_historical_r4i1p1f1_gr_195001-199912.nc;./E3SM-2-0/historical/tas_Amon_E3SM-2-0_historical_r4i1p1f1_gr_200001-201412.nc,Amon;Amon;Amon;Amon,gr;gr;gr;gr,185001-189912;190001-194912;195001-199912;200001-201412,./E3SM-2-0/historical/rsdt_Amon_E3SM-2-0_historical_r4i1p1f1_gr_185001-189912.nc;./E3SM-2-0/historical/rsdt_Amon_E3SM-2-0_historical_r4i1p1f1_gr_190001-194912.nc;./E3SM-2-0/historical/rsdt_Amon_E3SM-2-0_historical_r4i1p1f1_gr_195001-199912.nc;./E3SM-2-0/historical/rsdt_Amon_E3SM-2-0_historical_r4i1p1f1_gr_200001-201412.nc,Amon;Amon;Amon;Amon,gr;gr;gr;gr,185001-189912;190001-194912;195001-199912;200001-201412,./E3SM-2-0/historical/rlut_Amon_E3SM-2-0_historical_r4i1p1f1_gr_185001-189912.nc;./E3SM-2-0/historical/rlut_Amon_E3SM-2-0_historical_r4i1p1f1_gr_190001-194912.nc;./E3SM-2-0/historical/rlut_Amon_E3SM-2-0_historical_r4i1p1f1_gr_195001-199912.nc;./E3SM-2-0/historical/rlut_Amon_E3SM-2-0_historical_r4i1p1f1_gr_200001-201412.nc,Amon;Amon;Amon;Amon,gr;gr;gr;gr,185001-189912;190001-194912;195001-199912;200001-201412,./E3SM-2-0/historical/rsut_Amon_E3SM-2-0_historical_r4i1p1f1_gr_185001-189912.nc;./E3SM-2-0/historical/rsut_Amon_E3SM-2-0_historical_r4i1p1f1_gr_190001-194912.nc;./E3SM-2-0/historical/rsut_Amon_E3SM-2-0_historical_r4i1p1f1_gr_195001-199912.nc;./E3SM-2-0/historical/rsut_Amon_E3SM-2-0_historical_r4i1p1f1_gr_200001-201412.nc,Amon;Amon;Amon;Amon,gr;gr;gr;gr,185001-189912;190001-194912;195001-199912;200001-201412
E3SM-2-0,historical,r5i1p1f1,ambiguous,,tas;rsdt;rlut;rsut,./E3SM-2-0/historical/tas_Amon_E3SM-2-0_historical_r5i1p1f1_gr_185001-189912.nc;./E3SM-2-0/historical/tas_Amon_E3SM-2-0_historical_r5i1p1f1_gr_190001-194912.nc;./E3SM-2-0/historical/tas_Amon_E3SM-2-0_historical_r5i1p1f1_gr_195001-199912.nc;./E3SM-2-0/historical/tas_Amon_E3SM-2-0_historical_r5i1p1f1_gr_200001-201412.nc,Amon;Amon;Amon;Amon,gr;gr;gr;gr,185001-189912;190001-194912;195001-199912;200001-201412,./E3SM-2-0/historical/rsdt_Amon_E3SM-2-0_historical_r5i1p1f1_gr_185001-189912.nc;./E3SM-2-0/historical/rsdt_Amon_E3SM-2-0_historical_r5i1p1f1_gr_190001-194912.nc;./E3SM-2-0/historical/rsdt_Amon_E3SM-2-0_historical_r5i1p1f1_gr_195001-199912.nc;./E3SM-2-0/historical/rsdt_Amon_E3SM-2-0_historical_r5i1p1f1_gr_200001-201412.nc,Amon;Amon;Amon;Amon,gr;gr;gr;gr,185001-189912;190001-194912;195001-199912;200001-201412,./E3SM-2-0/historical/rlut_Amon_E3SM-2-0_historical_r5i1p1f1_gr_185001-189912.nc;./E3SM-2-0/historical/rlut_Amon_E3SM-2-0_historical_r5i1p1f1_gr_190001-194912.nc;./E3SM-2-0/historical/rlut_Amon_E3SM-2-0_historical_r5i1p1f1_gr_195001-199912.nc;./E3SM-2-0/historical/rlut_Amon_E3SM-2-0_historical_r5i1p1f1_gr_200001-201412.nc,Amon;Amon;Amon;Amon,gr;gr;gr;gr,185001-189912;190001-194912;195001-199912;200001-201412,./E3SM-2-0/historical/rsut_Amon_E3SM-2-0_historical_r5i1p1f1_gr_185001-189912.nc;./E3SM-2-0/historical/rsut_Amon_E3SM-2-0_historical_r5i1p1f1_gr_190001-194912.nc;./E3SM-2-0/historical/rsut_Amon_E3SM-2-0_historical_r5i1p1f1_gr_195001-199912.nc;./E3SM-2-0/historical/rsut_Amon_E3SM-2-0_historical_r5i1p1f1_gr_200001-201412.nc,Amon;Amon;Amon;Amon,gr;gr;gr;gr,185001-189912;190001-194912;195001-199912;200001-201412
E3SM-2-0,historical,r6i1p1f1,ambiguous,,tas;rsdt;rlut;rsut,./E3SM-2-0/historical/tas_Amon_E3SM-2-0_historical_r6i1p1f1_gr_185001-189912.nc;./E3SM-2-0/historical/tas_Amon_E3SM-2-0_historical_r6i1p1f1_gr_190001-194912.nc;./E3SM-2-0/historical/tas_Amon_E3SM-2-0_historical_r6i1p1f1_gr_195001-199912.nc;./E3SM-2-0/historical/tas_Amon_E3SM-2-0_historical_r6i1p1f1_gr_200001-201412.nc,Amon;Amon;Amon;Amon,gr;gr;gr;gr,185001-189912;190001-194912;195001-199912;200001-201412,./E3SM-2-0/historical/rsdt_Amon_E3SM-2-0_historical_r6i1p1f1_gr_185001-189912.nc;./E3SM-2-0/historical/rsdt_Amon_E3SM-2-0_historical_r6i1p1f1_gr_190001-194912.nc;./E3SM-2-0/historical/rsdt_Amon_E3SM-2-0_historical_r6i1p1f1_gr_195001-199912.nc;./E3SM-2-0/historical/rsdt_Amon_E3SM-2-0_historical_r6i1p1f1_gr_200001-201412.nc,Amon;Amon;Amon;Amon,gr;gr;gr;gr,185001-189912;190001-194912;195001-199912;200001-201412,./E3SM-2-0/historical/rlut_Amon_E3SM-2-0_historical_r6i1p1f1_gr_185001-189912.nc;./E3SM-2-0/historical/rlut_Amon_E3SM-2-0_historical_r6i1p1f1_gr_190001-194912.nc;./E3SM-2-0/historical/rlut_Amon_E3SM-2-0_historical_r6i1p1f1_gr_195001-199912.nc;./E3SM-2-0/historical/rlut_Amon_E3SM-2-0_historical_r6i1p1f1_gr_200001-201412.nc,Amon;Amon;Amon;Amon,gr;gr;gr;gr,185001-189912;190001-194912;195001-199912;200001-201412,./E3SM-2-0/historical/rsut_Amon_E3SM-2-0_historical_r6i1p1f1_gr_185001-189912.nc;./E3SM-2-0/historical/rsut_Amon_E3SM-2-0_historical_r6i1p1f1_gr_190001-194912.nc;./E3SM-2-0/historical/rsut_Amon_E3SM-2-0_historical_r6i1p1f1_gr_195001-199912.nc;./E3SM-2-0/historical/rsut_Amon_E3SM-2-0_historical_r6i1p1f1_gr_200001-201412.nc,Amon;Amon;Amon;Amon,gr;gr;gr;gr,185001-189912;190001-194912;195001-199912;200001-201412
E3SM-2-0,historical,r7i1p1f1,ambiguous,,tas;rsdt;rlut;rsut,./E3SM-2-0/historical/tas_Amon_E3SM-2-0_historical_r7i1p1f1_gr_185001-189912.nc;./E3SM-2-0/historical/tas_Amon_E3SM-2-0_historical_r7i1p1f1_gr_190001-194912.nc;./E3SM-2-0/historical/tas_Amon_E3SM-2-0_historical_r7i1p1f1_gr_195001-199912.nc;./E3SM-2-0/historical/tas_Amon_E3SM-2-0_historical_r7i1p1f1_gr_200001-201412.nc,Amon;Amon;Amon;Amon,gr;gr;gr;gr,185001-189912;190001-194912;195001-199912;200001-201412,./E3SM-2-0/historical/rsdt_Amon_E3SM-2-0_historical_r7i1p1f1_gr_185001-189912.nc;./E3SM-2-0/historical/rsdt_Amon_E3SM-2-0_historical_r7i1p1f1_gr_190001-194912.nc;./E3SM-2-0/historical/rsdt_Amon_E3SM-2-0_historical_r7i1p1f1_gr_195001-199912.nc;./E3SM-2-0/historical/rsdt_Amon_E3SM-2-0_historical_r7i1p1f1_gr_200001-201412.nc,Amon;Amon;Amon;Amon,gr;gr;gr;gr,185001-189912;190001-194912;195001-199912;200001-201412,./E3SM-2-0/historical/rlut_Amon_E3SM-2-0_historical_r7i1p1f1_gr_185001-189912.nc;./E3SM-2-0/historical/rlut_Amon_E3SM-2-0_historical_r7i1p1f1_gr_190001-194912.nc;./E3SM-2-0/historical/rlut_Amon_E3SM-2-0_historical_r7i1p1f1_gr_195001-199912.nc;./E3SM-2-0/historical/rlut_Amon_E3SM-2-0_historical_r7i1p1f1_gr_200001-201412.nc,Amon;Amon;Amon;Amon,gr;gr;gr;gr,185001-189912;190001-194912;195001-199912;200001-201412,./E3SM-2-0/historical/rsut_Amon_E3SM-2-0_historical_r7i1p1f1_gr_185001-189912.nc;./E3SM-2-0/historical/rsut_Amon_E3SM-2-0_historical_r7i1p1f1_gr_190001-194912.nc;./E3SM-2-0/historical/rsut_Amon_E3SM-2-0_historical_r7i1p1f1_gr_195001-199912.nc;./E3SM-2-0/historical/rsut_Amon_E3SM-2-0_historical_r7i1p1f1_gr_200001-201412.nc,Amon;Amon;Amon;Amon,gr;gr;gr;gr,185001-189912;190001-194912;195001-199912;200001-201412
E3SM-2-0,historical,r8i1p1f1,ambiguous,,tas;rsdt;rlut;rsut,./E3SM-2-0/historical/tas_Amon_E3SM-2-0_historical_r8i1p1f1_gr_185001-189912.nc;./E3SM-2-0/historical/tas_Amon_E3SM-2-0_historical_r8i1p1f1_gr_190001-194912.nc;./E3SM-2-0/historical/tas_Amon_E3SM-2-0_historical_r8i1p1f1_gr_195001-199912.nc;./E3SM-2-0/historical/tas_Amon_E3SM-2-0_historical_r8i1p1f1_gr_200001-201412.nc,Amon;Amon;Amon;Amon,gr;gr;gr;gr,185001-189912;190001-194912;195001-199912;200001-201412,./E3SM-2-0/historical/rsdt_Amon_E3SM-2-0_historical_r8i1p1f1_gr_185001-189912.nc;./E3SM-2-0/historical/rsdt_Amon_E3SM-2-0_historical_r8i1p1f1_gr_190001-194912.nc;./E3SM-2-0/historical/rsdt_Amon_E3SM-2-0_historical_r8i1p1f1_gr_195001-199912.nc;./E3SM-2-0/historical/rsdt_Amon_E3SM-2-0_historical_r8i1p1f1_gr_200001-201412.nc,Amon;Amon;Amon;Amon,gr;gr;gr;gr,185001-189912;190001-194912;195001-199912;200001-201412,./E3SM-2-0/historical/rlut_Amon_E3SM-2-0_historical_r8i1p1f1_gr_185001-189912.nc;./E3SM-2-0/historical/rlut_Amon_E3SM-2-0_historical_r8i1p1f1_gr_190001-194912.nc;./E3SM-2-0/historical/rlut_Amon_E3SM-2-0_historical_r8i1p1f1_gr_195001-199912.nc;./E3SM-2-0/historical/rlut_Amon_E3SM-2-0_historical_r8i1p1f1_gr_200001-201412.nc,Amon;Amon;Amon;Amon,gr;gr;gr;gr,185001-189912;190001-194912;195001-199912;200001-201412,./E3SM-2-0/historical/rsut_Amon_E3SM-2-0_historical_r8i1p1f1_gr_185001-189912.nc;./E3SM-2-0/historical/rsut_Amon_E3SM-2-0_historical_r8i1p1f1_gr_190001-194912.nc;./E3SM-2-0/historical/rsut_Amon_E3SM-2-0_historical_r8i1p1f1_gr_195001-199912.nc;./E3SM-2-0/historical/rsut_Amon_E3SM-2-0_historical_r8i1p1f1_gr_200001-201412.nc,Amon;Amon;Amon;Amon,gr;gr;gr;gr,185001-189912;190001-194912;195001-199912;200001-201412
E3SM-2-0,historical,r9i1p1f1,ambiguous,,tas;rsdt;rlut;rsut,./E3SM-2-0/historical/tas_Amon_E3SM-2-0_historical_r9i1p1f1_gr_185001-189912.nc;./E3SM-2-0/historical/tas_Amon_E3SM-2-0_historical_r9i1p1f1_gr_190001-194912.nc;./E3SM-2-0/historical/tas_Amon_E3SM-2-0_historical_r9i1p1f1_gr_195001-199912.nc;./E3SM-2-0/historical/tas_Amon_E3SM-2-0_historical_r9i1p1f1_gr_200001-201412.nc,Amon;Amon;Amon;Amon,gr;gr;gr;gr,185001-189912;190001-194912;195001-199912;200001-201412,./E3SM-2-0/historical/rsdt_Amon_E3SM-2-0_historical_r9i1p1f1_gr_185001-189912.nc;./E3SM-2-0/historical/rsdt_Amon_E3SM-2-0_historical_r9i1p1f1_gr_190001-194912.nc;./E3SM-2-0/historical/rsdt_Amon_E3SM-2-0_historical_r9i1p1f1_gr_195001-199912.nc;./E3SM-2-0/historical/rsdt_Amon_E3SM-2-0_historical_r9i1p1f1_gr_200001-201412.nc,Amon;Amon;Amon;Amon,gr;gr;gr;gr,185001-189912;190001-194912;195001-199912;200001-201412,./E3SM-2-0/historical/rlut_Amon_E3SM-2-0_historical_r9i1p1f1_gr_185001-189912.nc;./E3SM-2-0/historical/rlut_Amon_E3SM-2-0_historical_r9i1p1f1_gr_190001-194912.nc;./E3SM-2-0/historical/rlut_Amon_E3SM-2-0_historical_r9i1p1f1_gr_195001-199912.nc;./E3SM-2-0/historical/rlut_Amon_E3SM-2-0_historical_r9i1p1f1_gr_200001-201412.nc,Amon;Amon;Amon;Amon,gr;gr;gr;gr,185001-189912;190001-194912;195001-199912;200001-201412,./E3SM-2-0/historical/rsut_Amon_E3SM-2-0_historical_r9i1p1f1_gr_185001-189912.nc;./E3SM-2-0/historical/rsut_Amon_E3SM-2-0_historical_r9i1p1f1_gr_190001-194912.nc;./E3SM-2-0/historical/rsut_Amon_E3SM-2-0_historical_r9i1p1f1_gr_195001-199912.nc;./E3SM-2-0/historical/rsut_Amon_E3SM-2-0_historical_r9i1p1f1_gr_200001-201412.nc,Amon;Amon;Amon;Amon,gr;gr;gr;gr,185001-189912;190001-194912;195001-199912;200001-201412
E3SM-2-0,piClim-histall,r1i1p1f1,ambiguous,,tas;rsdt;rlut;rsut,./E3SM-2-0/piClim-histall/tas_Amon_E3SM-2-0_piClim-histall_r1i1p1f1_gr_185001-189912.nc;./E3SM-2-0/piClim-histall/tas_Amon_E3SM-2-0_piClim-histall_r1i1p1f1_gr_190001-194912.nc;./E3SM-2-0/piClim-histall/tas_Amon_E3SM-2-0_piClim-histall_r1i1p1f1_gr_195001-199912.nc;./E3SM-2-0/piClim-histall/tas_Amon_E3SM-2-0_piClim-histall_r1i1p1f1_gr_200001-201412.nc,Amon;Amon;Amon;Amon,gr;gr;gr;gr,185001-189912;190001-194912;195001-199912;200001-201412,./E3SM-2-0/piClim-histall/rsdt_Amon_E3SM-2-0_piClim-histall_r1i1p1f1_gr_185001-189912.nc;./E3SM-2-0/piClim-histall/rsdt_Amon_E3SM-2-0_piClim-histall_r1i1p1f1_gr_190001-194912.nc;./E3SM-2-0/piClim-histall/rsdt_Amon_E3SM-2-0_piClim-histall_r1i1p1f1_gr_195001-199912.nc;./E3SM-2-0/piClim-histall/rsdt_Amon_E3SM-2-0_piClim-histall_r1i1p1f1_gr_200001-201412.nc,Amon;Amon;Amon;Amon,gr;gr;gr;gr,185001-189912;190001-194912;195001-199912;200001-201412,./E3SM-2-0/piClim-histall/rlut_Amon_E3SM-2-0_piClim-histall_r1i1p1f1_gr_185001-189912.nc;./E3SM-2-0/piClim-histall/rlut_Amon_E3SM-2-0_piClim-histall_r1i1p1f1_gr_190001-194912.nc;./E3SM-2-0/piClim-histall/rlut_Amon_E3SM-2-0_piClim-histall_r1i1p1f1_gr_195001-199912.nc;./E3SM-2-0/piClim-histall/rlut_Amon_E3SM-2-0_piClim-histall_r1i1p1f1_gr_200001-201412.nc,Amon;Amon;Amon;Amon,gr;gr;gr;gr,185001-189912;190001-194912;195001-199912;200001-201412,./E3SM-2-0/piClim-histall/rsut_Amon_E3SM-2-0_piClim-histall_r1i1p1f1_gr_185001-189912.nc;./E3SM-2-0/piClim-histall/rsut_Amon_E3SM-2-0_piClim-histall_r1i1p1f1_gr_190001-194912.nc;./E3SM-2-0/piClim-histall/rsut_Amon_E3SM-2-0_piClim-histall_r1i1p1f1_gr_195001-199912.nc;./E3SM-2-0/piClim-histall/rsut_Amon_E3SM-2-0_piClim-histall_r1i1p1f1_gr_200001-201412.nc,Amon;Amon;Amon;Amon,gr;gr;gr;gr,185001-189912;190001-194912;195001-199912;200001-201412
E3SM-2-0,piClim-histall,r2i1p1f1,ambiguous,,tas;rsdt;rlut;rsut,./E3SM-2-0/piClim-histall/tas_Amon_E3SM-2-0_piClim-histall_r2i1p1f1_gr_185001-189912.nc;./E3SM-2-0/piClim-histall/tas_Amon_E3SM-2-0_piClim-histall_r2i1p1f1_gr_190001-194912.nc;./E3SM-2-0/piClim-histall/tas_Amon_E3SM-2-0_piClim-histall_r2i1p1f1_gr_195001-199912.nc;./E3SM-2-0/piClim-histall/tas_Amon_E3SM-2-0_piClim-histall_r2i1p1f1_gr_200001-201412.nc,Amon;Amon;Amon;Amon,gr;gr;gr;gr,185001-189912;190001-194912;195001-199912;200001-201412,./E3SM-2-0/piClim-histall/rsdt_Amon_E3SM-2-0_piClim-histall_r2i1p1f1_gr_185001-189912.nc;./E3SM-2-0/piClim-histall/rsdt_Amon_E3SM-2-0_piClim-histall_r2i1p1f1_gr_190001-194912.nc;./E3SM-2-0/piClim-histall/rsdt_Amon_E3SM-2-0_piClim-histall_r2i1p1f1_gr_195001-199912.nc;./E3SM-2-0/piClim-histall/rsdt_Amon_E3SM-2-0_piClim-histall_r2i1p1f1_gr_200001-201412.nc,Amon;Amon;Amon;Amon,gr;gr;gr;gr,185001-189912;190001-194912;195001-199912;200001-201412,./E3SM-2-0/piClim-histall/rlut_Amon_E3SM-2-0_piClim-histall_r2i1p1f1_gr_185001-189912.nc;./E3SM-2-0/piClim-histall/rlut_Amon_E3SM-2-0_piClim-histall_r2i1p1f1_gr_190001-194912.nc;./E3SM-2-0/piClim-histall/rlut_Amon_E3SM-2-0_piClim-histall_r2i1p1f1_gr_195001-199912.nc;./E3SM-2-0/piClim-histall/rlut_Amon_E3SM-2-0_piClim-histall_r2i1p1f1_gr_200001-201412.nc,Amon;Amon;Amon;Amon,gr;gr;gr;gr,185001-189912;190001-194912;195001-199912;200001-201412,./E3SM-2-0/piClim-histall/rsut_Amon_E3SM-2-0_piClim-histall_r2i1p1f1_gr_185001-189912.nc;./E3SM-2-0/piClim-histall/rsut_Amon_E3SM-2-0_piClim-histall_r2i1p1f1_gr_190001-194912.nc;./E3SM-2-0/piClim-histall/rsut_Amon_E3SM-2-0_piClim-histall_r2i1p1f1_gr_195001-199912.nc;./E3SM-2-0/piClim-histall/rsut_Amon_E3SM-2-0_piClim-histall_r2i1p1f1_gr_200001-201412.nc,Amon;Amon;Amon;Amon,gr;gr;gr;gr,185001-189912;190001-194912;195001-199912;200001-201412
E3SM-2-0,piClim-histall,r3i1p1f1,ambiguous,,tas;rsdt;rlut;rsut,./E3SM-2-0/piClim-histall/tas_Amon_E3SM-2-0_piClim-histall_r3i1p1f1_gr_185001-189912.nc;./E3SM-2-0/piClim-histall/tas_Amon_E3SM-2-0_piClim-histall_r3i1p1f1_gr_190001-194912.nc;./E3SM-2-0/piClim-histall/tas_Amon_E3SM-2-0_piClim-histall_r3i1p1f1_gr_195001-199912.nc;./E3SM-2-0/piClim-histall/tas_Amon_E3SM-2-0_piClim-histall_r3i1p1f1_gr_200001-201412.nc,Amon;Amon;Amon;Amon,gr;gr;gr;gr,185001-189912;190001-194912;195001-199912;200001-201412,./E3SM-2-0/piClim-histall/rsdt_Amon_E3SM-2-0_piClim-histall_r3i1p1f1_gr_185001-189912.nc;./E3SM-2-0/piClim-histall/rsdt_Amon_E3SM-2-0_piClim-histall_r3i1p1f1_gr_190001-194912.nc;./E3SM-2-0/piClim-histall/rsdt_Amon_E3SM-2-0_piClim-histall_r3i1p1f1_gr_195001-199912.nc;./E3SM-2-0/piClim-histall/rsdt_Amon_E3SM-2-0_piClim-histall_r3i1p1f1_gr_200001-201412.nc,Amon;Amon;Amon;Amon,gr;gr;gr;gr,185001-189912;190001-194912;195001-199912;200001-201412,./E3SM-2-0/piClim-histall/rlut_Amon_E3SM-2-0_piClim-histall_r3i1p1f1_gr_185001-189912.nc;./E3SM-2-0/piClim-histall/rlut_Amon_E3SM-2-0_piClim-histall_r3i1p1f1_gr_190001-194912.nc;./E3SM-2-0/piClim-histall/rlut_Amon_E3SM-2-0_piClim-histall_r3i1p1f1_gr_195001-199912.nc;./E3SM-2-0/piClim-histall/rlut_Amon_E3SM-2-0_piClim-histall_r3i1p1f1_gr_200001-201412.nc,Amon;Amon;Amon;Amon,gr;gr;gr;gr,185001-189912;190001-194912;195001-199912;200001-201412,./E3SM-2-0/piClim-histall/rsut_Amon_E3SM-2-0_piClim-histall_r3i1p1f1_gr_185001-189912.nc;./E3SM-2-0/piClim-histall/rsut_Amon_E3SM-2-0_piClim-histall_r3i1p1f1_gr_190001-194912.nc;./E3SM-2-0/piClim-histall/rsut_Amon_E3SM-2-0_piClim-histall_r3i1p1f1_gr_195001-199912.nc;./E3SM-2-0/piClim-histall/rsut_Amon_E3SM-2-0_piClim-histall_r3i1p1f1_gr_200001-201412.nc,Amon;Amon;Amon;Amon,gr;gr;gr;gr,185001-189912;190001-194912;195001-199912;200001-201412
E3SM-2-0,ssp370,r11i1p1f1,ambiguous,,tas;rsdt;rlut;rsut,./E3SM-2-0/ssp370/tas_Amon_E3SM-2-0_ssp370_r11i1p1f1_gr_201501-206412.nc;./E3SM-2-0/ssp370/tas_Amon_E3SM-2-0_ssp370_r11i1p1f1_gr_206501-210012.nc,Amon;Amon,gr;gr,201501-206412;206501-210012,./E3SM-2-0/ssp370/rsdt_Amon_E3SM-2-0_ssp370_r11i1p1f1_gr_201501-206412.nc;./E3SM-2-0/ssp370/rsdt_Amon_E3SM-2-0_ssp370_r11i1p1f1_gr_206501-210012.nc,Amon;Amon,gr;gr,201501-206412;206501-210012,./E3SM-2-0/ssp370/rlut_Amon_E3SM-2-0_ssp370_r11i1p1f1_gr_201501-206412.nc;./E3SM-2-0/ssp370/rlut_Amon_E3SM-2-0_ssp370_r11i1p1f1_gr_206501-210012.nc,Amon;Amon,gr;gr,201501-206412;206501-210012,./E3SM-2-0/ssp370/rsut_Amon_E3SM-2-0_ssp370_r11i1p1f1_gr_201501-206412.nc;./E3SM-2-0/ssp370/rsut_Amon_E3SM-2-0_ssp370_r11i1p1f1_gr_206501-210012.nc,Amon;Amon,gr;gr,201501-206412;206501-210012
E3SM-2-0,ssp370,r12i1p1f1,ambiguous,,tas;rsdt;rlut;rsut,./E3SM-2-0/ssp370/tas_Amon_E3SM-2-0_ssp370_r12i1p1f1_gr_201501-206412.nc;./E3SM-2-0/ssp370/tas_Amon_E3SM-2-0_ssp370_r12i1p1f1_gr_206501-210012.nc,Amon;Amon,gr;gr,201501-206412;206501-210012,./E3SM-2-0/ssp370/rsdt_Amon_E3SM-2-0_ssp370_r12i1p1f1_gr_201501-206412.nc;./E3SM-2-0/ssp370/rsdt_Amon_E3SM-2-0_ssp370_r12i1p1f1_gr_206501-210012.nc,Amon;Amon,gr;gr,201501-206412;206501-210012,./E3SM-2-0/ssp370/rlut_Amon_E3SM-2-0_ssp370_r12i1p1f1_gr_201501-206412.nc;./E3SM-2-0/ssp370/rlut_Amon_E3SM-2-0_ssp370_r12i1p1f1_gr_206501-210012.nc,Amon;Amon,gr;gr,201501-206412;206501-210012,./E3SM-2-0/ssp370/rsut_Amon_E3SM-2-0_ssp370_r12i1p1f1_gr_201501-206412.nc;./E3SM-2-0/ssp370/rsut_Amon_E3SM-2-0_ssp370_r12i1p1f1_gr_206501-210012.nc,Amon;Amon,gr;gr,201501-206412;206501-210012
E3SM-2-0,ssp370,r13i1p1f1,ambiguous,,tas;rsdt;rlut;rsut,./E3SM-2-0/ssp370/tas_Amon_E3SM-2-0_ssp370_r13i1p1f1_gr_201501-206412.nc;./E3SM-2-0/ssp370/tas_Amon_E3SM-2-0_ssp370_r13i1p1f1_gr_206501-210012.nc,Amon;Amon,gr;gr,201501-206412;206501-210012,./E3SM-2-0/ssp370/rsdt_Amon_E3SM-2-0_ssp370_r13i1p1f1_gr_201501-206412.nc;./E3SM-2-0/ssp370/rsdt_Amon_E3SM-2-0_ssp370_r13i1p1f1_gr_206501-210012.nc,Amon;Amon,gr;gr,201501-206412;206501-210012,./E3SM-2-0/ssp370/rlut_Amon_E3SM-2-0_ssp370_r13i1p1f1_gr_201501-206412.nc;./E3SM-2-0/ssp370/rlut_Amon_E3SM-2-0_ssp370_r13i1p1f1_gr_206501-210012.nc,Amon;Amon,gr;gr,201501-206412;206501-210012,./E3SM-2-0/ssp370/rsut_Amon_E3SM-2-0_ssp370_r13i1p1f1_gr_201501-206412.nc;./E3SM-2-0/ssp370/rsut_Amon_E3SM-2-0_ssp370_r13i1p1f1_gr_206501-210012.nc,Amon;Amon,gr;gr,201501-206412;206501-210012
E3SM-2-0,ssp370,r14i1p1f1,ambiguous,,tas;rsdt;rlut;rsut,./E3SM-2-0/ssp370/tas_Amon_E3SM-2-0_ssp370_r14i1p1f1_gr_201501-206412.nc;./E3SM-2-0/ssp370/tas_Amon_E3SM-2-0_ssp370_r14i1p1f1_gr_206501-210012.nc,Amon;Amon,gr;gr,201501-206412;206501-210012,./E3SM-2-0/ssp370/rsdt_Amon_E3SM-2-0_ssp370_r14i1p1f1_gr_201501-206412.nc;./E3SM-2-0/ssp370/rsdt_Amon_E3SM-2-0_ssp370_r14i1p1f1_gr_206501-210012.nc,Amon;Amon,gr;gr,201501-206412;206501-210012,./E3SM-2-0/ssp370/rlut_Amon_E3SM-2-0_ssp370_r14i1p1f1_gr_201501-206412.nc;./E3SM-2-0/ssp370/rlut_Amon_E3SM-2-0_ssp370_r14i1p1f1_gr_206501-210012.nc,Amon;Amon,gr;gr,201501-206412;206501-210012,./E3SM-2-0/ssp370/rsut_Amon_E3SM-2-0_ssp370_r14i1p1f1_gr_201501-206412.nc;./E3SM-2-0/ssp370/rsut_Amon_E3SM-2-0_ssp370_r14i1p1f1_gr_206501-210012.nc,Amon;Amon,gr;gr,201501-206412;206501-210012
E3SM-2-0,ssp370,r15i1p1f1,ambiguous,,tas;rsdt;rlut;rsut,./E3SM-2-0/ssp370/tas_Amon_E3SM-2-0_ssp370_r15i1p1f1_gr_201501-206412.nc;./E3SM-2-0/ssp370/tas_Amon_E3SM-2-0_ssp370_r15i1p1f1_gr_206501-210012.nc,Amon;Amon,gr;gr,201501-206412;206501-210012,./E3SM-2-0/ssp370/rsdt_Amon_E3SM-2-0_ssp370_r15i1p1f1_gr_201501-206412.nc;./E3SM-2-0/ssp370/rsdt_Amon_E3SM-2-0_ssp370_r15i1p1f1_gr_206501-210012.nc,Amon;Amon,gr;gr,201501-206412;206501-210012,./E3SM-2-0/ssp370/rlut_Amon_E3SM-2-0_ssp370_r15i1p1f1_gr_201501-206412.nc;./E3SM-2-0/ssp370/rlut_Amon_E3SM-2-0_ssp370_r15i1p1f1_gr_206501-210012.nc,Amon;Amon,gr;gr,201501-206412;206501-210012,./E3SM-2-0/ssp370/rsut_Amon_E3SM-2-0_ssp370_r15i1p1f1_gr_201501-206412.nc;./E3SM-2-0/ssp370/rsut_Amon_E3SM-2-0_ssp370_r15i1p1f1_gr_206501-210012.nc,Amon;Amon,gr;gr,201501-206412;206501-210012
E3SM-2-0,ssp370,r16i1p1f1,ambiguous,,tas;rsdt;rlut;rsut,./E3SM-2-0/ssp370/tas_Amon_E3SM-2-0_ssp370_r16i1p1f1_gr_201501-206412.nc;./E3SM-2-0/ssp370/tas_Amon_E3SM-2-0_ssp370_r16i1p1f1_gr_206501-210012.nc,Amon;Amon,gr;gr,201501-206412;206501-210012,./E3SM-2-0/ssp370/rsdt_Amon_E3SM-2-0_ssp370_r16i1p1f1_gr_201501-206412.nc;./E3SM-2-0/ssp370/rsdt_Amon_E3SM-2-0_ssp370_r16i1p1f1_gr_206501-210012.nc,Amon;Amon,gr;gr,201501-206412;206501-210012,./E3SM-2-0/ssp370/rlut_Amon_E3SM-2-0_ssp370_r16i1p1f1_gr_201501-206412.nc;./E3SM-2-0/ssp370/rlut_Amon_E3SM-2-0_ssp370_r16i1p1f1_gr_206501-210012.nc,Amon;Amon,gr;gr,201501-206412;206501-210012,./E3SM-2-0/ssp370/rsut_Amon_E3SM-2-0_ssp370_r16i1p1f1_gr_201501-206412.nc;./E3SM-2-0/ssp370/rsut_Amon_E3SM-2-0_ssp370_r16i1p1f1_gr_206501-210012.nc,Amon;Amon,gr;gr,201501-206412;206501-210012
E3SM-2-0,ssp370,r17i1p1f1,ambiguous,,tas;rsdt;rlut;rsut,./E3SM-2-0/ssp370/tas_Amon_E3SM-2-0_ssp370_r17i1p1f1_gr_201501-206412.nc;./E3SM-2-0/ssp370/tas_Amon_E3SM-2-0_ssp370_r17i1p1f1_gr_206501-210012.nc,Amon;Amon,gr;gr,201501-206412;206501-210012,./E3SM-2-0/ssp370/rsdt_Amon_E3SM-2-0_ssp370_r17i1p1f1_gr_201501-206412.nc;./E3SM-2-0/ssp370/rsdt_Amon_E3SM-2-0_ssp370_r17i1p1f1_gr_206501-210012.nc,Amon;Amon,gr;gr,201501-206412;206501-210012,./E3SM-2-0/ssp370/rlut_Amon_E3SM-2-0_ssp370_r17i1p1f1_gr_201501-206412.nc;./E3SM-2-0/ssp370/rlut_Amon_E3SM-2-0_ssp370_r17i1p1f1_gr_206501-210012.nc,Amon;Amon,gr;gr,201501-206412;206501-210012,./E3SM-2-0/ssp370/rsut_Amon_E3SM-2-0_ssp370_r17i1p1f1_gr_201501-206412.nc;./E3SM-2-0/ssp370/rsut_Amon_E3SM-2-0_ssp370_r17i1p1f1_gr_206501-210012.nc,Amon;Amon,gr;gr,201501-206412;206501-210012
E3SM-2-0,ssp370,r18i1p1f1,ambiguous,,tas;rsdt;rlut;rsut,./E3SM-2-0/ssp370/tas_Amon_E3SM-2-0_ssp370_r18i1p1f1_gr_201501-206412.nc;./E3SM-2-0/ssp370/tas_Amon_E3SM-2-0_ssp370_r18i1p1f1_gr_206501-210012.nc,Amon;Amon,gr;gr,201501-206412;206501-210012,./E3SM-2-0/ssp370/rsdt_Amon_E3SM-2-0_ssp370_r18i1p1f1_gr_201501-206412.nc;./E3SM-2-0/ssp370/rsdt_Amon_E3SM-2-0_ssp370_r18i1p1f1_gr_206501-210012.nc,Amon;Amon,gr;gr,201501-206412;206501-210012,./E3SM-2-0/ssp370/rlut_Amon_E3SM-2-0_ssp370_r18i1p1f1_gr_201501-206412.nc;./E3SM-2-0/ssp370/rlut_Amon_E3SM-2-0_ssp370_r18i1p1f1_gr_206501-210012.nc,Amon;Amon,gr;gr,201501-206412;206501-210012,./E3SM-2-0/ssp370/rsut_Amon_E3SM-2-0_ssp370_r18i1p1f1_gr_201501-206412.nc;./E3SM-2-0/ssp370/rsut_Amon_E3SM-2-0_ssp370_r18i1p1f1_gr_206501-210012.nc,Amon;Amon,gr;gr,201501-206412;206501-210012
E3SM-2-0,ssp370,r19i1p1f1,ambiguous,,tas;rsdt;rlut;rsut,./E3SM-2-0/ssp370/tas_Amon_E3SM-2-0_ssp370_r19i1p1f1_gr_201501-206412.nc;./E3SM-2-0/ssp370/tas_Amon_E3SM-2-0_ssp370_r19i1p1f1_gr_206501-210012.nc,Amon;Amon,gr;gr,201501-206412;206501-210012,./E3SM-2-0/ssp370/rsdt_Amon_E3SM-2-0_ssp370_r19i1p1f1_gr_201501-206412.nc;./E3SM-2-0/ssp370/rsdt_Amon_E3SM-2-0_ssp370_r19i1p1f1_gr_206501-210012.nc,Amon;Amon,gr;gr,201501-206412;206501-210012,./E3SM-2-0/ssp370/rlut_Amon_E3SM-2-0_ssp370_r19i1p1f1_gr_201501-206412.nc;./E3SM-2-0/ssp370/rlut_Amon_E3SM-2-0_ssp370_r19i1p1f1_gr_206501-210012.nc,Amon;Amon,gr;gr,201501-206412;206501-210012,./E3SM-2-0/ssp370/rsut_Amon_E3SM-2-0_ssp370_r19i1p1f1_gr_201501-206412.nc;./E3SM-2-0/ssp370/rsut_Amon_E3SM-2-0_ssp370_r19i1p1f1_gr_206501-210012.nc,Amon;Amon,gr;gr,201501-206412;206501-210012
E3SM-2-0,ssp370,r1i1p1f1,ambiguous,,tas;rsdt;rlut;rsut,./E3SM-2-0/ssp370/tas_Amon_E3SM-2-0_ssp370_r1i1p1f1_gr_201501-206412.nc;./E3SM-2-0/ssp370/tas_Amon_E3SM-2-0_ssp370_r1i1p1f1_gr_206501-210012.nc,Amon;Amon,gr;gr,201501-206412;206501-210012,./E3SM-2-0/ssp370/rsdt_Amon_E3SM-2-0_ssp370_r1i1p1f1_gr_201501-206412.nc;./E3SM-2-0/ssp370/rsdt_Amon_E3SM-2-0_ssp370_r1i1p1f1_gr_206501-210012.nc,Amon;Amon,gr;gr,201501-206412;206501-210012,./E3SM-2-0/ssp370/rlut_Amon_E3SM-2-0_ssp370_r1i1p1f1_gr_201501-206412.nc;./E3SM-2-0/ssp370/rlut_Amon_E3SM-2-0_ssp370_r1i1p1f1_gr_206501-210012.nc,Amon;Amon,gr;gr,201501-206412;206501-210012,./E3SM-2-0/ssp370/rsut_Amon_E3SM-2-0_ssp370_r1i1p1f1_gr_201501-206412.nc;./E3SM-2-0/ssp370/rsut_Amon_E3SM-2-0_ssp370_r1i1p1f1_gr_206501-210012.nc,Amon;Amon,gr;gr,201501-206412;206501-210012
E3SM-2-0,ssp370,r20i1p1f1,ambiguous,,tas;rsdt;rlut;rsut,./E3SM-2-0/ssp370/tas_Amon_E3SM-2-0_ssp370_r20i1p1f1_gr_201501-206412.nc;./E3SM-2-0/ssp370/tas_Amon_E3SM-2-0_ssp370_r20i1p1f1_gr_206501-210012.nc,Amon;Amon,gr;gr,201501-206412;206501-210012,./E3SM-2-0/ssp370/rsdt_Amon_E3SM-2-0_ssp370_r20i1p1f1_gr_201501-206412.nc;./E3SM-2-0/ssp370/rsdt_Amon_E3SM-2-0_ssp370_r20i1p1f1_gr_206501-210012.nc,Amon;Amon,gr;gr,201501-206412;206501-210012,./E3SM-2-0/ssp370/rlut_Amon_E3SM-2-0_ssp370_r20i1p1f1_gr_201501-206412.nc;./E3SM-2-0/ssp370/rlut_Amon_E3SM-2-0_ssp370_r20i1p1f1_gr_206501-210012.nc,Amon;Amon,gr;gr,201501-206412;206501-210012,./E3SM-2-0/ssp370/rsut_Amon_E3SM-2-0_ssp370_r20i1p1f1_gr_201501-206412.nc;./E3SM-2-0/ssp370/rsut_Amon_E3SM-2-0_ssp370_r20i1p1f1_gr_206501-210012.nc,Amon;Amon,gr;gr,201501-206412;206501-210012
E3SM-2-0,ssp370,r21i1p1f1,ambiguous,,tas;rsdt;rlut;rsut,./E3SM-2-0/ssp370/tas_Amon_E3SM-2-0_ssp370_r21i1p1f1_gr_201501-206412.nc;./E3SM-2-0/ssp370/tas_Amon_E3SM-2-0_ssp370_r21i1p1f1_gr_206501-210012.nc,Amon;Amon,gr;gr,201501-206412;206501-210012,./E3SM-2-0/ssp370/rsdt_Amon_E3SM-2-0_ssp370_r21i1p1f1_gr_201501-206412.nc;./E3SM-2-0/ssp370/rsdt_Amon_E3SM-2-0_ssp370_r21i1p1f1_gr_206501-210012.nc,Amon;Amon,gr;gr,201501-206412;206501-210012,./E3SM-2-0/ssp370/rlut_Amon_E3SM-2-0_ssp370_r21i1p1f1_gr_201501-206412.nc;./E3SM-2-0/ssp370/rlut_Amon_E3SM-2-0_ssp370_r21i1p1f1_gr_206501-210012.nc,Amon;Amon,gr;gr,201501-206412;206501-210012,./E3SM-2-0/ssp370/rsut_Amon_E3SM-2-0_ssp370_r21i1p1f1_gr_201501-206412.nc;./E3SM-2-0/ssp370/rsut_Amon_E3SM-2-0_ssp370_r21i1p1f1_gr_206501-210012.nc,Amon;Amon,gr;gr,201501-206412;206501-210012
E3SM-2-0,ssp370,r2i1p1f1,ambiguous,,tas;rsdt;rlut;rsut,./E3SM-2-0/ssp370/tas_Amon_E3SM-2-0_ssp370_r2i1p1f1_gr_201501-206412.nc;./E3SM-2-0/ssp370/tas_Amon_E3SM-2-0_ssp370_r2i1p1f1_gr_206501-210012.nc,Amon;Amon,gr;gr,201501-206412;206501-210012,./E3SM-2-0/ssp370/rsdt_Amon_E3SM-2-0_ssp370_r2i1p1f1_gr_201501-206412.nc;./E3SM-2-0/ssp370/rsdt_Amon_E3SM-2-0_ssp370_r2i1p1f1_gr_206501-210012.nc,Amon;Amon,gr;gr,201501-206412;206501-210012,./E3SM-2-0/ssp370/rlut_Amon_E3SM-2-0_ssp370_r2i1p1f1_gr_201501-206412.nc;./E3SM-2-0/ssp370/rlut_Amon_E3SM-2-0_ssp370_r2i1p1f1_gr_206501-210012.nc,Amon;Amon,gr;gr,201501-206412;206501-210012,./E3SM-2-0/ssp370/rsut_Amon_E3SM-2-0_ssp370_r2i1p1f1_gr_201501-206412.nc;./E3SM-2-0/ssp370/rsut_Amon_E3SM-2-0_ssp370_r2i1p1f1_gr_206501-210012.nc,Amon;Amon,gr;gr,201501-206412;206501-210012
E3SM-2-0,ssp370,r3i1p1f1,ambiguous,,tas;rsdt;rlut;rsut,./E3SM-2-0/ssp370/tas_Amon_E3SM-2-0_ssp370_r3i1p1f1_gr_201501-206412.nc;./E3SM-2-0/ssp370/tas_Amon_E3SM-2-0_ssp370_r3i1p1f1_gr_206501-210012.nc,Amon;Amon,gr;gr,201501-206412;206501-210012,./E3SM-2-0/ssp370/rsdt_Amon_E3SM-2-0_ssp370_r3i1p1f1_gr_201501-206412.nc;./E3SM-2-0/ssp370/rsdt_Amon_E3SM-2-0_ssp370_r3i1p1f1_gr_206501-210012.nc,Amon;Amon,gr;gr,201501-206412;206501-210012,./E3SM-2-0/ssp370/rlut_Amon_E3SM-2-0_ssp370_r3i1p1f1_gr_201501-206412.nc;./E3SM-2-0/ssp370/rlut_Amon_E3SM-2-0_ssp370_r3i1p1f1_gr_206501-210012.nc,Amon;Amon,gr;gr,201501-206412;206501-210012,./E3SM-2-0/ssp370/rsut_Amon_E3SM-2-0_ssp370_r3i1p1f1_gr_201501-206412.nc;./E3SM-2-0/ssp370/rsut_Amon_E3SM-2-0_ssp370_r3i1p1f1_gr_206501-210012.nc,Amon;Amon,gr;gr,201501-206412;206501-210012
E3SM-2-0,ssp370,r4i1p1f1,ambiguous,,tas;rsdt;rlut;rsut,./E3SM-2-0/ssp370/tas_Amon_E3SM-2-0_ssp370_r4i1p1f1_gr_201501-206412.nc;./E3SM-2-0/ssp370/tas_Amon_E3SM-2-0_ssp370_r4i1p1f1_gr_206501-210012.nc,Amon;Amon,gr;gr,201501-206412;206501-210012,./E3SM-2-0/ssp370/rsdt_Amon_E3SM-2-0_ssp370_r4i1p1f1_gr_201501-206412.nc;./E3SM-2-0/ssp370/rsdt_Amon_E3SM-2-0_ssp370_r4i1p1f1_gr_206501-210012.nc,Amon;Amon,gr;gr,201501-206412;206501-210012,./E3SM-2-0/ssp370/rlut_Amon_E3SM-2-0_ssp370_r4i1p1f1_gr_201501-206412.nc;./E3SM-2-0/ssp370/rlut_Amon_E3SM-2-0_ssp370_r4i1p1f1_gr_206501-210012.nc,Amon;Amon,gr;gr,201501-206412;206501-210012,./E3SM-2-0/ssp370/rsut_Amon_E3SM-2-0_ssp370_r4i1p1f1_gr_201501-206412.nc;./E3SM-2-0/ssp370/rsut_Amon_E3SM-2-0_ssp370_r4i1p1f1_gr_206501-210012.nc,Amon;Amon,gr;gr,201501-206412;206501-210012
E3SM-2-0,ssp370,r5i1p1f1,ambiguous,,tas;rsdt;rlut;rsut,./E3SM-2-0/ssp370/tas_Amon_E3SM-2-0_ssp370_r5i1p1f1_gr_201501-206412.nc;./E3SM-2-0/ssp370/tas_Amon_E3SM-2-0_ssp370_r5i1p1f1_gr_206501-210012.nc,Amon;Amon,gr;gr,201501-206412;206501-210012,./E3SM-2-0/ssp370/rsdt_Amon_E3SM-2-0_ssp370_r5i1p1f1_gr_201501-206412.nc;./E3SM-2-0/ssp370/rsdt_Amon_E3SM-2-0_ssp370_r5i1p1f1_gr_206501-210012.nc,Amon;Amon,gr;gr,201501-206412;206501-210012,./E3SM-2-0/ssp370/rlut_Amon_E3SM-2-0_ssp370_r5i1p1f1_gr_201501-206412.nc;./E3SM-2-0/ssp370/rlut_Amon_E3SM-2-0_ssp370_r5i1p1f1_gr_206501-210012.nc,Amon;Amon,gr;gr,201501-206412;206501-210012,./E3SM-2-0/ssp370/rsut_Amon_E3SM-2-0_ssp370_r5i1p1f1_gr_201501-206412.nc;./E3SM-2-0/ssp370/rsut_Amon_E3SM-2-0_ssp370_r5i1p1f1_gr_206501-210012.nc,Amon;Amon,gr;gr,201501-206412;206501-210012
E3SM-2-0,ssp370,r6i1p1f1,ambiguous,,tas;rsdt;rlut;rsut,./E3SM-2-0/ssp370/tas_Amon_E3SM-2-0_ssp370_r6i1p1f1_gr_201501-206412.nc;./E3SM-2-0/ssp370/tas_Amon_E3SM-2-0_ssp370_r6i1p1f1_gr_206501-210012.nc,Amon;Amon,gr;gr,201501-206412;206501-210012,./E3SM-2-0/ssp370/rsdt_Amon_E3SM-2-0_ssp370_r6i1p1f1_gr_201501-206412.nc;./E3SM-2-0/ssp370/rsdt_Amon_E3SM-2-0_ssp370_r6i1p1f1_gr_206501-210012.nc,Amon;Amon,gr;gr,201501-206412;206501-210012,./E3SM-2-0/ssp370/rlut_Amon_E3SM-2-0_ssp370_r6i1p1f1_gr_201501-206412.nc;./E3SM-2-0/ssp370/rlut_Amon_E3SM-2-0_ssp370_r6i1p1f1_gr_206501-210012.nc,Amon;Amon,gr;gr,201501-206412;206501-210012,./E3SM-2-0/ssp370/rsut_Amon_E3SM-2-0_ssp370_r6i1p1f1_gr_201501-206412.nc;./E3SM-2-0/ssp370/rsut_Amon_E3SM-2-0_ssp370_r6i1p1f1_gr_206501-210012.nc,Amon;Amon,gr;gr,201501-206412;206501-210012
E3SM-2-0,ssp370,r7i1p1f1,ambiguous,,tas;rsdt;rlut;rsut,./E3SM-2-0/ssp370/tas_Amon_E3SM-2-0_ssp370_r7i1p1f1_gr_201501-206412.nc;./E3SM-2-0/ssp370/tas_Amon_E3SM-2-0_ssp370_r7i1p1f1_gr_206501-210012.nc,Amon;Amon,gr;gr,201501-206412;206501-210012,./E3SM-2-0/ssp370/rsdt_Amon_E3SM-2-0_ssp370_r7i1p1f1_gr_201501-206412.nc;./E3SM-2-0/ssp370/rsdt_Amon_E3SM-2-0_ssp370_r7i1p1f1_gr_206501-210012.nc,Amon;Amon,gr;gr,201501-206412;206501-210012,./E3SM-2-0/ssp370/rlut_Amon_E3SM-2-0_ssp370_r7i1p1f1_gr_201501-206412.nc;./E3SM-2-0/ssp370/rlut_Amon_E3SM-2-0_ssp370_r7i1p1f1_gr_206501-210012.nc,Amon;Amon,gr;gr,201501-206412;206501-210012,./E3SM-2-0/ssp370/rsut_Amon_E3SM-2-0_ssp370_r7i1p1f1_gr_201501-206412.nc;./E3SM-2-0/ssp370/rsut_Amon_E3SM-2-0_ssp370_r7i1p1f1_gr_206501-210012.nc,Amon;Amon,gr;gr,201501-206412;206501-210012
E3SM-2-0,ssp370,r8i1p1f1,ambiguous,,tas;rsdt;rlut;rsut,./E3SM-2-0/ssp370/tas_Amon_E3SM-2-0_ssp370_r8i1p1f1_gr_201501-206412.nc;./E3SM-2-0/ssp370/tas_Amon_E3SM-2-0_ssp370_r8i1p1f1_gr_206501-210012.nc,Amon;Amon,gr;gr,201501-206412;206501-210012,./E3SM-2-0/ssp370/rsdt_Amon_E3SM-2-0_ssp370_r8i1p1f1_gr_201501-206412.nc;./E3SM-2-0/ssp370/rsdt_Amon_E3SM-2-0_ssp370_r8i1p1f1_gr_206501-210012.nc,Amon;Amon,gr;gr,201501-206412;206501-210012,./E3SM-2-0/ssp370/rlut_Amon_E3SM-2-0_ssp370_r8i1p1f1_gr_201501-206412.nc;./E3SM-2-0/ssp370/rlut_Amon_E3SM-2-0_ssp370_r8i1p1f1_gr_206501-210012.nc,Amon;Amon,gr;gr,201501-206412;206501-210012,./E3SM-2-0/ssp370/rsut_Amon_E3SM-2-0_ssp370_r8i1p1f1_gr_201501-206412.nc;./E3SM-2-0/ssp370/rsut_Amon_E3SM-2-0_ssp370_r8i1p1f1_gr_206501-210012.nc,Amon;Amon,gr;gr,201501-206412;206501-210012
E3SM-2-0,ssp370,r9i1p1f1,ambiguous,,tas;rsdt;rlut;rsut,./E3SM-2-0/ssp370/tas_Amon_E3SM-2-0_ssp370_r9i1p1f1_gr_201501-206412.nc;./E3SM-2-0/ssp370/tas_Amon_E3SM-2-0_ssp370_r9i1p1f1_gr_206501-210012.nc,Amon;Amon,gr;gr,201501-206412;206501-210012,./E3SM-2-0/ssp370/rsdt_Amon_E3SM-2-0_ssp370_r9i1p1f1_gr_201501-206412.nc;./E3SM-2-0/ssp370/rsdt_Amon_E3SM-2-0_ssp370_r9i1p1f1_gr_206501-210012.nc,Amon;Amon,gr;gr,201501-206412;206501-210012,./E3SM-2-0/ssp370/rlut_Amon_E3SM-2-0_ssp370_r9i1p1f1_gr_201501-206412.nc;./E3SM-2-0/ssp370/rlut_Amon_E3SM-2-0_ssp370_r9i1p1f1_gr_206501-210012.nc,Amon;Amon,gr;gr,201501-206412;206501-210012,./E3SM-2-0/ssp370/rsut_Amon_E3SM-2-0_ssp370_r9i1p1f1_gr_201501-206412.nc;./E3SM-2-0/ssp370/rsut_Amon_E3SM-2-0_ssp370_r9i1p1f1_gr_206501-210012.nc,Amon;Amon,gr;gr,201501-206412;206501-210012
EC-Earth3,historical,r10i1p1f1,complete,,,./EC-Earth3/historical/tas_Amon_EC-Earth3_historical_r10i1p1f1_gr_185001-201412.nc,Amon,gr,185001-201412,./EC-Earth3/historical/rsdt_Amon_EC-Earth3_historical_r10i1p1f1_gr_185001-201412.nc,Amon,gr,185001-201412,./EC-Earth3/historical/rlut_Amon_EC-Earth3_historical_r10i1p1f1_gr_185001-201412.nc,Amon,gr,185001-201412,./EC-Earth3/historical/rsut_Amon_EC-Earth3_historical_r10i1p1f1_gr_185001-201412.nc,Amon,gr,185001-201412
EC-Earth3,historical,r11i1p1f1,complete,,,./EC-Earth3/historical/tas_Amon_EC-Earth3_historical_r11i1p1f1_gr_185001-201412.nc,Amon,gr,185001-201412,./EC-Earth3/historical/rsdt_Amon_EC-Earth3_historical_r11i1p1f1_gr_185001-201412.nc,Amon,gr,185001-201412,./EC-Earth3/historical/rlut_Amon_EC-Earth3_historical_r11i1p1f1_gr_185001-201412.nc,Amon,gr,185001-201412,./EC-Earth3/historical/rsut_Amon_EC-Earth3_historical_r11i1p1f1_gr_185001-201412.nc,Amon,gr,185001-201412
EC-Earth3,historical,r12i1p1f1,complete,,,./EC-Earth3/historical/tas_Amon_EC-Earth3_historical_r12i1p1f1_gr_185001-201412.nc,Amon,gr,185001-201412,./EC-Earth3/historical/rsdt_Amon_EC-Earth3_historical_r12i1p1f1_gr_185001-201412.nc,Amon,gr,185001-201412,./EC-Earth3/historical/rlut_Amon_EC-Earth3_historical_r12i1p1f1_gr_185001-201412.nc,Amon,gr,185001-201412,./EC-Earth3/historical/rsut_Amon_EC-Earth3_historical_r12i1p1f1_gr_185001-201412.nc,Amon,gr,185001-201412
EC-Earth3,historical,r13i1p1f1,complete,,,./EC-Earth3/historical/tas_Amon_EC-Earth3_historical_r13i1p1f1_gr_185001-201412.nc,Amon,gr,185001-201412,./EC-Earth3/historical/rsdt_Amon_EC-Earth3_historical_r13i1p1f1_gr_185001-201412.nc,Amon,gr,185001-201412,./EC-Earth3/historical/rlut_Amon_EC-Earth3_historical_r13i1p1f1_gr_185001-201412.nc,Amon,gr,185001-201412,./EC-Earth3/historical/rsut_Amon_EC-Earth3_historical_r13i1p1f1_gr_185001-201412.nc,Amon,gr,185001-201412
EC-Earth3,historical,r14i1p1f1,complete,,,./EC-Earth3/historical/tas_Amon_EC-Earth3_historical_r14i1p1f1_gr_185001-201412.nc,Amon,gr,185001-201412,./EC-Earth3/historical/rsdt_Amon_EC-Earth3_historical_r14i1p1f1_gr_185001-201412.nc,Amon,gr,185001-201412,./EC-Earth3/historical/rlut_Amon_EC-Earth3_historical_r14i1p1f1_gr_185001-201412.nc,Amon,gr,185001-201412,./EC-Earth3/historical/rsut_Amon_EC-Earth3_historical_r14i1p1f1_gr_185001-201412.nc,Amon,gr,185001-201412
EC-Earth3,historical,r15i1p1f1,complete,,,./EC-Earth3/historical/tas_Amon_EC-Earth3_historical_r15i1p1f1_gr_185001-201412.nc,Amon,gr,185001-201412,./EC-Earth3/historical/rsdt_Amon_EC-Earth3_historical_r15i1p1f1_gr_185001-201412.nc,Amon,gr,185001-201412,./EC-Earth3/historical/rlut_Amon_EC-Earth3_historical_r15i1p1f1_gr_185001-201412.nc,Amon,gr,185001-201412,./EC-Earth3/historical/rsut_Amon_EC-Earth3_historical_r15i1p1f1_gr_185001-201412.nc,Amon,gr,185001-201412
EC-Earth3,historical,r16i1p1f1,complete,,,./EC-Earth3/historical/tas_Amon_EC-Earth3_historical_r16i1p1f1_gr_185001-201412.nc,Amon,gr,185001-201412,./EC-Earth3/historical/rsdt_Amon_EC-Earth3_historical_r16i1p1f1_gr_185001-201412.nc,Amon,gr,185001-201412,./EC-Earth3/historical/rlut_Amon_EC-Earth3_historical_r16i1p1f1_gr_185001-201412.nc,Amon,gr,185001-201412,./EC-Earth3/historical/rsut_Amon_EC-Earth3_historical_r16i1p1f1_gr_185001-201412.nc,Amon,gr,185001-201412
EC-Earth3,historical,r17i1p1f1,complete,,,./EC-Earth3/historical/tas_Amon_EC-Earth3_historical_r17i1p1f1_gr_185001-201412.nc,Amon,gr,185001-201412,./EC-Earth3/historical/rsdt_Amon_EC-Earth3_historical_r17i1p1f1_gr_185001-201412.nc,Amon,gr,185001-201412,./EC-Earth3/historical/rlut_Amon_EC-Earth3_historical_r17i1p1f1_gr_185001-201412.nc,Amon,gr,185001-201412,./EC-Earth3/historical/rsut_Amon_EC-Earth3_historical_r17i1p1f1_gr_185001-201412.nc,Amon,gr,185001-201412
EC-Earth3,historical,r18i1p1f1,complete,,,./EC-Earth3/historical/tas_Amon_EC-Earth3_historical_r18i1p1f1_gr_185001-201412.nc,Amon,gr,185001-201412,./EC-Earth3/historical/rsdt_Amon_EC-Earth3_historical_r18i1p1f1_gr_185001-201412.nc,Amon,gr,185001-201412,./EC-Earth3/historical/rlut_Amon_EC-Earth3_historical_r18i1p1f1_gr_185001-201412.nc,Amon,gr,185001-201412,./EC-Earth3/historical/rsut_Amon_EC-Earth3_historical_r18i1p1f1_gr_185001-201412.nc,Amon,gr,185001-201412
EC-Earth3,historical,r19i1p1f1,complete,,,./EC-Earth3/historical/tas_Amon_EC-Earth3_historical_r19i1p1f1_gr_185001-201412.nc,Amon,gr,185001-201412,./EC-Earth3/historical/rsdt_Amon_EC-Earth3_historical_r19i1p1f1_gr_185001-201412.nc,Amon,gr,185001-201412,./EC-Earth3/historical/rlut_Amon_EC-Earth3_historical_r19i1p1f1_gr_185001-201412.nc,Amon,gr,185001-201412,./EC-Earth3/historical/rsut_Amon_EC-Earth3_historical_r19i1p1f1_gr_185001-201412.nc,Amon,gr,185001-201412
EC-Earth3,historical,r1i1p1f1,complete,,,./EC-Earth3/historical/tas_Amon_EC-Earth3_historical_r1i1p1f1_gr_185001-201412.nc,Amon,gr,185001-201412,./EC-Earth3/historical/rsdt_Amon_EC-Earth3_historical_r1i1p1f1_gr_185001-201412.nc,Amon,gr,185001-201412,./EC-Earth3/historical/rlut_Amon_EC-Earth3_historical_r1i1p1f1_gr_185001-201412.nc,Amon,gr,185001-201412,./EC-Earth3/historical/rsut_Amon_EC-Earth3_historical_r1i1p1f1_gr_185001-201412.nc,Amon,gr,185001-201412
EC-Earth3,historical,r20i1p1f1,incomplete,rsdt;rlut;rsut,,./EC-Earth3/historical/tas_Amon_EC-Earth3_historical_r20i1p1f1_gr_185001-201412.nc,Amon,gr,185001-201412,,,,,,,,,,,,
EC-Earth3,historical,r21i1p1f1,complete,,,./EC-Earth3/historical/tas_Amon_EC-Earth3_historical_r21i1p1f1_gr_185001-201412.nc,Amon,gr,185001-201412,./EC-Earth3/historical/rsdt_Amon_EC-Earth3_historical_r21i1p1f1_gr_185001-201412.nc,Amon,gr,185001-201412,./EC-Earth3/historical/rlut_Amon_EC-Earth3_historical_r21i1p1f1_gr_185001-201412.nc,Amon,gr,185001-201412,./EC-Earth3/historical/rsut_Amon_EC-Earth3_historical_r21i1p1f1_gr_185001-201412.nc,Amon,gr,185001-201412
EC-Earth3,historical,r22i1p1f1,complete,,,./EC-Earth3/historical/tas_Amon_EC-Earth3_historical_r22i1p1f1_gr_185001-201412.nc,Amon,gr,185001-201412,./EC-Earth3/historical/rsdt_Amon_EC-Earth3_historical_r22i1p1f1_gr_185001-201412.nc,Amon,gr,185001-201412,./EC-Earth3/historical/rlut_Amon_EC-Earth3_historical_r22i1p1f1_gr_185001-201412.nc,Amon,gr,185001-201412,./EC-Earth3/historical/rsut_Amon_EC-Earth3_historical_r22i1p1f1_gr_185001-201412.nc,Amon,gr,185001-201412
EC-Earth3,historical,r23i1p1f1,complete,,,./EC-Earth3/historical/tas_Amon_EC-Earth3_historical_r23i1p1f1_gr_185001-201412.nc,Amon,gr,185001-201412,./EC-Earth3/historical/rsdt_Amon_EC-Earth3_historical_r23i1p1f1_gr_185001-201412.nc,Amon,gr,185001-201412,./EC-Earth3/historical/rlut_Amon_EC-Earth3_historical_r23i1p1f1_gr_185001-201412.nc,Amon,gr,185001-201412,./EC-Earth3/historical/rsut_Amon_EC-Earth3_historical_r23i1p1f1_gr_185001-201412.nc,Amon,gr,185001-201412
EC-Earth3,historical,r24i1p1f1,complete,,,./EC-Earth3/historical/tas_Amon_EC-Earth3_historical_r24i1p1f1_gr_185001-201412.nc,Amon,gr,185001-201412,./EC-Earth3/historical/rsdt_Amon_EC-Earth3_historical_r24i1p1f1_gr_185001-201412.nc,Amon,gr,185001-201412,./EC-Earth3/historical/rlut_Amon_EC-Earth3_historical_r24i1p1f1_gr_185001-201412.nc,Amon,gr,185001-201412,./EC-Earth3/historical/rsut_Amon_EC-Earth3_historical_r24i1p1f1_gr_185001-201412.nc,Amon,gr,185001-201412
EC-Earth3,historical,r25i1p1f1,complete,,,./EC-Earth3/historical/tas_Amon_EC-Earth3_historical_r25i1p1f1_gr_185001-201412.nc,Amon,gr,185001-201412,./EC-Earth3/historical/rsdt_Amon_EC-Earth3_historical_r25i1p1f1_gr_185001-201412.nc,Amon,gr,185001-201412,./EC-Earth3/historical/rlut_Amon_EC-Earth3_historical_r25i1p1f1_gr_185001-201412.nc,Amon,gr,185001-201412,./EC-Earth3/historical/rsut_Amon_EC-Earth3_historical_r25i1p1f1_gr_185001-201412.nc,Amon,gr,185001-201412
EC-Earth3,historical,r2i1p1f1,complete,,,./EC-Earth3/historical/tas_Amon_EC-Earth3_historical_r2i1p1f1_gr_185001-201412.nc,Amon,gr,185001-201412,./EC-Earth3/historical/rsdt_Amon_EC-Earth3_historical_r2i1p1f1_gr_185001-201412.nc,Amon,gr,185001-201412,./EC-Earth3/historical/rlut_Amon_EC-Earth3_historical_r2i1p1f1_gr_185001-201412.nc,Amon,gr,185001-201412,./EC-Earth3/historical/rsut_Amon_EC-Earth3_historical_r2i1p1f1_gr_185001-201412.nc,Amon,gr,185001-201412
EC-Earth3,historical,r3i1p1f1,complete,,,./EC-Earth3/historical/tas_Amon_EC-Earth3_historical_r3i1p1f1_gr_185001-201412.nc,Amon,gr,185001-201412,./EC-Earth3/historical/rsdt_Amon_EC-Earth3_historical_r3i1p1f1_gr_185001-201412.nc,Amon,gr,185001-201412,./EC-Earth3/historical/rlut_Amon_EC-Earth3_historical_r3i1p1f1_gr_185101-201412.nc,Amon,gr,185101-201412,./EC-Earth3/historical/rsut_Amon_EC-Earth3_historical_r3i1p1f1_gr_185001-201412.nc,Amon,gr,185001-201412
EC-Earth3,historical,r4i1p1f1,complete,,,./EC-Earth3/historical/tas_Amon_EC-Earth3_historical_r4i1p1f1_gr_185001-201412.nc,Amon,gr,185001-201412,./EC-Earth3/historical/rsdt_Amon_EC-Earth3_historical_r4i1p1f1_gr_185001-201412.nc,Amon,gr,185001-201412,./EC-Earth3/historical/rlut_Amon_EC-Earth3_historical_r4i1p1f1_gr_185001-201412.nc,Amon,gr,185001-201412,./EC-Earth3/historical/rsut_Amon_EC-Earth3_historical_r4i1p1f1_gr_185001-201412.nc,Amon,gr,185001-201412
EC-Earth3,historical,r5i1p1f1,complete,,,./EC-Earth3/historical/tas_Amon_EC-Earth3_historical_r5i1p1f1_gr_185001-201412.nc,Amon,gr,185001-201412,./EC-Earth3/historical/rsdt_Amon_EC-Earth3_historical_r5i1p1f1_gr_185001-201412.nc,Amon,gr,185001-201412,./EC-Earth3/historical/rlut_Amon_EC-Earth3_historical_r5i1p1f1_gr_185001-201412.nc,Amon,gr,185001-201412,./EC-Earth3/historical/rsut_Amon_EC-Earth3_historical_r5i1p1f1_gr_185001-201412.nc,Amon,gr,185001-201412
EC-Earth3,historical,r6i1p1f1,complete,,,./EC-Earth3/historical/tas_Amon_EC-Earth3_historical_r6i1p1f1_gr_185001-201412.nc,Amon,gr,185001-201412,./EC-Earth3/historical/rsdt_Amon_EC-Earth3_historical_r6i1p1f1_gr_185001-201412.nc,Amon,gr,185001-201412,./EC-Earth3/historical/rlut_Amon_EC-Earth3_historical_r6i1p1f1_gr_185001-201412.nc,Amon,gr,185001-201412,./EC-Earth3/historical/rsut_Amon_EC-Earth3_historical_r6i1p1f1_gr_185001-201412.nc,Amon,gr,185001-201412
EC-Earth3,historical,r7i1p1f1,complete,,,./EC-Earth3/historical/tas_Amon_EC-Earth3_historical_r7i1p1f1_gr_185001-201412.nc,Amon,gr,185001-201412,./EC-Earth3/historical/rsdt_Amon_EC-Earth3_historical_r7i1p1f1_gr_185001-201412.nc,Amon,gr,185001-201412,./EC-Earth3/historical/rlut_Amon_EC-Earth3_historical_r7i1p1f1_gr_185001-201412.nc,Amon,gr,185001-201412,./EC-Earth3/historical/rsut_Amon_EC-Earth3_historical_r7i1p1f1_gr_185001-201412.nc,Amon,gr,185001-201412
EC-Earth3,historical,r9i1p1f1,complete,,,./EC-Earth3/historical/tas_Amon_EC-Earth3_historical_r9i1p1f1_gr_185001-201412.nc,Amon,gr,185001-201412,./EC-Earth3/historical/rsdt_Amon_EC-Earth3_historical_r9i1p1f1_gr_185001-201412.nc,Amon,gr,185001-201412,./EC-Earth3/historical/rlut_Amon_EC-Earth3_historical_r9i1p1f1_gr_185001-201412.nc,Amon,gr,185001-201412,./EC-Earth3/historical/rsut_Amon_EC-Earth3_historical_r9i1p1f1_gr_185001-201412.nc,Amon,gr,185001-201412
EC-Earth3,piClim-histall,r2i1p1f1,ambiguous,tas,rsdt;rlut;rsut,,,,,./EC-Earth3/piClim-histall/rsdt_Amon_EC-Earth3_piClim-histall_r2i1p1f1_gr_185001-185012.nc;./EC-Earth3/piClim-histall/rsdt_Amon_EC-Earth3_piClim-histall_r2i1p1f1_gr_185101-185112.nc;./EC-Earth3/piClim-histall/rsdt_Amon_EC-Earth3_piClim-histall_r2i1p1f1_gr_185201-185212.nc;./EC-Earth3/piClim-histall/rsdt_Amon_EC-Earth3_piClim-histall_r2i1p1f1_gr_185301-185312.nc;./EC-Earth3/piClim-histall/rsdt_Amon_EC-Earth3_piClim-histall_r2i1p1f1_gr_185401-185412.nc;./EC-Earth3/piClim-histall/rsdt_Amon_EC-Earth3_piClim-histall_r2i1p1f1_gr_185501-185512.nc;./EC-Earth3/piClim-histall/rsdt_Amon_EC-Earth3_piClim-histall_r2i1p1f1_gr_185601-185612.nc;./EC-Earth3/piClim-histall/rsdt_Amon_EC-Earth3_piClim-histall_r2i1p1f1_gr_185701-185712.nc;./EC-Earth3/piClim-histall/rsdt_Amon_EC-Earth3_piClim-histall_r2i1p1f1_gr_185801-185812.nc;./EC-Earth3/piClim-histall/rsdt_Amon_EC-Earth3_piClim-histall_r2i1p1f1_gr_185901-185912.nc;./EC-Earth3/piClim-histall/rsdt_Amon_EC-Earth3_piClim-histall_r2i1p1f1_gr_186001-186012.nc;./EC-Earth3/piClim-histall/rsdt_Amon_EC-Earth3_piClim-histall_r2i1p1f1_gr_186101-186112.nc;./EC-Earth3/piClim-histall/rsdt_Amon_EC-Earth3_piClim-histall_r2i1p1f1_gr_186201-186212.nc;./EC-Earth3/piClim-histall/rsdt_Amon_EC-Earth3_piClim-histall_r2i1p1f1_gr_186301-186312.nc;./EC-Earth3/piClim-histall/rsdt_Amon_EC-Earth3_piClim-histall_r2i1p1f1_gr_186401-186412.nc;./EC-Earth3/piClim-histall/rsdt_Amon_EC-Earth3_piClim-histall_r2i1p1f1_gr_186501-186512.nc;./EC-Earth3/piClim-histall/rsdt_Amon_EC-Earth3_piClim-histall_r2i1p1f1_gr_186601-186612.nc;./EC-Earth3/piClim-histall/rsdt_Amon_EC-Earth3_piClim-histall_r2i1p1f1_gr_186701-186712.nc;./EC-Earth3/piClim-histall/rsdt_Amon_EC-Earth3_piClim-histall_r2i1p1f1_gr_186801-186812.nc;./EC-Earth3/piClim-histall/rsdt_Amon_EC-Earth3_piClim-histall_r2i1p1f1_gr_186901-186912.nc;./EC-Earth3/piClim-histall/rsdt_Amon_EC-Earth3_piClim-histall_r2i1p1f1_gr_187001-187012.nc;./EC-Earth3/piClim-histall/rsdt_Amon_EC-Earth3_piClim-histall_r2i1p1f1_gr_187101-187112.nc;./EC-Earth3/piClim-histall/rsdt_Amon_EC-Earth3_piClim-histall_r2i1p1f1_gr_187201-187212.nc;./EC-Earth3/piClim-histall/rsdt_Amon_EC-Earth3_piClim-histall_r2i1p1f1_gr_187301-187312.nc;./EC-Earth3/piClim-histall/rsdt_Amon_EC-Earth3_piClim-histall_r2i1p1f1_gr_187401-187412.nc;./EC-Earth3/piClim-histall/rsdt_Amon_EC-Earth3_piClim-histall_r2i1p1f1_gr_187501-187512.nc;./EC-Earth3/piClim-histall/rsdt_Amon_EC-Earth3_piClim-histall_r2i1p1f1_gr_187601-187612.nc;./EC-Earth3/piClim-histall/rsdt_Amon_EC-Earth3_piClim-histall_r2i1p1f1_gr_187701-187712.nc;./EC-Earth3/piClim-histall/rsdt_Amon_EC-Earth3_piClim-histall_r2i1p1f1_gr_187801-187812.nc;./EC-Earth3/piClim-histall/rsdt_Amon_EC-Earth3_piClim-histall_r2i1p1f1_gr_187901-187912.nc;./EC-Earth3/piClim-histall/rsdt_Amon_EC-Earth3_piClim-histall_r2i1p1f1_gr_188001-188012.nc;./EC-Earth3/piClim-histall/rsdt_Amon_EC-Earth3_piClim-histall_r2i1p1f1_gr_188101-188112.nc;./EC-Earth3/piClim-histall/rsdt_Amon_EC-Earth3_piClim-histall_r2i1p1f1_gr_188201-188212.nc;./EC-Earth3/piClim-histall/rsdt_Amon_EC-Earth3_piClim-histall_r2i1p1f1_gr_188301-188312.nc;./EC-Earth3/piClim-histall/rsdt_Amon_EC-Earth3_piClim-histall_r2i1p1f1_gr_188401-188412.nc;./EC-Earth3/piClim-histall/rsdt_Amon_EC-Earth3_piClim-histall_r2i1p1f1_gr_188501-188512.nc;./EC-Earth3/piClim-histall/rsdt_Amon_EC-Earth3_piClim-histall_r2i1p1f1_gr_188601-188612.nc;./EC-Earth3/piClim-histall/rsdt_Amon_EC-Earth3_piClim-histall_r2i1p1f1_gr_188701-188712.nc;./EC-Earth3/piClim-histall/rsdt_Amon_EC-Earth3_piClim-histall_r2i1p1f1_gr_188801-188812.nc;./EC-Earth3/piClim-histall/rsdt_Amon_EC-Earth3_piClim-histall_r2i1p1f1_gr_188901-188912.nc;./EC-Earth3/piClim-histall/rsdt_Amon_EC-Earth3_piClim-histall_r2i1p1f1_gr_189001-189012.nc;./EC-Earth3/piClim-histall/rsdt_Amon_EC-Earth3_piClim-histall_r2i1p1f1_gr_189101-189112.nc;./EC-Earth3/piClim-histall/rsdt_Amon_EC-Earth3_piClim-histall_r2i1p1f1_gr_189201-189212.nc;./EC-Earth3/piClim-histall/rsdt_Amon_EC-Earth3_piClim-histall_r2i1p1f1_gr_189301-189312.nc;./EC-Earth3/piClim-histall/rsdt_Amon_EC-Earth3_piClim-histall_r2i1p1f1_gr_189401-189412.nc;./EC-Earth3/piClim-histall/rsdt_Amon_EC-Earth3_piClim-histall_r2i1p1f1_gr_189501-189512.nc;./EC-Earth3/piClim-histall/rsdt_Amon_EC-Earth3_piClim-histall_r2i1p1f1_gr_189601-189612.nc;./EC-Earth3/piClim-histall/rsdt_Amon_EC-Earth3_piClim-histall_r2i1p1f1_gr_189701-189712.nc;./EC-Earth3/piClim-histall/rsdt_Amon_EC-Earth3_piClim-histall_r2i1p1f1_gr_189801-189812.nc;./EC-Earth3/piClim-histall/rsdt_Amon_EC-Earth3_piClim-histall_r2i1p1f1_gr_189901-189912.nc;./EC-Earth3/piClim-histall/rsdt_Amon_EC-Earth3_piClim-histall_r2i1p1f1_gr_190001-190012.nc;./EC-Earth3/piClim-histall/rsdt_Amon_EC-Earth3_piClim-histall_r2i1p1f1_gr_190101-190112.nc;./EC-Earth3/piClim-histall/rsdt_Amon_EC-Earth3_piClim-histall_r2i1p1f1_gr_190201-190212.nc;./EC-Earth3/piClim-histall/rsdt_Amon_EC-Earth3_piClim-histall_r2i1p1f1_gr_190301-190312.nc;./EC-Earth3/piClim-histall/rsdt_Amon_EC-Earth3_piClim-histall_r2i1p1f1_gr_190401-190412.nc;./EC-Earth3/piClim-histall/rsdt_Amon_EC-Earth3_piClim-histall_r2i1p1f1_gr_190501-190512.nc;./EC-Earth3/piClim-histall/rsdt_Amon_EC-Earth3_piClim-histall_r2i1p1f1_gr_190601-190612.nc;./EC-Earth3/piClim-histall/rsdt_Amon_EC-Earth3_piClim-histall_r2i1p1f1_gr_190701-190712.nc;./EC-Earth3/piClim-histall/rsdt_Amon_EC-Earth3_piClim-histall_r2i1p1f1_gr_190801-190812.nc;./EC-Earth3/piClim-histall/rsdt_Amon_EC-Earth3_piClim-histall_r2i1p1f1_gr_190901-190912.nc;./EC-Earth3/piClim-histall/rsdt_Amon_EC-Earth3_piClim-histall_r2i1p1f1_gr_191001-191012.nc;./EC-Earth3/piClim-histall/rsdt_Amon_EC-Earth3_piClim-histall_r2i1p1f1_gr_191101-191112.nc;./EC-Earth3/piClim-histall/rsdt_Amon_EC-Earth3_piClim-histall_r2i1p1f1_gr_191201-191212.nc;./EC-Earth3/piClim-histall/rsdt_Amon_EC-Earth3_piClim-histall_r2i1p1f1_gr_191301-191312.nc;./EC-Earth3/piClim-histall/rsdt_Amon_EC-Earth3_piClim-histall_r2i1p1f1_gr_191401-191412.nc;./EC-Earth3/piClim-histall/rsdt_Amon_EC-Earth3_piClim-histall_r2i1p1f1_gr_191501-191512.nc;./EC-Earth3/piClim-histall/rsdt_Amon_EC-Earth3_piClim-histall_r2i1p1f1_gr_191601-191612.nc;./EC-Earth3/piClim-histall/rsdt_Amon_EC-Earth3_piClim-histall_r2i1p1f1_gr_191701-191712.nc;./EC-Earth3/piClim-histall/rsdt_Amon_EC-Earth3_piClim-histall_r2i1p1f1_gr_191801-191812.nc;./EC-Earth3/piClim-histall/rsdt_Amon_EC-Earth3_piClim-histall_r2i1p1f1_gr_191901-191912.nc;./EC-Earth3/piClim-histall/rsdt_Amon_EC-Earth3_piClim-histall_r2i1p1f1_gr_192001-192012.nc;./EC-Earth3/piClim-histall/rsdt_Amon_EC-Earth3_piClim-histall_r2i1p1f1_gr_192101-192112.nc;./EC-Earth3/piClim-histall/rsdt_Amon_EC-Earth3_piClim-histall_r2i1p1f1_gr_192201-192212.nc;./EC-Earth3/piClim-histall/rsdt_Amon_EC-Earth3_piClim-histall_r2i1p1f1_gr_192301-192312.nc;./EC-Earth3/piClim-histall/rsdt_Amon_EC-Earth3_piClim-histall_r2i1p1f1_gr_192401-192412.nc;./EC-Earth3/piClim-histall/rsdt_Amon_EC-Earth3_piClim-histall_r2i1p1f1_gr_192501-192512.nc;./EC-Earth3/piClim-histall/rsdt_Amon_EC-Earth3_piClim-histall_r2i1p1f1_gr_192601-192612.nc;./EC-Earth3/piClim-histall/rsdt_Amon_EC-Earth3_piClim-histall_r2i1p1f1_gr_192701-192712.nc;./EC-Earth3/piClim-histall/rsdt_Amon_EC-Earth3_piClim-histall_r2i1p1f1_gr_192801-192812.nc;./EC-Earth3/piClim-histall/rsdt_Amon_EC-Earth3_piClim-histall_r2i1p1f1_gr_192901-192912.nc;./EC-Earth3/piClim-histall/rsdt_Amon_EC-Earth3_piClim-histall_r2i1p1f1_gr_193001-193012.nc;./EC-Earth3/piClim-histall/rsdt_Amon_EC-Earth3_piClim-histall_r2i1p1f1_gr_193101-193112.nc;./EC-Earth3/piClim-histall/rsdt_Amon_EC-Earth3_piClim-histall_r2i1p1f1_gr_193201-193212.nc;./EC-Earth3/piClim-histall/rsdt_Amon_EC-Earth3_piClim-histall_r2i1p1f1_gr_193301-193312.nc;./EC-Earth3/piClim-histall/rsdt_Amon_EC-Earth3_piClim-histall_r2i1p1f1_gr_193401-193412.nc;./EC-Earth3/piClim-histall/rsdt_Amon_EC-Earth3_piClim-histall_r2i1p1f1_gr_193501-193512.nc;./EC-Earth3/piClim-histall/rsdt_Amon_EC-Earth3_piClim-histall_r2i1p1f1_gr_193601-193612.nc;./EC-Earth3/piClim-histall/rsdt_Amon_EC-Earth3_piClim-histall_r2i1p1f1_gr_193701-193712.nc;./EC-Earth3/piClim-histall/rsdt_Amon_EC-Earth3_piClim-histall_r2i1p1f1_gr_193801-193812.nc;./EC-Earth3/piClim-histall/rsdt_Amon_EC-Earth3_piClim-histall_r2i1p1f1_gr_193901-193912.nc;./EC-Earth3/piClim-histall/rsdt_Amon_EC-Earth3_piClim-histall_r2i1p1f1_gr_194001-194012.nc;./EC-Earth3/piClim-histall/rsdt_Amon_EC-Earth3_piClim-histall_r2i1p1f1_gr_194101-194112.nc;./EC-Earth3/piClim-histall/rsdt_Amon_EC-Earth3_piClim-histall_r2i1p1f1_gr_194201-194212.nc;./EC-Earth3/piClim-histall/rsdt_Amon_EC-Earth3_piClim-histall_r2i1p1f1_gr_194301-194312.nc;./EC-Earth3/piClim-histall/rsdt_Amon_EC-Earth3_piClim-histall_r2i1p1f1_gr_194401-194412.nc;./EC-Earth3/piClim-histall/rsdt_Amon_EC-Earth3_piClim-histall_r2i1p1f1_gr_194501-194512.nc;./EC-Earth3/piClim-histall/rsdt_Amon_EC-Earth3_piClim-histall_r2i1p1f1_gr_194601-194612.nc;./EC-Earth3/piClim-histall/rsdt_Amon_EC-Earth3_piClim-histall_r2i1p1f1_gr_194701-194712.nc;./EC-Earth3/piClim-histall/rsdt_Amon_EC-Earth3_piClim-histall_r2i1p1f1_gr_194801-194812.nc;./EC-Earth3/piClim-histall/rsdt_Amon_EC-Earth3_piClim-histall_r2i1p1f1_gr_194901-194912.nc;./EC-Earth3/piClim-histall/rsdt_Amon_EC-Earth3_piClim-histall_r2i1p1f1_gr_195001-195012.nc;./EC-Earth3/piClim-histall/rsdt_Amon_EC-Earth3_piClim-histall_r2i1p1f1_gr_195101-195112.nc;./EC-Earth3/piClim-histall/rsdt_Amon_EC-Earth3_piClim-histall_r2i1p1f1_gr_195201-195212.nc;./EC-Earth3/piClim-histall/rsdt_Amon_EC-Earth3_piClim-histall_r2i1p1f1_gr_195301-195312.nc;./EC-Earth3/piClim-histall/rsdt_Amon_EC-Earth3_piClim-histall_r2i1p1f1_gr_195401-195412.nc;./EC-Earth3/piClim-histall/rsdt_Amon_EC-Earth3_piClim-histall_r2i1p1f1_gr_195501-195512.nc;./EC-Earth3/piClim-histall/rsdt_Amon_EC-Earth3_piClim-histall_r2i1p1f1_gr_195601-195612.nc;./EC-Earth3/piClim-histall/rsdt_Amon_EC-Earth3_piClim-histall_r2i1p1f1_gr_195701-195712.nc;./EC-Earth3/piClim-histall/rsdt_Amon_EC-Earth3_piClim-histall_r2i1p1f1_gr_195801-195812.nc;./EC-Earth3/piClim-histall/rsdt_Amon_EC-Earth3_piClim-histall_r2i1p1f1_gr_195901-195912.nc;./EC-Earth3/piClim-histall/rsdt_Amon_EC-Earth3_piClim-histall_r2i1p1f1_gr_196001-196012.nc;./EC-Earth3/piClim-histall/rsdt_Amon_EC-Earth3_piClim-histall_r2i1p1f1_gr_196101-196112.nc;./EC-Earth3/piClim-histall/rsdt_Amon_EC-Earth3_piClim-histall_r2i1p1f1_gr_196201-196212.nc;./EC-Earth3/piClim-histall/rsdt_Amon_EC-Earth3_piClim-histall_r2i1p1f1_gr_196301-196312.nc;./EC-Earth3/piClim-histall/rsdt_Amon_EC-Earth3_piClim-histall_r2i1p1f1_gr_196401-196412.nc;./EC-Earth3/piClim-histall/rsdt_Amon_EC-Earth3_piClim-histall_r2i1p1f1_gr_196501-196512.nc;./EC-Earth3/piClim-histall/rsdt_Amon_EC-Earth3_piClim-histall_r2i1p1f1_gr_196601-196612.nc;./EC-Earth3/piClim-histall/rsdt_Amon_EC-Earth3_piClim-histall_r2i1p1f1_gr_196701-196712.nc;./EC-Earth3/piClim-histall/rsdt_Amon_EC-Earth3_piClim-histall_r2i1p1f1_gr_196801-196812.nc;./EC-Earth3/piClim-histall/rsdt_Amon_EC-Earth3_piClim-histall_r2i1p1f1_gr_196901-196912.nc;./EC-Earth3/piClim-histall/rsdt_Amon_EC-Earth3_piClim-histall_r2i1p1f1_gr_197001-197012.nc;./EC-Earth3/piClim-histall/rsdt_Amon_EC-Earth3_piClim-histall_r2i1p1f1_gr_197101-197112.nc;./EC-Earth3/piClim-histall/rsdt_Amon_EC-Earth3_piClim-histall_r2i1p1f1_gr_197201-197212.nc;./EC-Earth3/piClim-histall/rsdt_Amon_EC-Earth3_piClim-histall_r2i1p1f1_gr_197301-197312.nc;./EC-Earth3/piClim-histall/rsdt_Amon_EC-Earth3_piClim-histall_r2i1p1f1_gr_197401-197412.nc;./EC-Earth3/piClim-histall/rsdt_Amon_EC-Earth3_piClim-histall_r2i1p1f1_gr_197501-197512.nc;./EC-Earth3/piClim-histall/rsdt_Amon_EC-Earth3_piClim-histall_r2i1p1f1_gr_197601-197612.nc;./EC-Earth3/piClim-histall/rsdt_Amon_EC-Earth3_piClim-histall_r2i1p1f1_gr_197701-197712.nc;./EC-Earth3/piClim-histall/rsdt_Amon_EC-Earth3_piClim-histall_r2i1p1f1_gr_197801-197812.nc;./EC-Earth3/piClim-histall/rsdt_Amon_EC-Earth3_piClim-histall_r2i1p1f1_gr_197901-197912.nc;./EC-Earth3/piClim-histall/rsdt_Amon_EC-Earth3_piClim-histall_r2i1p1f1_gr_198001-198012.nc;./EC-Earth3/piClim-histall/rsdt_Amon_EC-Earth3_piClim-histall_r2i1p1f1_gr_198101-198112.nc;./EC-Earth3/piClim-histall/rsdt_Amon_EC-Earth3_piClim-histall_r2i1p1f1_gr_198201-198212.nc;./EC-Earth3/piClim-histall/rsdt_Amon_EC-Earth3_piClim-histall_r2i1p1f1_gr_198301-198312.nc;./EC-Earth3/piClim-histall/rsdt_Amon_EC-Earth3_piClim-histall_r2i1p1f1_gr_198401-198412.nc;./EC-Earth3/piClim-histall/rsdt_Amon_EC-Earth3_piClim-histall_r2i1p1f1_gr_198501-198512.nc;./EC-Earth3/piClim-histall/rsdt_Amon_EC-Earth3_piClim-histall_r2i1p1f1_gr_198601-198612.nc;./EC-Earth3/piClim-histall/rsdt_Amon_EC-Earth3_piClim-histall_r2i1p1f1_gr_198701-198712.nc;./EC-Earth3/piClim-histall/rsdt_Amon_EC-Earth3_piClim-histall_r2i1p1f1_gr_198801-198812.nc;./EC-Earth3/piClim-histall/rsdt_Amon_EC-Earth3_piClim-histall_r2i1p1f1_gr_198901-198912.nc;./EC-Earth3/piClim-histall/rsdt_Amon_EC-Earth3_piClim-histall_r2i1p1f1_gr_199001-199012.nc;./EC-Earth3/piClim-histall/rsdt_Amon_EC-Earth3_piClim-histall_r2i1p1f1_gr_199101-199112.nc;./EC-Earth3/piClim-histall/rsdt_Amon_EC-Earth3_piClim-histall_r2i1p1f1_gr_199201-199212.nc;./EC-Earth3/piClim-histall/rsdt_Amon_EC-Earth3_piClim-histall_r2i1p1f1_gr_199301-199312.nc;./EC-Earth3/piClim-histall/rsdt_Amon_EC-Earth3_piClim-histall_r2i1p1f1_gr_199401-199412.nc;./EC-Earth3/piClim-histall/rsdt_Amon_EC-Earth3_piClim-histall_r2i1p1f1_gr_199501-199512.nc;./EC-Earth3/piClim-histall/rsdt_Amon_EC-Earth3_piClim-histall_r2i1p1f1_gr_199601-199612.nc;./EC-Earth3/piClim-histall/rsdt_Amon_EC-Earth3_piClim-histall_r2i1p1f1_gr_199701-199712.nc;./EC-Earth3/piClim-histall/rsdt_Amon_EC-Earth3_piClim-histall_r2i1p1f1_gr_199801-199812.nc;./EC-Earth3/piClim-histall/rsdt_Amon_EC-Earth3_piClim-histall_r2i1p1f1_gr_199901-199912.nc;./EC-Earth3/piClim-histall/rsdt_Amon_EC-Earth3_piClim-histall_r2i1p1f1_gr_200001-200012.nc;./EC-Earth3/piClim-histall/rsdt_Amon_EC-Earth3_piClim-histall_r2i1p1f1_gr_200101-200112.nc;./EC-Earth3/piClim-histall/rsdt_Amon_EC-Earth3_piClim-histall_r2i1p1f1_gr_200201-200212.nc;./EC-Earth3/piClim-histall/rsdt_Amon_EC-Earth3_piClim-histall_r2i1p1f1_gr_200301-200312.nc;./EC-Earth3/piClim-histall/rsdt_Amon_EC-Earth3_piClim-histall_r2i1p1f1_gr_200401-200412.nc;./EC-Earth3/piClim-histall/rsdt_Amon_EC-Earth3_piClim-histall_r2i1p1f1_gr_200501-200512.nc;./EC-Earth3/piClim-histall/rsdt_Amon_EC-Earth3_piClim-histall_r2i1p1f1_gr_200601-200612.nc;./EC-Earth3/piClim-histall/rsdt_Amon_EC-Earth3_piClim-histall_r2i1p1f1_gr_200701-200712.nc;./EC-Earth3/piClim-histall/rsdt_Amon_EC-Earth3_piClim-histall_r2i1p1f1_gr_200801-200812.nc;./EC-Earth3/piClim-histall/rsdt_Amon_EC-Earth3_piClim-histall_r2i1p1f1_gr_200901-200912.nc;./EC-Earth3/piClim-histall/rsdt_Amon_EC-Earth3_piClim-histall_r2i1p1f1_gr_201001-201012.nc;./EC-Earth3/piClim-histall/rsdt_Amon_EC-Earth3_piClim-histall_r2i1p1f1_gr_201101-201112.nc;./EC-Earth3/piClim-histall/rsdt_Amon_EC-Earth3_piClim-histall_r2i1p1f1_gr_201201-201212.nc;./EC-Earth3/piClim-histall/rsdt_Amon_EC-Earth3_piClim-histall_r2i1p1f1_gr_201301-201312.nc;./EC-Earth3/piClim-histall/rsdt_Amon_EC-Earth3_piClim-histall_r2i1p1f1_gr_201401-201412.nc,Amon;Amon;Amon;Amon;Amon;Amon;Amon;Amon;Amon;Amon;Amon;Amon;Amon;Amon;Amon;Amon;Amon;Amon;Amon;Amon;Amon;Amon;Amon;Amon;Amon;Amon;Amon;Amon;Amon;Amon;Amon;Amon;Amon;Amon;Amon;Amon;Amon;Amon;Amon;Amon;Amon;Amon;Amon;Amon;Amon;Amon;Amon;Amon;Amon;Amon;Amon;Amon;Amon;Amon;Amon;Amon;Amon;Amon;Amon;Amon;Amon;Amon;Amon;Amon;Amon;Amon;Amon;Amon;Amon;Amon;Amon;Amon;Amon;Amon;Amon;Amon;Amon;Amon;Amon;Amon;Amon;Amon;Amon;Amon;Amon;Amon;Amon;Amon;Amon;Amon;Amon;Amon;Amon;Amon;Amon;Amon;Amon;Amon;Amon;Amon;Amon;Amon;Amon;Amon;Amon;Amon;Amon;Amon;Amon;Amon;Amon;Amon;Amon;Amon;Amon;Amon;Amon;Amon;Amon;Amon;Amon;Amon;Amon;Amon;Amon;Amon;Amon;Amon;Amon;Amon;Amon;Amon;Amon;Amon;Amon;Amon;Amon;Amon;Amon;Amon;Amon;Amon;Amon;Amon;Amon;Amon;Amon;Amon;Amon;Amon;Amon;Amon;Amon;Amon;Amon;Amon;Amon;Amon;Amon;Amon;Amon;Amon;Amon;Amon;Amon,gr;gr;gr;gr;gr;gr;gr;gr;gr;gr;gr;gr;gr;gr;gr;gr;gr;gr;gr;gr;gr;gr;gr;gr;gr;gr;gr;gr;gr;gr;gr;gr;gr;gr;gr;gr;gr;gr;gr;gr;gr;gr;gr;gr;gr;gr;gr;gr;gr;gr;gr;gr;gr;gr;gr;gr;gr;gr;gr;gr;gr;gr;gr;gr;gr;gr;gr;gr;gr;gr;gr;gr;gr;gr;gr;gr;gr;gr;gr;gr;gr;gr;gr;gr;gr;gr;gr;gr;gr;gr;gr;gr;gr;gr;gr;gr;gr;gr;gr;gr;gr;gr;gr;gr;gr;gr;gr;gr;gr;gr;gr;gr;gr;gr;gr;gr;gr;gr;gr;gr;gr;gr;gr;gr;gr;gr;gr;gr;gr;gr;gr;gr;gr;gr;gr;gr;gr;gr;gr;gr;gr;gr;gr;gr;gr;gr;gr;gr;gr;gr;gr;gr;gr;gr;gr;gr;gr;gr;gr;gr;gr;gr;gr;gr;gr,185001-185012;185101-185112;185201-185212;185301-185312;185401-185412;185501-185512;185601-185612;185701-185712;185801-185812;185901-185912;186001-186012;186101-186112;186201-186212;186301-186312;186401-186412;186501-186512;186601-186612;186701-186712;186801-186812;186901-186912;187001-187012;187101-187112;187201-187212;187301-187312;187401-187412;187501-187512;187601-187612;187701-187712;187801-187812;187901-187912;188001-188012;188101-188112;188201-188212;188301-188312;188401-188412;188501-188512;188601-188612;188701-188712;188801-188812;188901-188912;189001-189012;189101-189112;189201-189212;189301-189312;189401-189412;189501-189512;189601-189612;189701-189712;189801-189812;189901-189912;190001-190012;190101-190112;190201-190212;190301-190312;190401-190412;190501-190512;190601-190612;190701-190712;190801-190812;190901-190912;191001-191012;191101-191112;191201-191212;191301-191312;191401-191412;191501-191512;191601-191612;191701-191712;191801-191812;191901-191912;192001-192012;192101-192112;192201-192212;192301-192312;192401-192412;192501-192512;192601-192612;192701-192712;192801-192812;192901-192912;193001-193012;193101-193112;193201-193212;193301-193312;193401-193412;193501-193512;193601-193612;193701-193712;193801-193812;193901-193912;194001-194012;194101-194112;194201-194212;194301-194312;194401-194412;194501-194512;194601-194612;194701-194712;194801-194812;194901-194912;195001-195012;195101-195112;195201-195212;195301-195312;195401-195412;195501-195512;195601-195612;195701-195712;195801-195812;195901-195912;196001-196012;196101-196112;196201-196212;196301-196312;196401-196412;196501-196512;196601-196612;196701-196712;196801-196812;196901-196912;197001-197012;197101-197112;197201-197212;197301-197312;197401-197412;197501-197512;197601-197612;197701-197712;197801-197812;197901-197912;198001-198012;198101-198112;198201-198212;198301-198312;198401-198412;198501-198512;198601-198612;198701-198712;198801-198812;198901-198912;199001-199012;199101-199112;199201-199212;199301-199312;199401-199412;199501-199512;199601-199612;199701-199712;199801-199812;199901-199912;200001-200012;200101-200112;200201-200212;200301-200312;200401-200412;200501-200512;200601-200612;200701-200712;200801-200812;200901-200912;201001-201012;201101-201112;201201-201212;201301-201312;201401-201412,./EC-Earth3/piClim-histall/rlut_Amon_EC-Earth3_piClim-histall_r2i1p1f1_gr_185001-185012.nc;./EC-Earth3/piClim-histall/rlut_Amon_EC-Earth3_piClim-histall_r2i1p1f1_gr_185101-185112.nc;./EC-Earth3/piClim-histall/rlut_Amon_EC-Earth3_piClim-histall_r2i1p1f1_gr_185201-185212.nc;./EC-Earth3/piClim-histall/rlut_Amon_EC-Earth3_piClim-histall_r2i1p1f1_gr_185301-185312.nc;./EC-Earth3/piClim-histall/rlut_Amon_EC-Earth3_piClim-histall_r2i1p1f1_gr_185401-185412.nc;./EC-Earth3/piClim-histall/rlut_Amon_EC-Earth3_piClim-histall_r2i1p1f1_gr_185501-185512.nc;./EC-Earth3/piClim-histall/rlut_Amon_EC-Earth3_piClim-histall_r2i1p1f1_gr_185601-185612.nc;./EC-Earth3/piClim-histall/rlut_Amon_EC-Earth3_piClim-histall_r2i1p1f1_gr_185701-185712.nc;./EC-Earth3/piClim-histall/rlut_Amon_EC-Earth3_piClim-histall_r2i1p1f1_gr_185801-185812.nc;./EC-Earth3/piClim-histall/rlut_Amon_EC-Earth3_piClim-histall_r2i1p1f1_gr_185901-185912.nc;./EC-Earth3/piClim-histall/rlut_Amon_EC-Earth3_piClim-histall_r2i1p1f1_gr_186001-186012.nc;./EC-Earth3/piClim-histall/rlut_Amon_EC-Earth3_piClim-histall_r2i1p1f1_gr_186101-186112.nc;./EC-Earth3/piClim-histall/rlut_Amon_EC-Earth3_piClim-histall_r2i1p1f1_gr_186201-186212.nc;./EC-Earth3/piClim-histall/rlut_Amon_EC-Earth3_piClim-histall_r2i1p1f1_gr_186301-186312.nc;./EC-Earth3/piClim-histall/rlut_Amon_EC-Earth3_piClim-histall_r2i1p1f1_gr_186401-186412.nc;./EC-Earth3/piClim-histall/rlut_Amon_EC-Earth3_piClim-histall_r2i1p1f1_gr_186501-186512.nc;./EC-Earth3/piClim-histall/rlut_Amon_EC-Earth3_piClim-histall_r2i1p1f1_gr_186601-186612.nc;./EC-Earth3/piClim-histall/rlut_Amon_EC-Earth3_piClim-histall_r2i1p1f1_gr_186701-186712.nc;./EC-Earth3/piClim-histall/rlut_Amon_EC-Earth3_piClim-histall_r2i1p1f1_gr_186801-186812.nc;./EC-Earth3/piClim-histall/rlut_Amon_EC-Earth3_piClim-histall_r2i1p1f1_gr_186901-186912.nc;./EC-Earth3/piClim-histall/rlut_Amon_EC-Earth3_piClim-histall_r2i1p1f1_gr_187001-187012.nc;./EC-Earth3/piClim-histall/rlut_Amon_EC-Earth3_piClim-histall_r2i1p1f1_gr_187101-187112.nc;./EC-Earth3/piClim-histall/rlut_Amon_EC-Earth3_piClim-histall_r2i1p1f1_gr_187201-187212.nc;./EC-Earth3/piClim-histall/rlut_Amon_EC-Earth3_piClim-histall_r2i1p1f1_gr_187301-187312.nc;./EC-Earth3/piClim-histall/rlut_Amon_EC-Earth3_piClim-histall_r2i1p1f1_gr_187401-187412.nc;./EC-Earth3/piClim-histall/rlut_Amon_EC-Earth3_piClim-histall_r2i1p1f1_gr_187501-187512.nc;./EC-Earth3/piClim-histall/rlut_Amon_EC-Earth3_piClim-histall_r2i1p1f1_gr_187601-187612.nc;./EC-Earth3/piClim-histall/rlut_Amon_EC-Earth3_piClim-histall_r2i1p1f1_gr_187701-187712.nc;./EC-Earth3/piClim-histall/rlut_Amon_EC-Earth3_piClim-histall_r2i1p1f1_gr_187801-187812.nc;./EC-Earth3/piClim-histall/rlut_Amon_EC-Earth3_piClim-histall_r2i1p1f1_gr_187901-187912.nc;./EC-Earth3/piClim-histall/rlut_Amon_EC-Earth3_piClim-histall_r2i1p1f1_gr_188001-188012.nc;./EC-Earth3/piClim-histall/rlut_Amon_EC-Earth3_piClim-histall_r2i1p1f1_gr_188101-188112.nc;./EC-Earth3/piClim-histall/rlut_Amon_EC-Earth3_piClim-histall_r2i1p1f1_gr_188201-188212.nc;./EC-Earth3/piClim-histall/rlut_Amon_EC-Earth3_piClim-histall_r2i1p1f1_gr_188301-188312.nc;./EC-Earth3/piClim-histall/rlut_Amon_EC-Earth3_piClim-histall_r2i1p1f1_gr_188401-188412.nc;./EC-Earth3/piClim-histall/rlut_Amon_EC-Earth3_piClim-histall_r2i1p1f1_gr_188501-188512.nc;./EC-Earth3/piClim-histall/rlut_Amon_EC-Earth3_piClim-histall_r2i1p1f1_gr_188601-188612.nc;./EC-Earth3/piClim-histall/rlut_Amon_EC-Earth3_piClim-histall_r2i1p1f1_gr_188701-188712.nc;./EC-Earth3/piClim-histall/rlut_Amon_EC-Earth3_piClim-histall_r2i1p1f1_gr_188801-188812.nc;./EC-Earth3/piClim-histall/rlut_Amon_EC-Earth3_piClim-histall_r2i1p1f1_gr_188901-188912.nc;./EC-Earth3/piClim-histall/rlut_Amon_EC-Earth3_piClim-histall_r2i1p1f1_gr_189001-189012.nc;./EC-Earth3/piClim-histall/rlut_Amon_EC-Earth3_piClim-histall_r2i1p1f1_gr_189101-189112.nc;./EC-Earth3/piClim-histall/rlut_Amon_EC-Earth3_piClim-histall_r2i1p1f1_gr_189201-189212.nc;./EC-Earth3/piClim-histall/rlut_Amon_EC-Earth3_piClim-histall_r2i1p1f1_gr_189301-189312.nc;./EC-Earth3/piClim-histall/rlut_Amon_EC-Earth3_piClim-histall_r2i1p1f1_gr_189401-189412.nc;./EC-Earth3/piClim-histall/rlut_Amon_EC-Earth3_piClim-histall_r2i1p1f1_gr_189501-189512.nc;./EC-Earth3/piClim-histall/rlut_Amon_EC-Earth3_piClim-histall_r2i1p1f1_gr_189601-189612.nc;./EC-Earth3/piClim-histall/rlut_Amon_EC-Earth3_piClim-histall_r2i1p1f1_gr_189701-189712.nc;./EC-Earth3/piClim-histall/rlut_Amon_EC-Earth3_piClim-histall_r2i1p1f1_gr_189801-189812.nc;./EC-Earth3/piClim-histall/rlut_Amon_EC-Earth3_piClim-histall_r2i1p1f1_gr_189901-189912.nc;./EC-Earth3/piClim-histall/rlut_Amon_EC-Earth3_piClim-histall_r2i1p1f1_gr_190001-190012.nc;./EC-Earth3/piClim-histall/rlut_Amon_EC-Earth3_piClim-histall_r2i1p1f1_gr_190101-190112.nc;./EC-Earth3/piClim-histall/rlut_Amon_EC-Earth3_piClim-histall_r2i1p1f1_gr_190201-190212.nc;./EC-Earth3/piClim-histall/rlut_Amon_EC-Earth3_piClim-histall_r2i1p1f1_gr_190301-190312.nc;./EC-Earth3/piClim-histall/rlut_Amon_EC-Earth3_piClim-histall_r2i1p1f1_gr_190401-190412.nc;./EC-Earth3/piClim-histall/rlut_Amon_EC-Earth3_piClim-histall_r2i1p1f1_gr_190501-190512.nc;./EC-Earth3/piClim-histall/rlut_Amon_EC-Earth3_piClim-histall_r2i1p1f1_gr_190601-190612.nc;./EC-Earth3/piClim-histall/rlut_Amon_EC-Earth3_piClim-histall_r2i1p1f1_gr_190701-190712.nc;./EC-Earth3/piClim-histall/rlut_Amon_EC-Earth3_piClim-histall_r2i1p1f1_gr_190801-190812.nc;./EC-Earth3/piClim-histall/rlut_Amon_EC-Earth3_piClim-histall_r2i1p1f1_gr_190901-190912.nc;./EC-Earth3/piClim-histall/rlut_Amon_EC-Earth3_piClim-histall_r2i1p1f1_gr_191001-191012.nc;./EC-Earth3/piClim-histall/rlut_Amon_EC-Earth3_piClim-histall_r2i1p1f1_gr_191101-191112.nc;./EC-Earth3/piClim-histall/rlut_Amon_EC-Earth3_piClim-histall_r2i1p1f1_gr_191201-191212.nc;./EC-Earth3/piClim-histall/rlut_Amon_EC-Earth3_piClim-histall_r2i1p1f1_gr_191301-191312.nc;./EC-Earth3/piClim-histall/rlut_Amon_EC-Earth3_piClim-histall_r2i1p1f1_gr_191401-191412.nc;./EC-Earth3/piClim-histall/rlut_Amon_EC-Earth3_piClim-histall_r2i1p1f1_gr_191501-191512.nc;./EC-Earth3/piClim-histall/rlut_Amon_EC-Earth3_piClim-histall_r2i1p1f1_gr_191601-191612.nc;./EC-Earth3/piClim-histall/rlut_Amon_EC-Earth3_piClim-histall_r2i1p1f1_gr_191701-191712.nc;./EC-Earth3/piClim-histall/rlut_Amon_EC-Earth3_piClim-histall_r2i1p1f1_gr_191801-191812.nc;./EC-Earth3/piClim-histall/rlut_Amon_EC-Earth3_piClim-histall_r2i1p1f1_gr_191901-191912.nc;./EC-Earth3/piClim-histall/rlut_Amon_EC-Earth3_piClim-histall_r2i1p1f1_gr_192001-192012.nc;./EC-Earth3/piClim-histall/rlut_Amon_EC-Earth3_piClim-histall_r2i1p1f1_gr_192101-192112.nc;./EC-Earth3/piClim-histall/rlut_Amon_EC-Earth3_piClim-histall_r2i1p1f1_gr_192201-192212.nc;./EC-Earth3/piClim-histall/rlut_Amon_EC-Earth3_piClim-histall_r2i1p1f1_gr_192301-192312.nc;./EC-Earth3/piClim-histall/rlut_Amon_EC-Earth3_piClim-histall_r2i1p1f1_gr_192401-192412.nc;./EC-Earth3/piClim-histall/rlut_Amon_EC-Earth3_piClim-histall_r2i1p1f1_gr_192501-192512.nc;./EC-Earth3/piClim-histall/rlut_Amon_EC-Earth3_piClim-histall_r2i1p1f1_gr_192601-192612.nc;./EC-Earth3/piClim-histall/rlut_Amon_EC-Earth3_piClim-histall_r2i1p1f1_gr_192701-192712.nc;./EC-Earth3/piClim-histall/rlut_Amon_EC-Earth3_piClim-histall_r2i1p1f1_gr_192801-192812.nc;./EC-Earth3/piClim-histall/rlut_Amon_EC-Earth3_piClim-histall_r2i1p1f1_gr_192901-192912.nc;./EC-Earth3/piClim-histall/rlut_Amon_EC-Earth3_piClim-histall_r2i1p1f1_gr_193001-193012.nc;./EC-Earth3/piClim-histall/rlut_Amon_EC-Earth3_piClim-histall_r2i1p1f1_gr_193101-193112.nc;./EC-Earth3/piClim-histall/rlut_Amon_EC-Earth3_piClim-histall_r2i1p1f1_gr_193201-193212.nc;./EC-Earth3/piClim-histall/rlut_Amon_EC-Earth3_piClim-histall_r2i1p1f1_gr_193301-193312.nc;./EC-Earth3/piClim-histall/rlut_Amon_EC-Earth3_piClim-histall_r2i1p1f1_gr_193401-193412.nc;./EC-Earth3/piClim-histall/rlut_Amon_EC-Earth3_piClim-histall_r2i1p1f1_gr_193501-193512.nc;./EC-Earth3/piClim-histall/rlut_Amon_EC-Earth3_piClim-histall_r2i1p1f1_gr_193601-193612.nc;./EC-Earth3/piClim-histall/rlut_Amon_EC-Earth3_piClim-histall_r2i1p1f1_gr_193701-193712.nc;./EC-Earth3/piClim-histall/rlut_Amon_EC-Earth3_piClim-histall_r2i1p1f1_gr_193801-193812.nc;./EC-Earth3/piClim-histall/rlut_Amon_EC-Earth3_piClim-histall_r2i1p1f1_gr_193901-193912.nc;./EC-Earth3/piClim-histall/rlut_Amon_EC-Earth3_piClim-histall_r2i1p1f1_gr_194001-194012.nc;./EC-Earth3/piClim-histall/rlut_Amon_EC-Earth3_piClim-histall_r2i1p1f1_gr_194101-194112.nc;./EC-Earth3/piClim-histall/rlut_Amon_EC-Earth3_piClim-histall_r2i1p1f1_gr_194201-194212.nc;./EC-Earth3/piClim-histall/rlut_Amon_EC-Earth3_piClim-histall_r2i1p1f1_gr_194301-194312.nc;./EC-Earth3/piClim-histall/rlut_Amon_EC-Earth3_piClim-histall_r2i1p1f1_gr_194401-194412.nc;./EC-Earth3/piClim-histall/rlut_Amon_EC-Earth3_piClim-histall_r2i1p1f1_gr_194501-194512.nc;./EC-Earth3/piClim-histall/rlut_Amon_EC-Earth3_piClim-histall_r2i1p1f1_gr_194601-194612.nc;./EC-Earth3/piClim-histall/rlut_Amon_EC-Earth3_piClim-histall_r2i1p1f1_gr_194701-194712.nc;./EC-Earth3/piClim-histall/rlut_Amon_EC-Earth3_piClim-histall_r2i1p1f1_gr_194801-194812.nc;./EC-Earth3/piClim-histall/rlut_Amon_EC-Earth3_piClim-histall_r2i1p1f1_gr_194901-194912.nc;./EC-Earth3/piClim-histall/rlut_Amon_EC-Earth3_piClim-histall_r2i1p1f1_gr_195001-195012.nc;./EC-Earth3/piClim-histall/rlut_Amon_EC-Earth3_piClim-histall_r2i1p1f1_gr_195101-195112.nc;./EC-Earth3/piClim-histall/rlut_Amon_EC-Earth3_piClim-histall_r2i1p1f1_gr_195201-195212.nc;./EC-Earth3/piClim-histall/rlut_Amon_EC-Earth3_piClim-histall_r2i1p1f1_gr_195301-195312.nc;./EC-Earth3/piClim-histall/rlut_Amon_EC-Earth3_piClim-histall_r2i1p1f1_gr_195401-195412.nc;./EC-Earth3/piClim-histall/rlut_Amon_EC-Earth3_piClim-histall_r2i1p1f1_gr_195501-195512.nc;./EC-Earth3/piClim-histall/rlut_Amon_EC-Earth3_piClim-histall_r2i1p1f1_gr_195601-195612.nc;./EC-Earth3/piClim-histall/rlut_Amon_EC-Earth3_piClim-histall_r2i1p1f1_gr_195701-195712.nc;./EC-Earth3/piClim-histall/rlut_Amon_EC-Earth3_piClim-histall_r2i1p1f1_gr_195801-195812.nc;./EC-Earth3/piClim-histall/rlut_Amon_EC-Earth3_piClim-histall_r2i1p1f1_gr_195901-195912.nc;./EC-Earth3/piClim-histall/rlut_Amon_EC-Earth3_piClim-histall_r2i1p1f1_gr_196001-196012.nc;./EC-Earth3/piClim-histall/rlut_Amon_EC-Earth3_piClim-histall_r2i1p1f1_gr_196101-196112.nc;./EC-Earth3/piClim-histall/rlut_Amon_EC-Earth3_piClim-histall_r2i1p1f1_gr_196201-196212.nc;./EC-Earth3/piClim-histall/rlut_Amon_EC-Earth3_piClim-histall_r2i1p1f1_gr_196301-196312.nc;./EC-Earth3/piClim-histall/rlut_Amon_EC-Earth3_piClim-histall_r2i1p1f1_gr_196401-196412.nc;./EC-Earth3/piClim-histall/rlut_Amon_EC-Earth3_piClim-histall_r2i1p1f1_gr_196501-196512.nc;./EC-Earth3/piClim-histall/rlut_Amon_EC-Earth3_piClim-histall_r2i1p1f1_gr_196601-196612.nc;./EC-Earth3/piClim-histall/rlut_Amon_EC-Earth3_piClim-histall_r2i1p1f1_gr_196701-196712.nc;./EC-Earth3/piClim-histall/rlut_Amon_EC-Earth3_piClim-histall_r2i1p1f1_gr_196801-196812.nc;./EC-Earth3/piClim-histall/rlut_Amon_EC-Earth3_piClim-histall_r2i1p1f1_gr_196901-196912.nc;./EC-Earth3/piClim-histall/rlut_Amon_EC-Earth3_piClim-histall_r2i1p1f1_gr_197001-197012.nc;./EC-Earth3/piClim-histall/rlut_Amon_EC-Earth3_piClim-histall_r2i1p1f1_gr_197101-197112.nc;./EC-Earth3/piClim-histall/rlut_Amon_EC-Earth3_piClim-histall_r2i1p1f1_gr_197201-197212.nc;./EC-Earth3/piClim-histall/rlut_Amon_EC-Earth3_piClim-histall_r2i1p1f1_gr_197301-197312.nc;./EC-Earth3/piClim-histall/rlut_Amon_EC-Earth3_piClim-histall_r2i1p1f1_gr_197401-197412.nc;./EC-Earth3/piClim-histall/rlut_Amon_EC-Earth3_piClim-histall_r2i1p1f1_gr_197501-197512.nc;./EC-Earth3/piClim-histall/rlut_Amon_EC-Earth3_piClim-histall_r2i1p1f1_gr_197601-197612.nc;./EC-Earth3/piClim-histall/rlut_Amon_EC-Earth3_piClim-histall_r2i1p1f1_gr_197701-197712.nc;./EC-Earth3/piClim-histall/rlut_Amon_EC-Earth3_piClim-histall_r2i1p1f1_gr_197801-197812.nc;./EC-Earth3/piClim-histall/rlut_Amon_EC-Earth3_piClim-histall_r2i1p1f1_gr_197901-197912.nc;./EC-Earth3/piClim-histall/rlut_Amon_EC-Earth3_piClim-histall_r2i1p1f1_gr_198001-198012.nc;./EC-Earth3/piClim-histall/rlut_Amon_EC-Earth3_piClim-histall_r2i1p1f1_gr_198101-198112.nc;./EC-Earth3/piClim-histall/rlut_Amon_EC-Earth3_piClim-histall_r2i1p1f1_gr_198201-198212.nc;./EC-Earth3/piClim-histall/rlut_Amon_EC-Earth3_piClim-histall_r2i1p1f1_gr_198301-198312.nc;./EC-Earth3/piClim-histall/rlut_Amon_EC-Earth3_piClim-histall_r2i1p1f1_gr_198401-198412.nc;./EC-Earth3/piClim-histall/rlut_Amon_EC-Earth3_piClim-histall_r2i1p1f1_gr_198501-198512.nc;./EC-Earth3/piClim-histall/rlut_Amon_EC-Earth3_piClim-histall_r2i1p1f1_gr_198601-198612.nc;./EC-Earth3/piClim-histall/rlut_Amon_EC-Earth3_piClim-histall_r2i1p1f1_gr_198701-198712.nc;./EC-Earth3/piClim-histall/rlut_Amon_EC-Earth3_piClim-histall_r2i1p1f1_gr_198801-198812.nc;./EC-Earth3/piClim-histall/rlut_Amon_EC-Earth3_piClim-histall_r2i1p1f1_gr_198901-198912.nc;./EC-Earth3/piClim-histall/rlut_Amon_EC-Earth3_piClim-histall_r2i1p1f1_gr_199001-199012.nc;./EC-Earth3/piClim-histall/rlut_Amon_EC-Earth3_piClim-histall_r2i1p1f1_gr_199101-199112.nc;./EC-Earth3/piClim-histall/rlut_Amon_EC-Earth3_piClim-histall_r2i1p1f1_gr_199201-199212.nc;./EC-Earth3/piClim-histall/rlut_Amon_EC-Earth3_piClim-histall_r2i1p1f1_gr_199301-199312.nc;./EC-Earth3/piClim-histall/rlut_Amon_EC-Earth3_piClim-histall_r2i1p1f1_gr_199401-199412.nc;./EC-Earth3/piClim-histall/rlut_Amon_EC-Earth3_piClim-histall_r2i1p1f1_gr_199501-199512.nc;./EC-Earth3/piClim-histall/rlut_Amon_EC-Earth3_piClim-histall_r2i1p1f1_gr_199601-199612.nc;./EC-Earth3/piClim-histall/rlut_Amon_EC-Earth3_piClim-histall_r2i1p1f1_gr_199701-199712.nc;./EC-Earth3/piClim-histall/rlut_Amon_EC-Earth3_piClim-histall_r2i1p1f1_gr_199801-199812.nc;./EC-Earth3/piClim-histall/rlut_Amon_EC-Earth3_piClim-histall_r2i1p1f1_gr_199901-199912.nc;./EC-Earth3/piClim-histall/rlut_Amon_EC-Earth3_piClim-histall_r2i1p1f1_gr_200001-200012.nc;./EC-Earth3/piClim-histall/rlut_Amon_EC-Earth3_piClim-histall_r2i1p1f1_gr_200101-200112.nc;./EC-Earth3/piClim-histall/rlut_Amon_EC-Earth3_piClim-histall_r2i1p1f1_gr_200201-200212.nc;./EC-Earth3/piClim-histall/rlut_Amon_EC-Earth3_piClim-histall_r2i1p1f1_gr_200301-200312.nc;./EC-Earth3/piClim-histall/rlut_Amon_EC-Earth3_piClim-histall_r2i1p1f1_gr_200401-200412.nc;./EC-Earth3/piClim-histall/rlut_Amon_EC-Earth3_piClim-histall_r2i1p1f1_gr_200501-200512.nc;./EC-Earth3/piClim-histall/rlut_Amon_EC-Earth3_piClim-histall_r2i1p1f1_gr_200601-200612.nc;./EC-Earth3/piClim-histall/rlut_Amon_EC-Earth3_piClim-histall_r2i1p1f1_gr_200701-200712.nc;./EC-Earth3/piClim-histall/rlut_Amon_EC-Earth3_piClim-histall_r2i1p1f1_gr_200801-200812.nc;./EC-Earth3/piClim-histall/rlut_Amon_EC-Earth3_piClim-histall_r2i1p1f1_gr_200901-200912.nc;./EC-Earth3/piClim-histall/rlut_Amon_EC-Earth3_piClim-histall_r2i1p1f1_gr_201001-201012.nc;./EC-Earth3/piClim-histall/rlut_Amon_EC-Earth3_piClim-histall_r2i1p1f1_gr_201101-201112.nc;./EC-Earth3/piClim-histall/rlut_Amon_EC-Earth3_piClim-histall_r2i1p1f1_gr_201201-201212.nc;./EC-Earth3/piClim-histall/rlut_Amon_EC-Earth3_piClim-histall_r2i1p1f1_gr_201301-201312.nc;./EC-Earth3/piClim-histall/rlut_Amon_EC-Earth3_piClim-histall_r2i1p1f1_gr_201401-201412.nc,Amon;Amon;Amon;Amon;Amon;Amon;Amon;Amon;Amon;Amon;Amon;Amon;Amon;Amon;Amon;Amon;Amon;Amon;Amon;Amon;Amon;Amon;Amon;Amon;Amon;Amon;Amon;Amon;Amon;Amon;Amon;Amon;Amon;Amon;Amon;Amon;Amon;Amon;Amon;Amon;Amon;Amon;Amon;Amon;Amon;Amon;Amon;Amon;Amon;Amon;Amon;Amon;Amon;Amon;Amon;Amon;Amon;Amon;Amon;Amon;Amon;Amon;Amon;Amon;Amon;Amon;Amon;Amon;Amon;Amon;Amon;Amon;Amon;Amon;Amon;Amon;Amon;Amon;Amon;Amon;Amon;Amon;Amon;Amon;Amon;Amon;Amon;Amon;Amon;Amon;Amon;Amon;Amon;Amon;Amon;Amon;Amon;Amon;Amon;Amon;Amon;Amon;Amon;Amon;Amon;Amon;Amon;Amon;Amon;Amon;Amon;Amon;Amon;Amon;Amon;Amon;Amon;Amon;Amon;Amon;Amon;Amon;Amon;Amon;Amon;Amon;Amon;Amon;Amon;Amon;Amon;Amon;Amon;Amon;Amon;Amon;Amon;Amon;Amon;Amon;Amon;Amon;Amon;Amon;Amon;Amon;Amon;Amon;Amon;Amon;Amon;Amon;Amon;Amon;Amon;Amon;Amon;Amon;Amon;Amon;Amon;Amon;Amon;Amon;Amon,gr;gr;gr;gr;gr;gr;gr;gr;gr;gr;gr;gr;gr;gr;gr;gr;gr;gr;gr;gr;gr;gr;gr;gr;gr;gr;gr;gr;gr;gr;gr;gr;gr;gr;gr;gr;gr;gr;gr;gr;gr;gr;gr;gr;gr;gr;gr;gr;gr;gr;gr;gr;gr;gr;gr;gr;gr;gr;gr;gr;gr;gr;gr;gr;gr;gr;gr;gr;gr;gr;gr;gr;gr;gr;gr;gr;gr;gr;gr;gr;gr;gr;gr;gr;gr;gr;gr;gr;gr;gr;gr;gr;gr;gr;gr;gr;gr;gr;gr;gr;gr;gr;gr;gr;gr;gr;gr;gr;gr;gr;gr;gr;gr;gr;gr;gr;gr;gr;gr;gr;gr;gr;gr;gr;gr;gr;gr;gr;gr;gr;gr;gr;gr;gr;gr;gr;gr;gr;gr;gr;gr;gr;gr;gr;gr;gr;gr;gr;gr;gr;gr;gr;gr;gr;gr;gr;gr;gr;gr;gr;gr;gr;gr;gr;gr,185001-185012;185101-185112;185201-185212;185301-185312;185401-185412;185501-185512;185601-185612;185701-185712;185801-185812;185901-185912;186001-186012;186101-186112;186201-186212;186301-186312;186401-186412;186501-186512;186601-186612;186701-186712;186801-186812;186901-186912;187001-187012;187101-187112;187201-187212;187301-187312;187401-187412;187501-187512;187601-187612;187701-187712;187801-187812;187901-187912;188001-188012;188101-188112;188201-188212;188301-188312;188401-188412;188501-188512;188601-188612;188701-188712;188801-188812;188901-188912;189001-189012;189101-189112;189201-189212;189301-189312;189401-189412;189501-189512;189601-189612;189701-189712;189801-189812;189901-189912;190001-190012;190101-190112;190201-190212;190301-190312;190401-190412;190501-190512;190601-190612;190701-190712;190801-190812;190901-190912;191001-191012;191101-191112;191201-191212;191301-191312;191401-191412;191501-191512;191601-191612;191701-191712;191801-191812;191901-191912;192001-192012;192101-192112;192201-192212;192301-192312;192401-192412;192501-192512;192601-192612;192701-192712;192801-192812;192901-192912;193001-193012;193101-193112;193201-193212;193301-193312;193401-193412;193501-193512;193601-193612;193701-193712;193801-193812;193901-193912;194001-194012;194101-194112;194201-194212;194301-194312;194401-194412;194501-194512;194601-194612;194701-194712;194801-194812;194901-194912;195001-195012;195101-195112;195201-195212;195301-195312;195401-195412;195501-195512;195601-195612;195701-195712;195801-195812;195901-195912;196001-196012;196101-196112;196201-196212;196301-196312;196401-196412;196501-196512;196601-196612;196701-196712;196801-196812;196901-196912;197001-197012;197101-197112;197201-197212;197301-197312;197401-197412;197501-197512;197601-197612;197701-197712;197801-197812;197901-197912;198001-198012;198101-198112;198201-198212;198301-198312;198401-198412;198501-198512;198601-198612;198701-198712;198801-198812;198901-198912;199001-199012;199101-199112;199201-199212;199301-199312;199401-199412;199501-199512;199601-199612;199701-199712;199801-199812;199901-199912;200001-200012;200101-200112;200201-200212;200301-200312;200401-200412;200501-200512;200601-200612;200701-200712;200801-200812;200901-200912;201001-201012;201101-201112;201201-201212;201301-201312;201401-201412,./EC-Earth3/piClim-histall/rsut_Amon_EC-Earth3_piClim-histall_r2i1p1f1_gr_185001-185012.nc;./EC-Earth3/piClim-histall/rsut_Amon_EC-Earth3_piClim-histall_r2i1p1f1_gr_185101-185112.nc;./EC-Earth3/piClim-histall/rsut_Amon_EC-Earth3_piClim-histall_r2i1p1f1_gr_185201-185212.nc;./EC-Earth3/piClim-histall/rsut_Amon_EC-Earth3_piClim-histall_r2i1p1f1_gr_185301-185312.nc;./EC-Earth3/piClim-histall/rsut_Amon_EC-Earth3_piClim-histall_r2i1p1f1_gr_185401-185412.nc;./EC-Earth3/piClim-histall/rsut_Amon_EC-Earth3_piClim-histall_r2i1p1f1_gr_185501-185512.nc;./EC-Earth3/piClim-histall/rsut_Amon_EC-Earth3_piClim-histall_r2i1p1f1_gr_185601-185612.nc;./EC-Earth3/piClim-histall/rsut_Amon_EC-Earth3_piClim-histall_r2i1p1f1_gr_185701-185712.nc;./EC-Earth3/piClim-histall/rsut_Amon_EC-Earth3_piClim-histall_r2i1p1f1_gr_185801-185812.nc;./EC-Earth3/piClim-histall/rsut_Amon_EC-Earth3_piClim-histall_r2i1p1f1_gr_185901-185912.nc;./EC-Earth3/piClim-histall/rsut_Amon_EC-Earth3_piClim-histall_r2i1p1f1_gr_186001-186012.nc;./EC-Earth3/piClim-histall/rsut_Amon_EC-Earth3_piClim-histall_r2i1p1f1_gr_186101-186112.nc;./EC-Earth3/piClim-histall/rsut_Amon_EC-Earth3_piClim-histall_r2i1p1f1_gr_186201-186212.nc;./EC-Earth3/piClim-histall/rsut_Amon_EC-Earth3_piClim-histall_r2i1p1f1_gr_186301-186312.nc;./EC-Earth3/piClim-histall/rsut_Amon_EC-Earth3_piClim-histall_r2i1p1f1_gr_186401-186412.nc;./EC-Earth3/piClim-histall/rsut_Amon_EC-Earth3_piClim-histall_r2i1p1f1_gr_186501-186512.nc;./EC-Earth3/piClim-histall/rsut_Amon_EC-Earth3_piClim-histall_r2i1p1f1_gr_186601-186612.nc;./EC-Earth3/piClim-histall/rsut_Amon_EC-Earth3_piClim-histall_r2i1p1f1_gr_186701-186712.nc;./EC-Earth3/piClim-histall/rsut_Amon_EC-Earth3_piClim-histall_r2i1p1f1_gr_186801-186812.nc;./EC-Earth3/piClim-histall/rsut_Amon_EC-Earth3_piClim-histall_r2i1p1f1_gr_186901-186912.nc;./EC-Earth3/piClim-histall/rsut_Amon_EC-Earth3_piClim-histall_r2i1p1f1_gr_187001-187012.nc;./EC-Earth3/piClim-histall/rsut_Amon_EC-Earth3_piClim-histall_r2i1p1f1_gr_187101-187112.nc;./EC-Earth3/piClim-histall/rsut_Amon_EC-Earth3_piClim-histall_r2i1p1f1_gr_187201-187212.nc;./EC-Earth3/piClim-histall/rsut_Amon_EC-Earth3_piClim-histall_r2i1p1f1_gr_187301-187312.nc;./EC-Earth3/piClim-histall/rsut_Amon_EC-Earth3_piClim-histall_r2i1p1f1_gr_187401-187412.nc;./EC-Earth3/piClim-histall/rsut_Amon_EC-Earth3_piClim-histall_r2i1p1f1_gr_187501-187512.nc;./EC-Earth3/piClim-histall/rsut_Amon_EC-Earth3_piClim-histall_r2i1p1f1_gr_187601-187612.nc;./EC-Earth3/piClim-histall/rsut_Amon_EC-Earth3_piClim-histall_r2i1p1f1_gr_187701-187712.nc;./EC-Earth3/piClim-histall/rsut_Amon_EC-Earth3_piClim-histall_r2i1p1f1_gr_187801-187812.nc;./EC-Earth3/piClim-histall/rsut_Amon_EC-Earth3_piClim-histall_r2i1p1f1_gr_187901-187912.nc;./EC-Earth3/piClim-histall/rsut_Amon_EC-Earth3_piClim-histall_r2i1p1f1_gr_188001-188012.nc;./EC-Earth3/piClim-histall/rsut_Amon_EC-Earth3_piClim-histall_r2i1p1f1_gr_188101-188112.nc;./EC-Earth3/piClim-histall/rsut_Amon_EC-Earth3_piClim-histall_r2i1p1f1_gr_188201-188212.nc;./EC-Earth3/piClim-histall/rsut_Amon_EC-Earth3_piClim-histall_r2i1p1f1_gr_188301-188312.nc;./EC-Earth3/piClim-histall/rsut_Amon_EC-Earth3_piClim-histall_r2i1p1f1_gr_188401-188412.nc;./EC-Earth3/piClim-histall/rsut_Amon_EC-Earth3_piClim-histall_r2i1p1f1_gr_188501-188512.nc;./EC-Earth3/piClim-histall/rsut_Amon_EC-Earth3_piClim-histall_r2i1p1f1_gr_188601-188612.nc;./EC-Earth3/piClim-histall/rsut_Amon_EC-Earth3_piClim-histall_r2i1p1f1_gr_188701-188712.nc;./EC-Earth3/piClim-histall/rsut_Amon_EC-Earth3_piClim-histall_r2i1p1f1_gr_188801-188812.nc;./EC-Earth3/piClim-histall/rsut_Amon_EC-Earth3_piClim-histall_r2i1p1f1_gr_188901-188912.nc;./EC-Earth3/piClim-histall/rsut_Amon_EC-Earth3_piClim-histall_r2i1p1f1_gr_189001-189012.nc;./EC-Earth3/piClim-histall/rsut_Amon_EC-Earth3_piClim-histall_r2i1p1f1_gr_189101-189112.nc;./EC-Earth3/piClim-histall/rsut_Amon_EC-Earth3_piClim-histall_r2i1p1f1_gr_189201-189212.nc;./EC-Earth3/piClim-histall/rsut_Amon_EC-Earth3_piClim-histall_r2i1p1f1_gr_189301-189312.nc;./EC-Earth3/piClim-histall/rsut_Amon_EC-Earth3_piClim-histall_r2i1p1f1_gr_189401-189412.nc;./EC-Earth3/piClim-histall/rsut_Amon_EC-Earth3_piClim-histall_r2i1p1f1_gr_189501-189512.nc;./EC-Earth3/piClim-histall/rsut_Amon_EC-Earth3_piClim-histall_r2i1p1f1_gr_189601-189612.nc;./EC-Earth3/piClim-histall/rsut_Amon_EC-Earth3_piClim-histall_r2i1p1f1_gr_189701-189712.nc;./EC-Earth3/piClim-histall/rsut_Amon_EC-Earth3_piClim-histall_r2i1p1f1_gr_189801-189812.nc;./EC-Earth3/piClim-histall/rsut_Amon_EC-Earth3_piClim-histall_r2i1p1f1_gr_189901-189912.nc;./EC-Earth3/piClim-histall/rsut_Amon_EC-Earth3_piClim-histall_r2i1p1f1_gr_190001-190012.nc;./EC-Earth3/piClim-histall/rsut_Amon_EC-Earth3_piClim-histall_r2i1p1f1_gr_190101-190112.nc;./EC-Earth3/piClim-histall/rsut_Amon_EC-Earth3_piClim-histall_r2i1p1f1_gr_190201-190212.nc;./EC-Earth3/piClim-histall/rsut_Amon_EC-Earth3_piClim-histall_r2i1p1f1_gr_190301-190312.nc;./EC-Earth3/piClim-histall/rsut_Amon_EC-Earth3_piClim-histall_r2i1p1f1_gr_190401-190412.nc;./EC-Earth3/piClim-histall/rsut_Amon_EC-Earth3_piClim-histall_r2i1p1f1_gr_190501-190512.nc;./EC-Earth3/piClim-histall/rsut_Amon_EC-Earth3_piClim-histall_r2i1p1f1_gr_190601-190612.nc;./EC-Earth3/piClim-histall/rsut_Amon_EC-Earth3_piClim-histall_r2i1p1f1_gr_190701-190712.nc;./EC-Earth3/piClim-histall/rsut_Amon_EC-Earth3_piClim-histall_r2i1p1f1_gr_190801-190812.nc;./EC-Earth3/piClim-histall/rsut_Amon_EC-Earth3_piClim-histall_r2i1p1f1_gr_190901-190912.nc;./EC-Earth3/piClim-histall/rsut_Amon_EC-Earth3_piClim-histall_r2i1p1f1_gr_191001-191012.nc;./EC-Earth3/piClim-histall/rsut_Amon_EC-Earth3_piClim-histall_r2i1p1f1_gr_191101-191112.nc;./EC-Earth3/piClim-histall/rsut_Amon_EC-Earth3_piClim-histall_r2i1p1f1_gr_191201-191212.nc;./EC-Earth3/piClim-histall/rsut_Amon_EC-Earth3_piClim-histall_r2i1p1f1_gr_191301-191312.nc;./EC-Earth3/piClim-histall/rsut_Amon_EC-Earth3_piClim-histall_r2i1p1f1_gr_191401-191412.nc;./EC-Earth3/piClim-histall/rsut_Amon_EC-Earth3_piClim-histall_r2i1p1f1_gr_191501-191512.nc;./EC-Earth3/piClim-histall/rsut_Amon_EC-Earth3_piClim-histall_r2i1p1f1_gr_191601-191612.nc;./EC-Earth3/piClim-histall/rsut_Amon_EC-Earth3_piClim-histall_r2i1p1f1_gr_191701-191712.nc;./EC-Earth3/piClim-histall/rsut_Amon_EC-Earth3_piClim-histall_r2i1p1f1_gr_191801-191812.nc;./EC-Earth3/piClim-histall/rsut_Amon_EC-Earth3_piClim-histall_r2i1p1f1_gr_191901-191912.nc;./EC-Earth3/piClim-histall/rsut_Amon_EC-Earth3_piClim-histall_r2i1p1f1_gr_192001-192012.nc;./EC-Earth3/piClim-histall/rsut_Amon_EC-Earth3_piClim-histall_r2i1p1f1_gr_192101-192112.nc;./EC-Earth3/piClim-histall/rsut_Amon_EC-Earth3_piClim-histall_r2i1p1f1_gr_192201-192212.nc;./EC-Earth3/piClim-histall/rsut_Amon_EC-Earth3_piClim-histall_r2i1p1f1_gr_192301-192312.nc;./EC-Earth3/piClim-histall/rsut_Amon_EC-Earth3_piClim-histall_r2i1p1f1_gr_192401-192412.nc;./EC-Earth3/piClim-histall/rsut_Amon_EC-Earth3_piClim-histall_r2i1p1f1_gr_192501-192512.nc;./EC-Earth3/piClim-histall/rsut_Amon_EC-Earth3_piClim-histall_r2i1p1f1_gr_192601-192612.nc;./EC-Earth3/piClim-histall/rsut_Amon_EC-Earth3_piClim-histall_r2i1p1f1_gr_192701-192712.nc;./EC-Earth3/piClim-histall/rsut_Amon_EC-Earth3_piClim-histall_r2i1p1f1_gr_192801-192812.nc;./EC-Earth3/piClim-histall/rsut_Amon_EC-Earth3_piClim-histall_r2i1p1f1_gr_192901-192912.nc;./EC-Earth3/piClim-histall/rsut_Amon_EC-Earth3_piClim-histall_r2i1p1f1_gr_193001-193012.nc;./EC-Earth3/piClim-histall/rsut_Amon_EC-Earth3_piClim-histall_r2i1p1f1_gr_193101-193112.nc;./EC-Earth3/piClim-histall/rsut_Amon_EC-Earth3_piClim-histall_r2i1p1f1_gr_193201-193212.nc;./EC-Earth3/piClim-histall/rsut_Amon_EC-Earth3_piClim-histall_r2i1p1f1_gr_193301-193312.nc;./EC-Earth3/piClim-histall/rsut_Amon_EC-Earth3_piClim-histall_r2i1p1f1_gr_193401-193412.nc;./EC-Earth3/piClim-histall/rsut_Amon_EC-Earth3_piClim-histall_r2i1p1f1_gr_193501-193512.nc;./EC-Earth3/piClim-histall/rsut_Amon_EC-Earth3_piClim-histall_r2i1p1f1_gr_193601-193612.nc;./EC-Earth3/piClim-histall/rsut_Amon_EC-Earth3_piClim-histall_r2i1p1f1_gr_193701-193712.nc;./EC-Earth3/piClim-histall/rsut_Amon_EC-Earth3_piClim-histall_r2i1p1f1_gr_193801-193812.nc;./EC-Earth3/piClim-histall/rsut_Amon_EC-Earth3_piClim-histall_r2i1p1f1_gr_193901-193912.nc;./EC-Earth3/piClim-histall/rsut_Amon_EC-Earth3_piClim-histall_r2i1p1f1_gr_194001-194012.nc;./EC-Earth3/piClim-histall/rsut_Amon_EC-Earth3_piClim-histall_r2i1p1f1_gr_194101-194112.nc;./EC-Earth3/piClim-histall/rsut_Amon_EC-Earth3_piClim-histall_r2i1p1f1_gr_194201-194212.nc;./EC-Earth3/piClim-histall/rsut_Amon_EC-Earth3_piClim-histall_r2i1p1f1_gr_194301-194312.nc;./EC-Earth3/piClim-histall/rsut_Amon_EC-Earth3_piClim-histall_r2i1p1f1_gr_194401-194412.nc;./EC-Earth3/piClim-histall/rsut_Amon_EC-Earth3_piClim-histall_r2i1p1f1_gr_194501-194512.nc;./EC-Earth3/piClim-histall/rsut_Amon_EC-Earth3_piClim-histall_r2i1p1f1_gr_194601-194612.nc;./EC-Earth3/piClim-histall/rsut_Amon_EC-Earth3_piClim-histall_r2i1p1f1_gr_194701-194712.nc;./EC-Earth3/piClim-histall/rsut_Amon_EC-Earth3_piClim-histall_r2i1p1f1_gr_194801-194812.nc;./EC-Earth3/piClim-histall/rsut_Amon_EC-Earth3_piClim-histall_r2i1p1f1_gr_194901-194912.nc;./EC-Earth3/piClim-histall/rsut_Amon_EC-Earth3_piClim-histall_r2i1p1f1_gr_195001-195012.nc;./EC-Earth3/piClim-histall/rsut_Amon_EC-Earth3_piClim-histall_r2i1p1f1_gr_195101-195112.nc;./EC-Earth3/piClim-histall/rsut_Amon_EC-Earth3_piClim-histall_r2i1p1f1_gr_195201-195212.nc;./EC-Earth3/piClim-histall/rsut_Amon_EC-Earth3_piClim-histall_r2i1p1f1_gr_195301-195312.nc;./EC-Earth3/piClim-histall/rsut_Amon_EC-Earth3_piClim-histall_r2i1p1f1_gr_195401-195412.nc;./EC-Earth3/piClim-histall/rsut_Amon_EC-Earth3_piClim-histall_r2i1p1f1_gr_195501-195512.nc;./EC-Earth3/piClim-histall/rsut_Amon_EC-Earth3_piClim-histall_r2i1p1f1_gr_195601-195612.nc;./EC-Earth3/piClim-histall/rsut_Amon_EC-Earth3_piClim-histall_r2i1p1f1_gr_195701-195712.nc;./EC-Earth3/piClim-histall/rsut_Amon_EC-Earth3_piClim-histall_r2i1p1f1_gr_195801-195812.nc;./EC-Earth3/piClim-histall/rsut_Amon_EC-Earth3_piClim-histall_r2i1p1f1_gr_195901-195912.nc;./EC-Earth3/piClim-histall/rsut_Amon_EC-Earth3_piClim-histall_r2i1p1f1_gr_196001-196012.nc;./EC-Earth3/piClim-histall/rsut_Amon_EC-Earth3_piClim-histall_r2i1p1f1_gr_196101-196112.nc;./EC-Earth3/piClim-histall/rsut_Amon_EC-Earth3_piClim-histall_r2i1p1f1_gr_196201-196212.nc;./EC-Earth3/piClim-histall/rsut_Amon_EC-Earth3_piClim-histall_r2i1p1f1_gr_196301-196312.nc;./EC-Earth3/piClim-histall/rsut_Amon_EC-Earth3_piClim-histall_r2i1p1f1_gr_196401-196412.nc;./EC-Earth3/piClim-histall/rsut_Amon_EC-Earth3_piClim-histall_r2i1p1f1_gr_196501-196512.nc;./EC-Earth3/piClim-histall/rsut_Amon_EC-Earth3_piClim-histall_r2i1p1f1_gr_196601-196612.nc;./EC-Earth3/piClim-histall/rsut_Amon_EC-Earth3_piClim-histall_r2i1p1f1_gr_196701-196712.nc;./EC-Earth3/piClim-histall/rsut_Amon_EC-Earth3_piClim-histall_r2i1p1f1_gr_196801-196812.nc;./EC-Earth3/piClim-histall/rsut_Amon_EC-Earth3_piClim-histall_r2i1p1f1_gr_196901-196912.nc;./EC-Earth3/piClim-histall/rsut_Amon_EC-Earth3_piClim-histall_r2i1p1f1_gr_197001-197012.nc;./EC-Earth3/piClim-histall/rsut_Amon_EC-Earth3_piClim-histall_r2i1p1f1_gr_197101-197112.nc;./EC-Earth3/piClim-histall/rsut_Amon_EC-Earth3_piClim-histall_r2i1p1f1_gr_197201-197212.nc;./EC-Earth3/piClim-histall/rsut_Amon_EC-Earth3_piClim-histall_r2i1p1f1_gr_197301-197312.nc;./EC-Earth3/piClim-histall/rsut_Amon_EC-Earth3_piClim-histall_r2i1p1f1_gr_197401-197412.nc;./EC-Earth3/piClim-histall/rsut_Amon_EC-Earth3_piClim-histall_r2i1p1f1_gr_197501-197512.nc;./EC-Earth3/piClim-histall/rsut_Amon_EC-Earth3_piClim-histall_r2i1p1f1_gr_197601-197612.nc;./EC-Earth3/piClim-histall/rsut_Amon_EC-Earth3_piClim-histall_r2i1p1f1_gr_197701-197712.nc;./EC-Earth3/piClim-histall/rsut_Amon_EC-Earth3_piClim-histall_r2i1p1f1_gr_197801-197812.nc;./EC-Earth3/piClim-histall/rsut_Amon_EC-Earth3_piClim-histall_r2i1p1f1_gr_197901-197912.nc;./EC-Earth3/piClim-histall/rsut_Amon_EC-Earth3_piClim-histall_r2i1p1f1_gr_198001-198012.nc;./EC-Earth3/piClim-histall/rsut_Amon_EC-Earth3_piClim-histall_r2i1p1f1_gr_198101-198112.nc;./EC-Earth3/piClim-histall/rsut_Amon_EC-Earth3_piClim-histall_r2i1p1f1_gr_198201-198212.nc;./EC-Earth3/piClim-histall/rsut_Amon_EC-Earth3_piClim-histall_r2i1p1f1_gr_198301-198312.nc;./EC-Earth3/piClim-histall/rsut_Amon_EC-Earth3_piClim-histall_r2i1p1f1_gr_198401-198412.nc;./EC-Earth3/piClim-histall/rsut_Amon_EC-Earth3_piClim-histall_r2i1p1f1_gr_198501-198512.nc;./EC-Earth3/piClim-histall/rsut_Amon_EC-Earth3_piClim-histall_r2i1p1f1_gr_198601-198612.nc;./EC-Earth3/piClim-histall/rsut_Amon_EC-Earth3_piClim-histall_r2i1p1f1_gr_198701-198712.nc;./EC-Earth3/piClim-histall/rsut_Amon_EC-Earth3_piClim-histall_r2i1p1f1_gr_198801-198812.nc;./EC-Earth3/piClim-histall/rsut_Amon_EC-Earth3_piClim-histall_r2i1p1f1_gr_198901-198912.nc;./EC-Earth3/piClim-histall/rsut_Amon_EC-Earth3_piClim-histall_r2i1p1f1_gr_199001-199012.nc;./EC-Earth3/piClim-histall/rsut_Amon_EC-Earth3_piClim-histall_r2i1p1f1_gr_199101-199112.nc;./EC-Earth3/piClim-histall/rsut_Amon_EC-Earth3_piClim-histall_r2i1p1f1_gr_199201-199212.nc;./EC-Earth3/piClim-histall/rsut_Amon_EC-Earth3_piClim-histall_r2i1p1f1_gr_199301-199312.nc;./EC-Earth3/piClim-histall/rsut_Amon_EC-Earth3_piClim-histall_r2i1p1f1_gr_199401-199412.nc;./EC-Earth3/piClim-histall/rsut_Amon_EC-Earth3_piClim-histall_r2i1p1f1_gr_199501-199512.nc;./EC-Earth3/piClim-histall/rsut_Amon_EC-Earth3_piClim-histall_r2i1p1f1_gr_199601-199612.nc;./EC-Earth3/piClim-histall/rsut_Amon_EC-Earth3_piClim-histall_r2i1p1f1_gr_199701-199712.nc;./EC-Earth3/piClim-histall/rsut_Amon_EC-Earth3_piClim-histall_r2i1p1f1_gr_199801-199812.nc;./EC-Earth3/piClim-histall/rsut_Amon_EC-Earth3_piClim-histall_r2i1p1f1_gr_199901-199912.nc;./EC-Earth3/piClim-histall/rsut_Amon_EC-Earth3_piClim-histall_r2i1p1f1_gr_200001-200012.nc;./EC-Earth3/piClim-histall/rsut_Amon_EC-Earth3_piClim-histall_r2i1p1f1_gr_200101-200112.nc;./EC-Earth3/piClim-histall/rsut_Amon_EC-Earth3_piClim-histall_r2i1p1f1_gr_200201-200212.nc;./EC-Earth3/piClim-histall/rsut_Amon_EC-Earth3_piClim-histall_r2i1p1f1_gr_200301-200312.nc;./EC-Earth3/piClim-histall/rsut_Amon_EC-Earth3_piClim-histall_r2i1p1f1_gr_200401-200412.nc;./EC-Earth3/piClim-histall/rsut_Amon_EC-Earth3_piClim-histall_r2i1p1f1_gr_200501-200512.nc;./EC-Earth3/piClim-histall/rsut_Amon_EC-Earth3_piClim-histall_r2i1p1f1_gr_200601-200612.nc;./EC-Earth3/piClim-histall/rsut_Amon_EC-Earth3_piClim-histall_r2i1p1f1_gr_200701-200712.nc;./EC-Earth3/piClim-histall/rsut_Amon_EC-Earth3_piClim-histall_r2i1p1f1_gr_200801-200812.nc;./EC-Earth3/piClim-histall/rsut_Amon_EC-Earth3_piClim-histall_r2i1p1f1_gr_200901-200912.nc;./EC-Earth3/piClim-histall/rsut_Amon_EC-Earth3_piClim-histall_r2i1p1f1_gr_201001-201012.nc;./EC-Earth3/piClim-histall/rsut_Amon_EC-Earth3_piClim-histall_r2i1p1f1_gr_201101-201112.nc;./EC-Earth3/piClim-histall/rsut_Amon_EC-Earth3_piClim-histall_r2i1p1f1_gr_201201-201212.nc;./EC-Earth3/piClim-histall/rsut_Amon_EC-Earth3_piClim-histall_r2i1p1f1_gr_201301-201312.nc;./EC-Earth3/piClim-histall/rsut_Amon_EC-Earth3_piClim-histall_r2i1p1f1_gr_201401-201412.nc,Amon;Amon;Amon;Amon;Amon;Amon;Amon;Amon;Amon;Amon;Amon;Amon;Amon;Amon;Amon;Amon;Amon;Amon;Amon;Amon;Amon;Amon;Amon;Amon;Amon;Amon;Amon;Amon;Amon;Amon;Amon;Amon;Amon;Amon;Amon;Amon;Amon;Amon;Amon;Amon;Amon;Amon;Amon;Amon;Amon;Amon;Amon;Amon;Amon;Amon;Amon;Amon;Amon;Amon;Amon;Amon;Amon;Amon;Amon;Amon;Amon;Amon;Amon;Amon;Amon;Amon;Amon;Amon;Amon;Amon;Amon;Amon;Amon;Amon;Amon;Amon;Amon;Amon;Amon;Amon;Amon;Amon;Amon;Amon;Amon;Amon;Amon;Amon;Amon;Amon;Amon;Amon;Amon;Amon;Amon;Amon;Amon;Amon;Amon;Amon;Amon;Amon;Amon;Amon;Amon;Amon;Amon;Amon;Amon;Amon;Amon;Amon;Amon;Amon;Amon;Amon;Amon;Amon;Amon;Amon;Amon;Amon;Amon;Amon;Amon;Amon;Amon;Amon;Amon;Amon;Amon;Amon;Amon;Amon;Amon;Amon;Amon;Amon;Amon;Amon;Amon;Amon;Amon;Amon;Amon;Amon;Amon;Amon;Amon;Amon;Amon;Amon;Amon;Amon;Amon;Amon;Amon;Amon;Amon;Amon;Amon;Amon;Amon;Amon;Amon,gr;gr;gr;gr;gr;gr;gr;gr;gr;gr;gr;gr;gr;gr;gr;gr;gr;gr;gr;gr;gr;gr;gr;gr;gr;gr;gr;gr;gr;gr;gr;gr;gr;gr;gr;gr;gr;gr;gr;gr;gr;gr;gr;gr;gr;gr;gr;gr;gr;gr;gr;gr;gr;gr;gr;gr;gr;gr;gr;gr;gr;gr;gr;gr;gr;gr;gr;gr;gr;gr;gr;gr;gr;gr;gr;gr;gr;gr;gr;gr;gr;gr;gr;gr;gr;gr;gr;gr;gr;gr;gr;gr;gr;gr;gr;gr;gr;gr;gr;gr;gr;gr;gr;gr;gr;gr;gr;gr;gr;gr;gr;gr;gr;gr;gr;gr;gr;gr;gr;gr;gr;gr;gr;gr;gr;gr;gr;gr;gr;gr;gr;gr;gr;gr;gr;gr;gr;gr;gr;gr;gr;gr;gr;gr;gr;gr;gr;gr;gr;gr;gr;gr;gr;gr;gr;gr;gr;gr;gr;gr;gr;gr;gr;gr;gr,185001-185012;185101-185112;185201-185212;185301-185312;185401-185412;185501-185512;185601-185612;185701-185712;185801-185812;185901-185912;186001-186012;186101-186112;186201-186212;186301-186312;186401-186412;186501-186512;186601-186612;186701-186712;186801-186812;186901-186912;187001-187012;187101-187112;187201-187212;187301-187312;187401-187412;187501-187512;187601-187612;187701-187712;187801-187812;187901-187912;188001-188012;188101-188112;188201-188212;188301-188312;188401-188412;188501-188512;188601-188612;188701-188712;188801-188812;188901-188912;189001-189012;189101-189112;189201-189212;189301-189312;189401-189412;189501-189512;189601-189612;189701-189712;189801-189812;189901-189912;190001-190012;190101-190112;190201-190212;190301-190312;190401-190412;190501-190512;190601-190612;190701-190712;190801-190812;190901-190912;191001-191012;191101-191112;191201-191212;191301-191312;191401-191412;191501-191512;191601-191612;191701-191712;191801-191812;191901-191912;192001-192012;192101-192112;192201-192212;192301-192312;192401-192412;192501-192512;192601-192612;192701-192712;192801-192812;192901-192912;193001-193012;193101-193112;193201-193212;193301-193312;193401-193412;193501-193512;193601-193612;193701-193712;193801-193812;193901-193912;194001-194012;194101-194112;194201-194212;194301-194312;194401-194412;194501-194512;194601-194612;194701-194712;194801-194812;194901-194912;195001-195012;195101-195112;195201-195212;195301-195312;195401-195412;195501-195512;195601-195612;195701-195712;195801-195812;195901-195912;196001-196012;196101-196112;196201-196212;196301-196312;196401-196412;196501-196512;196601-196612;196701-196712;196801-196812;196901-196912;197001-197012;197101-197112;197201-197212;197301-197312;197401-197412;197501-197512;197601-197612;197701-197712;197801-197812;197901-197912;198001-198012;198101-198112;198201-198212;198301-198312;198401-198412;198501-198512;198601-198612;198701-198712;198801-198812;198901-198912;199001-199012;199101-199112;199201-199212;199301-199312;199401-199412;199501-199512;199601-199612;199701-199712;199801-199812;199901-199912;200001-200012;200101-200112;200201-200212;200301-200312;200401-200412;200501-200512;200601-200612;200701-200712;200801-200812;200901-200912;201001-201012;201101-201112;201201-201212;201301-201312;201401-201412
FGOALS-f3-L,amip-hist,r1i1p1f1,complete,,,./FGOALS-f3-L/amip-hist/tas_Amon_FGOALS-f3-L_amip-hist_r1i1p1f1_gr_187001-201412.nc,Amon,gr,187001-201412,./FGOALS-f3-L/amip-hist/rsdt_Amon_FGOALS-f3-L_amip-hist_r1i1p1f1_gr_187001-201412.nc,Amon,gr,187001-201412,./FGOALS-f3-L/amip-hist/rlut_Amon_FGOALS-f3-L_amip-hist_r1i1p1f1_gr_187001-201412.nc,Amon,gr,187001-201412,./FGOALS-f3-L/amip-hist/rsut_Amon_FGOALS-f3-L_amip-hist_r1i1p1f1_gr_187001-201412.nc,Amon,gr,187001-201412
FGOALS-f3-L,amip-hist,r2i1p1f1,complete,,,./FGOALS-f3-L/amip-hist/tas_Amon_FGOALS-f3-L_amip-hist_r2i1p1f1_gr_187001-201412.nc,Amon,gr,187001-201412,./FGOALS-f3-L/amip-hist/rsdt_Amon_FGOALS-f3-L_amip-hist_r2i1p1f1_gr_187001-201412.nc,Amon,gr,187001-201412,./FGOALS-f3-L/amip-hist/rlut_Amon_FGOALS-f3-L_amip-hist_r2i1p1f1_gr_187001-201412.nc,Amon,gr,187001-201412,./FGOALS-f3-L/amip-hist/rsut_Amon_FGOALS-f3-L_amip-hist_r2i1p1f1_gr_187001-201412.nc,Amon,gr,187001-201412
FGOALS-f3-L,amip-hist,r3i1p1f1,complete,,,./FGOALS-f3-L/amip-hist/tas_Amon_FGOALS-f3-L_amip-hist_r3i1p1f1_gr_187001-201412.nc,Amon,gr,187001-201412,./FGOALS-f3-L/amip-hist/rsdt_Amon_FGOALS-f3-L_amip-hist_r3i1p1f1_gr_187001-201412.nc,Amon,gr,187001-201412,./FGOALS-f3-L/amip-hist/rlut_Amon_FGOALS-f3-L_amip-hist_r3i1p1f1_gr_187001-201412.nc,Amon,gr,187001-201412,./FGOALS-f3-L/amip-hist/rsut_Amon_FGOALS-f3-L_amip-hist_r3i1p1f1_gr_187001-201412.nc,Amon,gr,187001-201412
FGOALS-g3,amip-hist,r1i1p1f1,ambiguous,,tas;rsdt;rlut;rsut,./FGOALS-g3/amip-hist/tas_Amon_FGOALS-g3_amip-hist_r1i1p1f1_gn_187001-187912.nc;./FGOALS-g3/amip-hist/tas_Amon_FGOALS-g3_amip-hist_r1i1p1f1_gn_188001-188912.nc;./FGOALS-g3/amip-hist/tas_Amon_FGOALS-g3_amip-hist_r1i1p1f1_gn_189001-189912.nc;./FGOALS-g3/amip-hist/tas_Amon_FGOALS-g3_amip-hist_r1i1p1f1_gn_190001-190912.nc;./FGOALS-g3/amip-hist/tas_Amon_FGOALS-g3_amip-hist_r1i1p1f1_gn_191001-191912.nc;./FGOALS-g3/amip-hist/tas_Amon_FGOALS-g3_amip-hist_r1i1p1f1_gn_192001-192912.nc;./FGOALS-g3/amip-hist/tas_Amon_FGOALS-g3_amip-hist_r1i1p1f1_gn_193001-193912.nc;./FGOALS-g3/amip-hist/tas_Amon_FGOALS-g3_amip-hist_r1i1p1f1_gn_194001-194912.nc;./FGOALS-g3/amip-hist/tas_Amon_FGOALS-g3_amip-hist_r1i1p1f1_gn_195001-195912.nc;./FGOALS-g3/amip-hist/tas_Amon_FGOALS-g3_amip-hist_r1i1p1f1_gn_196001-196912.nc;./FGOALS-g3/amip-hist/tas_Amon_FGOALS-g3_amip-hist_r1i1p1f1_gn_197001-197912.nc;./FGOALS-g3/amip-hist/tas_Amon_FGOALS-g3_amip-hist_r1i1p1f1_gn_198001-198912.nc;./FGOALS-g3/amip-hist/tas_Amon_FGOALS-g3_amip-hist_r1i1p1f1_gn_199001-199912.nc;./FGOALS-g3/amip-hist/tas_Amon_FGOALS-g3_amip-hist_r1i1p1f1_gn_200001-200912.nc;./FGOALS-g3/amip-hist/tas_Amon_FGOALS-g3_amip-hist_r1i1p1f1_gn_201001-201512.nc,Amon;Amon;Amon;Amon;Amon;Amon;Amon;Amon;Amon;Amon;Amon;Amon;Amon;Amon;Amon,gn;gn;gn;gn;gn;gn;gn;gn;gn;gn;gn;gn;gn;gn;gn,187001-187912;188001-188912;189001-189912;190001-190912;191001-191912;192001-192912;193001-193912;194001-194912;195001-195912;196001-196912;197001-197912;198001-198912;199001-199912;200001-200912;201001-201512,./FGOALS-g3/amip-hist/rsdt_Amon_FGOALS-g3_amip-hist_r1i1p1f1_gn_187001-187912.nc;./FGOALS-g3/amip-hist/rsdt_Amon_FGOALS-g3_amip-hist_r1i1p1f1_gn_188001-188912.nc;./FGOALS-g3/amip-hist/rsdt_Amon_FGOALS-g3_amip-hist_r1i1p1f1_gn_189001-189912.nc;./FGOALS-g3/amip-hist/rsdt_Amon_FGOALS-g3_amip-hist_r1i1p1f1_gn_190001-190912.nc;./FGOALS-g3/amip-hist/rsdt_Amon_FGOALS-g3_amip-hist_r1i1p1f1_gn_191001-191912.nc;./FGOALS-g3/amip-hist/rsdt_Amon_FGOALS-g3_amip-hist_r1i1p1f1_gn_192001-192912.nc;./FGOALS-g3/amip-hist/rsdt_Amon_FGOALS-g3_amip-hist_r1i1p1f1_gn_193001-193912.nc;./FGOALS-g3/amip-hist/rsdt_Amon_FGOALS-g3_amip-hist_r1i1p1f1_gn_194001-194912.nc;./FGOALS-g3/amip-hist/rsdt_Amon_FGOALS-g3_amip-hist_r1i1p1f1_gn_195001-195912.nc;./FGOALS-g3/amip-hist/rsdt_Amon_FGOALS-g3_amip-hist_r1i1p1f1_gn_196001-196912.nc;./FGOALS-g3/amip-hist/rsdt_Amon_FGOALS-g3_amip-hist_r1i1p1f1_gn_197001-197912.nc;./FGOALS-g3/amip-hist/rsdt_Amon_FGOALS-g3_amip-hist_r1i1p1f1_gn_198001-198912.nc;./FGOALS-g3/amip-hist/rsdt_Amon_FGOALS-g3_amip-hist_r1i1p1f1_gn_199001-199912.nc;./FGOALS-g3/amip-hist/rsdt_Amon_FGOALS-g3_amip-hist_r1i1p1f1_gn_200001-200912.nc;./FGOALS-g3/amip-hist/rsdt_Amon_FGOALS-g3_amip-hist_r1i1p1f1_gn_201001-201512.nc,Amon;Amon;Amon;Amon;Amon;Amon;Amon;Amon;Amon;Amon;Amon;Amon;Amon;Amon;Amon,gn;gn;gn;gn;gn;gn;gn;gn;gn;gn;gn;gn;gn;gn;gn,187001-187912;188001-188912;189001-189912;190001-190912;191001-191912;192001-192912;193001-193912;194001-194912;195001-195912;196001-196912;197001-197912;198001-198912;199001-199912;200001-200912;201001-201512,./FGOALS-g3/amip-hist/rlut_Amon_FGOALS-g3_amip-hist_r1i1p1f1_gn_187001-187912.nc;./FGOALS-g3/amip-hist/rlut_Amon_FGOALS-g3_amip-hist_r1i1p1f1_gn_188001-188912.nc;./FGOALS-g3/amip-hist/rlut_Amon_FGOALS-g3_amip-hist_r1i1p1f1_gn_189001-189912.nc;./FGOALS-g3/amip-hist/rlut_Amon_FGOALS-g3_amip-hist_r1i1p1f1_gn_190001-190912.nc;./FGOALS-g3/amip-hist/rlut_Amon_FGOALS-g3_amip-hist_r1i1p1f1_gn_191001-191912.nc;./FGOALS-g3/amip-hist/rlut_Amon_FGOALS-g3_amip-hist_r1i1p1f1_gn_192001-192912.nc;./FGOALS-g3/amip-hist/rlut_Amon_FGOALS-g3_amip-hist_r1i1p1f1_gn_193001-193912.nc;./FGOALS-g3/amip-hist/rlut_Amon_FGOALS-g3_amip-hist_r1i1p1f1_gn_194001-194912.nc;./FGOALS-g3/amip-hist/rlut_Amon_FGOALS-g3_amip-hist_r1i1p1f1_gn_195001-195912.nc;./FGOALS-g3/amip-hist/rlut_Amon_FGOALS-g3_amip-hist_r1i1p1f1_gn_196001-196912.nc;./FGOALS-g3/amip-hist/rlut_Amon_FGOALS-g3_amip-hist_r1i1p1f1_gn_197001-197912.nc;./FGOALS-g3/amip-hist/rlut_Amon_FGOALS-g3_amip-hist_r1i1p1f1_gn_198001-198912.nc;./FGOALS-g3/amip-hist/rlut_Amon_FGOALS-g3_amip-hist_r1i1p1f1_gn_199001-199912.nc;./FGOALS-g3/amip-hist/rlut_Amon_FGOALS-g3_amip-hist_r1i1p1f1_gn_200001-200912.nc;./FGOALS-g3/amip-hist/rlut_Amon_FGOALS-g3_amip-hist_r1i1p1f1_gn_201001-201512.nc,Amon;Amon;Amon;Amon;Amon;Amon;Amon;Amon;Amon;Amon;Amon;Amon;Amon;Amon;Amon,gn;gn;gn;gn;gn;gn;gn;gn;gn;gn;gn;gn;gn;gn;gn,187001-187912;188001-188912;189001-189912;190001-190912;191001-191912;192001-192912;193001-193912;194001-194912;195001-195912;196001-196912;197001-197912;198001-198912;199001-199912;200001-200912;201001-201512,./FGOALS-g3/amip-hist/rsut_Amon_FGOALS-g3_amip-hist_r1i1p1f1_gn_187001-187912.nc;./FGOALS-g3/amip-hist/rsut_Amon_FGOALS-g3_amip-hist_r1i1p1f1_gn_188001-188912.nc;./FGOALS-g3/amip-hist/rsut_Amon_FGOALS-g3_amip-hist_r1i1p1f1_gn_189001-189912.nc;./FGOALS-g3/amip-hist/rsut_Amon_FGOALS-g3_amip-hist_r1i1p1f1_gn_190001-190912.nc;./FGOALS-g3/amip-hist/rsut_Amon_FGOALS-g3_amip-hist_r1i1p1f1_gn_191001-191912.nc;./FGOALS-g3/amip-hist/rsut_Amon_FGOALS-g3_amip-hist_r1i1p1f1_gn_192001-192912.nc;./FGOALS-g3/amip-hist/rsut_Amon_FGOALS-g3_amip-hist_r1i1p1f1_gn_193001-193912.nc;./FGOALS-g3/amip-hist/rsut_Amon_FGOALS-g3_amip-hist_r1i1p1f1_gn_194001-194912.nc;./FGOALS-g3/amip-hist/rsut_Amon_FGOALS-g3_amip-hist_r1i1p1f1_gn_195001-195912.nc;./FGOALS-g3/amip-hist/rsut_Amon_FGOALS-g3_amip-hist_r1i1p1f1_gn_196001-196912.nc;./FGOALS-g3/amip-hist/rsut_Amon_FGOALS-g3_amip-hist_r1i1p1f1_gn_197001-197912.nc;./FGOALS-g3/amip-hist/rsut_Amon_FGOALS-g3_amip-hist_r1i1p1f1_gn_198001-198912.nc;./FGOALS-g3/amip-hist/rsut_Amon_FGOALS-g3_amip-hist_r1i1p1f1_gn_199001-199912.nc;./FGOALS-g3/amip-hist/rsut_Amon_FGOALS-g3_amip-hist_r1i1p1f1_gn_200001-200912.nc;./FGOALS-g3/amip-hist/rsut_Amon_FGOALS-g3_amip-hist_r1i1p1f1_gn_201001-201512.nc,Amon;Amon;Amon;Amon;Amon;Amon;Amon;Amon;Amon;Amon;Amon;Amon;Amon;Amon;Amon,gn;gn;gn;gn;gn;gn;gn;gn;gn;gn;gn;gn;gn;gn;gn,187001-187912;188001-188912;189001-189912;190001-190912;191001-191912;192001-192912;193001-193912;194001-194912;195001-195912;196001-196912;197001-197912;198001-198912;199001-199912;200001-200912;201001-201512
FGOALS-g3,amip-hist,r2i1p1f1,ambiguous,,tas;rsdt;rlut;rsut,./FGOALS-g3/amip-hist/tas_Amon_FGOALS-g3_amip-hist_r2i1p1f1_gn_187001-187912.nc;./FGOALS-g3/amip-hist/tas_Amon_FGOALS-g3_amip-hist_r2i1p1f1_gn_188001-188912.nc;./FGOALS-g3/amip-hist/tas_Amon_FGOALS-g3_amip-hist_r2i1p1f1_gn_189001-189912.nc;./FGOALS-g3/amip-hist/tas_Amon_FGOALS-g3_amip-hist_r2i1p1f1_gn_190001-190912.nc;./FGOALS-g3/amip-hist/tas_Amon_FGOALS-g3_amip-hist_r2i1p1f1_gn_191001-191912.nc;./FGOALS-g3/amip-hist/tas_Amon_FGOALS-g3_amip-hist_r2i1p1f1_gn_192001-192912.nc;./FGOALS-g3/amip-hist/tas_Amon_FGOALS-g3_amip-hist_r2i1p1f1_gn_193001-193912.nc;./FGOALS-g3/amip-hist/tas_Amon_FGOALS-g3_amip-hist_r2i1p1f1_gn_194001-194912.nc;./FGOALS-g3/amip-hist/tas_Amon_FGOALS-g3_amip-hist_r2i1p1f1_gn_195001-195912.nc;./FGOALS-g3/amip-hist/tas_Amon_FGOALS-g3_amip-hist_r2i1p1f1_gn_196001-196912.nc;./FGOALS-g3/amip-hist/tas_Amon_FGOALS-g3_amip-hist_r2i1p1f1_gn_197001-197912.nc;./FGOALS-g3/amip-hist/tas_Amon_FGOALS-g3_amip-hist_r2i1p1f1_gn_198001-198912.nc;./FGOALS-g3/amip-hist/tas_Amon_FGOALS-g3_amip-hist_r2i1p1f1_gn_199001-199912.nc;./FGOALS-g3/amip-hist/tas_Amon_FGOALS-g3_amip-hist_r2i1p1f1_gn_200001-200912.nc;./FGOALS-g3/amip-hist/tas_Amon_FGOALS-g3_amip-hist_r2i1p1f1_gn_201001-201512.nc,Amon;Amon;Amon;Amon;Amon;Amon;Amon;Amon;Amon;Amon;Amon;Amon;Amon;Amon;Amon,gn;gn;gn;gn;gn;gn;gn;gn;gn;gn;gn;gn;gn;gn;gn,187001-187912;188001-188912;189001-189912;190001-190912;191001-191912;192001-192912;193001-193912;194001-194912;195001-195912;196001-196912;197001-197912;198001-198912;199001-199912;200001-200912;201001-201512,./FGOALS-g3/amip-hist/rsdt_Amon_FGOALS-g3_amip-hist_r2i1p1f1_gn_187001-187912.nc;./FGOALS-g3/amip-hist/rsdt_Amon_FGOALS-g3_amip-hist_r2i1p1f1_gn_188001-188912.nc;./FGOALS-g3/amip-hist/rsdt_Amon_FGOALS-g3_amip-hist_r2i1p1f1_gn_189001-189912.nc;./FGOALS-g3/amip-hist/rsdt_Amon_FGOALS-g3_amip-hist_r2i1p1f1_gn_190001-190912.nc;./FGOALS-g3/amip-hist/rsdt_Amon_FGOALS-g3_amip-hist_r2i1p1f1_gn_191001-191912.nc;./FGOALS-g3/amip-hist/rsdt_Amon_FGOALS-g3_amip-hist_r2i1p1f1_gn_192001-192912.nc;./FGOALS-g3/amip-hist/rsdt_Amon_FGOALS-g3_amip-hist_r2i1p1f1_gn_193001-193912.nc;./FGOALS-g3/amip-hist/rsdt_Amon_FGOALS-g3_amip-hist_r2i1p1f1_gn_194001-194912.nc;./FGOALS-g3/amip-hist/rsdt_Amon_FGOALS-g3_amip-hist_r2i1p1f1_gn_195001-195912.nc;./FGOALS-g3/amip-hist/rsdt_Amon_FGOALS-g3_amip-hist_r2i1p1f1_gn_196001-196912.nc;./FGOALS-g3/amip-hist/rsdt_Amon_FGOALS-g3_amip-hist_r2i1p1f1_gn_197001-197912.nc;./FGOALS-g3/amip-hist/rsdt_Amon_FGOALS-g3_amip-hist_r2i1p1f1_gn_198001-198912.nc;./FGOALS-g3/amip-hist/rsdt_Amon_FGOALS-g3_amip-hist_r2i1p1f1_gn_199001-199912.nc;./FGOALS-g3/amip-hist/rsdt_Amon_FGOALS-g3_amip-hist_r2i1p1f1_gn_200001-200912.nc;./FGOALS-g3/amip-hist/rsdt_Amon_FGOALS-g3_amip-hist_r2i1p1f1_gn_201001-201512.nc,Amon;Amon;Amon;Amon;Amon;Amon;Amon;Amon;Amon;Amon;Amon;Amon;Amon;Amon;Amon,gn;gn;gn;gn;gn;gn;gn;gn;gn;gn;gn;gn;gn;gn;gn,187001-187912;188001-188912;189001-189912;190001-190912;191001-191912;192001-192912;193001-193912;194001-194912;195001-195912;196001-196912;197001-197912;198001-198912;199001-199912;200001-200912;201001-201512,./FGOALS-g3/amip-hist/rlut_Amon_FGOALS-g3_amip-hist_r2i1p1f1_gn_187001-187912.nc;./FGOALS-g3/amip-hist/rlut_Amon_FGOALS-g3_amip-hist_r2i1p1f1_gn_188001-188912.nc;./FGOALS-g3/amip-hist/rlut_Amon_FGOALS-g3_amip-hist_r2i1p1f1_gn_189001-189912.nc;./FGOALS-g3/amip-hist/rlut_Amon_FGOALS-g3_amip-hist_r2i1p1f1_gn_190001-190912.nc;./FGOALS-g3/amip-hist/rlut_Amon_FGOALS-g3_amip-hist_r2i1p1f1_gn_191001-191912.nc;./FGOALS-g3/amip-hist/rlut_Amon_FGOALS-g3_amip-hist_r2i1p1f1_gn_192001-192912.nc;./FGOALS-g3/amip-hist/rlut_Amon_FGOALS-g3_amip-hist_r2i1p1f1_gn_193001-193912.nc;./FGOALS-g3/amip-hist/rlut_Amon_FGOALS-g3_amip-hist_r2i1p1f1_gn_194001-194912.nc;./FGOALS-g3/amip-hist/rlut_Amon_FGOALS-g3_amip-hist_r2i1p1f1_gn_195001-195912.nc;./FGOALS-g3/amip-hist/rlut_Amon_FGOALS-g3_amip-hist_r2i1p1f1_gn_196001-196912.nc;./FGOALS-g3/amip-hist/rlut_Amon_FGOALS-g3_amip-hist_r2i1p1f1_gn_197001-197912.nc;./FGOALS-g3/amip-hist/rlut_Amon_FGOALS-g3_amip-hist_r2i1p1f1_gn_198001-198912.nc;./FGOALS-g3/amip-hist/rlut_Amon_FGOALS-g3_amip-hist_r2i1p1f1_gn_199001-199912.nc;./FGOALS-g3/amip-hist/rlut_Amon_FGOALS-g3_amip-hist_r2i1p1f1_gn_200001-200912.nc;./FGOALS-g3/amip-hist/rlut_Amon_FGOALS-g3_amip-hist_r2i1p1f1_gn_201001-201512.nc,Amon;Amon;Amon;Amon;Amon;Amon;Amon;Amon;Amon;Amon;Amon;Amon;Amon;Amon;Amon,gn;gn;gn;gn;gn;gn;gn;gn;gn;gn;gn;gn;gn;gn;gn,187001-187912;188001-188912;189001-189912;190001-190912;191001-191912;192001-192912;193001-193912;194001-194912;195001-195912;196001-196912;197001-197912;198001-198912;199001-199912;200001-200912;201001-201512,./FGOALS-g3/amip-hist/rsut_Amon_FGOALS-g3_amip-hist_r2i1p1f1_gn_187001-187912.nc;./FGOALS-g3/amip-hist/rsut_Amon_FGOALS-g3_amip-hist_r2i1p1f1_gn_188001-188912.nc;./FGOALS-g3/amip-hist/rsut_Amon_FGOALS-g3_amip-hist_r2i1p1f1_gn_189001-189912.nc;./FGOALS-g3/amip-hist/rsut_Amon_FGOALS-g3_amip-hist_r2i1p1f1_gn_190001-190912.nc;./FGOALS-g3/amip-hist/rsut_Amon_FGOALS-g3_amip-hist_r2i1p1f1_gn_191001-191912.nc;./FGOALS-g3/amip-hist/rsut_Amon_FGOALS-g3_amip-hist_r2i1p1f1_gn_192001-192912.nc;./FGOALS-g3/amip-hist/rsut_Amon_FGOALS-g3_amip-hist_r2i1p1f1_gn_193001-193912.nc;./FGOALS-g3/amip-hist/rsut_Amon_FGOALS-g3_amip-hist_r2i1p1f1_gn_194001-194912.nc;./FGOALS-g3/amip-hist/rsut_Amon_FGOALS-g3_amip-hist_r2i1p1f1_gn_195001-195912.nc;./FGOALS-g3/amip-hist/rsut_Amon_FGOALS-g3_amip-hist_r2i1p1f1_gn_196001-196912.nc;./FGOALS-g3/amip-hist/rsut_Amon_FGOALS-g3_amip-hist_r2i1p1f1_gn_197001-197912.nc;./FGOALS-g3/amip-hist/rsut_Amon_FGOALS-g3_amip-hist_r2i1p1f1_gn_198001-198912.nc;./FGOALS-g3/amip-hist/rsut_Amon_FGOALS-g3_amip-hist_r2i1p1f1_gn_199001-199912.nc;./FGOALS-g3/amip-hist/rsut_Amon_FGOALS-g3_amip-hist_r2i1p1f1_gn_200001-200912.nc;./FGOALS-g3/amip-hist/rsut_Amon_FGOALS-g3_amip-hist_r2i1p1f1_gn_201001-201512.nc,Amon;Amon;Amon;Amon;Amon;Amon;Amon;Amon;Amon;Amon;Amon;Amon;Amon;Amon;Amon,gn;gn;gn;gn;gn;gn;gn;gn;gn;gn;gn;gn;gn;gn;gn,187001-187912;188001-188912;189001-189912;190001-190912;191001-191912;192001-192912;193001-193912;194001-194912;195001-195912;196001-196912;197001-197912;198001-198912;199001-199912;200001-200912;201001-201512
FGOALS-g3,amip-hist,r3i1p1f1,ambiguous,,tas;rsdt;rlut;rsut,./FGOALS-g3/amip-hist/tas_Amon_FGOALS-g3_amip-hist_r3i1p1f1_gn_187001-187912.nc;./FGOALS-g3/amip-hist/tas_Amon_FGOALS-g3_amip-hist_r3i1p1f1_gn_188001-188912.nc;./FGOALS-g3/amip-hist/tas_Amon_FGOALS-g3_amip-hist_r3i1p1f1_gn_189001-189912.nc;./FGOALS-g3/amip-hist/tas_Amon_FGOALS-g3_amip-hist_r3i1p1f1_gn_190001-190912.nc;./FGOALS-g3/amip-hist/tas_Amon_FGOALS-g3_amip-hist_r3i1p1f1_gn_191001-191912.nc;./FGOALS-g3/amip-hist/tas_Amon_FGOALS-g3_amip-hist_r3i1p1f1_gn_192001-192912.nc;./FGOALS-g3/amip-hist/tas_Amon_FGOALS-g3_amip-hist_r3i1p1f1_gn_193001-193912.nc;./FGOALS-g3/amip-hist/tas_Amon_FGOALS-g3_amip-hist_r3i1p1f1_gn_194001-194912.nc;./FGOALS-g3/amip-hist/tas_Amon_FGOALS-g3_amip-hist_r3i1p1f1_gn_195001-195912.nc;./FGOALS-g3/amip-hist/tas_Amon_FGOALS-g3_amip-hist_r3i1p1f1_gn_196001-196912.nc;./FGOALS-g3/amip-hist/tas_Amon_FGOALS-g3_amip-hist_r3i1p1f1_gn_197001-197912.nc;./FGOALS-g3/amip-hist/tas_Amon_FGOALS-g3_amip-hist_r3i1p1f1_gn_198001-198912.nc;./FGOALS-g3/amip-hist/tas_Amon_FGOALS-g3_amip-hist_r3i1p1f1_gn_199001-199912.nc;./FGOALS-g3/amip-hist/tas_Amon_FGOALS-g3_amip-hist_r3i1p1f1_gn_200001-200912.nc;./FGOALS-g3/amip-hist/tas_Amon_FGOALS-g3_amip-hist_r3i1p1f1_gn_201001-201512.nc,Amon;Amon;Amon;Amon;Amon;Amon;Amon;Amon;Amon;Amon;Amon;Amon;Amon;Amon;Amon,gn;gn;gn;gn;gn;gn;gn;gn;gn;gn;gn;gn;gn;gn;gn,187001-187912;188001-188912;189001-189912;190001-190912;191001-191912;192001-192912;193001-193912;194001-194912;195001-195912;196001-196912;197001-197912;198001-198912;199001-199912;200001-200912;201001-201512,./FGOALS-g3/amip-hist/rsdt_Amon_FGOALS-g3_amip-hist_r3i1p1f1_gn_187001-187912.nc;./FGOALS-g3/amip-hist/rsdt_Amon_FGOALS-g3_amip-hist_r3i1p1f1_gn_188001-188912.nc;./FGOALS-g3/amip-hist/rsdt_Amon_FGOALS-g3_amip-hist_r3i1p1f1_gn_189001-189912.nc;./FGOALS-g3/amip-hist/rsdt_Amon_FGOALS-g3_amip-hist_r3i1p1f1_gn_190001-190912.nc;./FGOALS-g3/amip-hist/rsdt_Amon_FGOALS-g3_amip-hist_r3i1p1f1_gn_191001-191912.nc;./FGOALS-g3/amip-hist/rsdt_Amon_FGOALS-g3_amip-hist_r3i1p1f1_gn_192001-192912.nc;./FGOALS-g3/amip-hist/rsdt_Amon_FGOALS-g3_amip-hist_r3i1p1f1_gn_193001-193912.nc;./FGOALS-g3/amip-hist/rsdt_Amon_FGOALS-g3_amip-hist_r3i1p1f1_gn_194001-194912.nc;./FGOALS-g3/amip-hist/rsdt_Amon_FGOALS-g3_amip-hist_r3i1p1f1_gn_195001-195912.nc;./FGOALS-g3/amip-hist/rsdt_Amon_FGOALS-g3_amip-hist_r3i1p1f1_gn_196001-196912.nc;./FGOALS-g3/amip-hist/rsdt_Amon_FGOALS-g3_amip-hist_r3i1p1f1_gn_197001-197912.nc;./FGOALS-g3/amip-hist/rsdt_Amon_FGOALS-g3_amip-hist_r3i1p1f1_gn_198001-198912.nc;./FGOALS-g3/amip-hist/rsdt_Amon_FGOALS-g3_amip-hist_r3i1p1f1_gn_199001-199912.nc;./FGOALS-g3/amip-hist/rsdt_Amon_FGOALS-g3_amip-hist_r3i1p1f1_gn_200001-200912.nc;./FGOALS-g3/amip-hist/rsdt_Amon_FGOALS-g3_amip-hist_r3i1p1f1_gn_201001-201512.nc,Amon;Amon;Amon;Amon;Amon;Amon;Amon;Amon;Amon;Amon;Amon;Amon;Amon;Amon;Amon,gn;gn;gn;gn;gn;gn;gn;gn;gn;gn;gn;gn;gn;gn;gn,187001-187912;188001-188912;189001-189912;190001-190912;191001-191912;192001-192912;193001-193912;194001-194912;195001-195912;196001-196912;197001-197912;198001-198912;199001-199912;200001-200912;201001-201512,./FGOALS-g3/amip-hist/rlut_Amon_FGOALS-g3_amip-hist_r3i1p1f1_gn_187001-187912.nc;./FGOALS-g3/amip-hist/rlut_Amon_FGOALS-g3_amip-hist_r3i1p1f1_gn_188001-188912.nc;./FGOALS-g3/amip-hist/rlut_Amon_FGOALS-g3_amip-hist_r3i1p1f1_gn_189001-189912.nc;./FGOALS-g3/amip-hist/rlut_Amon_FGOALS-g3_amip-hist_r3i1p1f1_gn_190001-190912.nc;./FGOALS-g3/amip-hist/rlut_Amon_FGOALS-g3_amip-hist_r3i1p1f1_gn_191001-191912.nc;./FGOALS-g3/amip-hist/rlut_Amon_FGOALS-g3_amip-hist_r3i1p1f1_gn_192001-192912.nc;./FGOALS-g3/amip-hist/rlut_Amon_FGOALS-g3_amip-hist_r3i1p1f1_gn_193001-193912.nc;./FGOALS-g3/amip-hist/rlut_Amon_FGOALS-g3_amip-hist_r3i1p1f1_gn_194001-194912.nc;./FGOALS-g3/amip-hist/rlut_Amon_FGOALS-g3_amip-hist_r3i1p1f1_gn_195001-195912.nc;./FGOALS-g3/amip-hist/rlut_Amon_FGOALS-g3_amip-hist_r3i1p1f1_gn_196001-196912.nc;./FGOALS-g3/amip-hist/rlut_Amon_FGOALS-g3_amip-hist_r3i1p1f1_gn_197001-197912.nc;./FGOALS-g3/amip-hist/rlut_Amon_FGOALS-g3_amip-hist_r3i1p1f1_gn_198001-198912.nc;./FGOALS-g3/amip-hist/rlut_Amon_FGOALS-g3_amip-hist_r3i1p1f1_gn_199001-199912.nc;./FGOALS-g3/amip-hist/rlut_Amon_FGOALS-g3_amip-hist_r3i1p1f1_gn_200001-200912.nc;./FGOALS-g3/amip-hist/rlut_Amon_FGOALS-g3_amip-hist_r3i1p1f1_gn_201001-201512.nc,Amon;Amon;Amon;Amon;Amon;Amon;Amon;Amon;Amon;Amon;Amon;Amon;Amon;Amon;Amon,gn;gn;gn;gn;gn;gn;gn;gn;gn;gn;gn;gn;gn;gn;gn,187001-187912;188001-188912;189001-189912;190001-190912;191001-191912;192001-192912;193001-193912;194001-194912;195001-195912;196001-196912;197001-197912;198001-198912;199001-199912;200001-200912;201001-201512,./FGOALS-g3/amip-hist/rsut_Amon_FGOALS-g3_amip-hist_r3i1p1f1_gn_187001-187912.nc;./FGOALS-g3/amip-hist/rsut_Amon_FGOALS-g3_amip-hist_r3i1p1f1_gn_188001-188912.nc;./FGOALS-g3/amip-hist/rsut_Amon_FGOALS-g3_amip-hist_r3i1p1f1_gn_189001-189912.nc;./FGOALS-g3/amip-hist/rsut_Amon_FGOALS-g3_amip-hist_r3i1p1f1_gn_190001-190912.nc;./FGOALS-g3/amip-hist/rsut_Amon_FGOALS-g3_amip-hist_r3i1p1f1_gn_191001-191912.nc;./FGOALS-g3/amip-hist/rsut_Amon_FGOALS-g3_amip-hist_r3i1p1f1_gn_192001-192912.nc;./FGOALS-g3/amip-hist/rsut_Amon_FGOALS-g3_amip-hist_r3i1p1f1_gn_193001-193912.nc;./FGOALS-g3/amip-hist/rsut_Amon_FGOALS-g3_amip-hist_r3i1p1f1_gn_194001-194912.nc;./FGOALS-g3/amip-hist/rsut_Amon_FGOALS-g3_amip-hist_r3i1p1f1_gn_195001-195912.nc;./FGOALS-g3/amip-hist/rsut_Amon_FGOALS-g3_amip-hist_r3i1p1f1_gn_196001-196912.nc;./FGOALS-g3/amip-hist/rsut_Amon_FGOALS-g3_amip-hist_r3i1p1f1_gn_197001-197912.nc;./FGOALS-g3/amip-hist/rsut_Amon_FGOALS-g3_amip-hist_r3i1p1f1_gn_198001-198912.nc;./FGOALS-g3/amip-hist/rsut_Amon_FGOALS-g3_amip-hist_r3i1p1f1_gn_199001-199912.nc;./FGOALS-g3/amip-hist/rsut_Amon_FGOALS-g3_amip-hist_r3i1p1f1_gn_200001-200912.nc;./FGOALS-g3/amip-hist/rsut_Amon_FGOALS-g3_amip-hist_r3i1p1f1_gn_201001-201512.nc,Amon;Amon;Amon;Amon;Amon;Amon;Amon;Amon;Amon;Amon;Amon;Amon;Amon;Amon;Amon,gn;gn;gn;gn;gn;gn;gn;gn;gn;gn;gn;gn;gn;gn;gn,187001-187912;188001-188912;189001-189912;190001-190912;191001-191912;192001-192912;193001-193912;194001-194912;195001-195912;196001-196912;197001-197912;198001-198912;199001-199912;200001-200912;201001-201512
FGOALS-g3,amip-hist,r4i1p1f1,ambiguous,,tas;rsdt;rlut;rsut,./FGOALS-g3/amip-hist/tas_Amon_FGOALS-g3_amip-hist_r4i1p1f1_gn_187001-187912.nc;./FGOALS-g3/amip-hist/tas_Amon_FGOALS-g3_amip-hist_r4i1p1f1_gn_188001-188912.nc;./FGOALS-g3/amip-hist/tas_Amon_FGOALS-g3_amip-hist_r4i1p1f1_gn_189001-189912.nc;./FGOALS-g3/amip-hist/tas_Amon_FGOALS-g3_amip-hist_r4i1p1f1_gn_190001-190912.nc;./FGOALS-g3/amip-hist/tas_Amon_FGOALS-g3_amip-hist_r4i1p1f1_gn_191001-191912.nc;./FGOALS-g3/amip-hist/tas_Amon_FGOALS-g3_amip-hist_r4i1p1f1_gn_192001-192912.nc;./FGOALS-g3/amip-hist/tas_Amon_FGOALS-g3_amip-hist_r4i1p1f1_gn_193001-193912.nc;./FGOALS-g3/amip-hist/tas_Amon_FGOALS-g3_amip-hist_r4i1p1f1_gn_194001-194912.nc;./FGOALS-g3/amip-hist/tas_Amon_FGOALS-g3_amip-hist_r4i1p1f1_gn_195001-195912.nc;./FGOALS-g3/amip-hist/tas_Amon_FGOALS-g3_amip-hist_r4i1p1f1_gn_196001-196912.nc;./FGOALS-g3/amip-hist/tas_Amon_FGOALS-g3_amip-hist_r4i1p1f1_gn_197001-197912.nc;./FGOALS-g3/amip-hist/tas_Amon_FGOALS-g3_amip-hist_r4i1p1f1_gn_198001-198912.nc;./FGOALS-g3/amip-hist/tas_Amon_FGOALS-g3_amip-hist_r4i1p1f1_gn_199001-199912.nc;./FGOALS-g3/amip-hist/tas_Amon_FGOALS-g3_amip-hist_r4i1p1f1_gn_200001-200912.nc;./FGOALS-g3/amip-hist/tas_Amon_FGOALS-g3_amip-hist_r4i1p1f1_gn_201001-201512.nc,Amon;Amon;Amon;Amon;Amon;Amon;Amon;Amon;Amon;Amon;Amon;Amon;Amon;Amon;Amon,gn;gn;gn;gn;gn;gn;gn;gn;gn;gn;gn;gn;gn;gn;gn,187001-187912;188001-188912;189001-189912;190001-190912;191001-191912;192001-192912;193001-193912;194001-194912;195001-195912;196001-196912;197001-197912;198001-198912;199001-199912;200001-200912;201001-201512,./FGOALS-g3/amip-hist/rsdt_Amon_FGOALS-g3_amip-hist_r4i1p1f1_gn_187001-187912.nc;./FGOALS-g3/amip-hist/rsdt_Amon_FGOALS-g3_amip-hist_r4i1p1f1_gn_188001-188912.nc;./FGOALS-g3/amip-hist/rsdt_Amon_FGOALS-g3_amip-hist_r4i1p1f1_gn_189001-189912.nc;./FGOALS-g3/amip-hist/rsdt_Amon_FGOALS-g3_amip-hist_r4i1p1f1_gn_190001-190912.nc;./FGOALS-g3/amip-hist/rsdt_Amon_FGOALS-g3_amip-hist_r4i1p1f1_gn_191001-191912.nc;./FGOALS-g3/amip-hist/rsdt_Amon_FGOALS-g3_amip-hist_r4i1p1f1_gn_192001-192912.nc;./FGOALS-g3/amip-hist/rsdt_Amon_FGOALS-g3_amip-hist_r4i1p1f1_gn_193001-193912.nc;./FGOALS-g3/amip-hist/rsdt_Amon_FGOALS-g3_amip-hist_r4i1p1f1_gn_194001-194912.nc;./FGOALS-g3/amip-hist/rsdt_Amon_FGOALS-g3_amip-hist_r4i1p1f1_gn_195001-195912.nc;./FGOALS-g3/amip-hist/rsdt_Amon_FGOALS-g3_amip-hist_r4i1p1f1_gn_196001-196912.nc;./FGOALS-g3/amip-hist/rsdt_Amon_FGOALS-g3_amip-hist_r4i1p1f1_gn_197001-197912.nc;./FGOALS-g3/amip-hist/rsdt_Amon_FGOALS-g3_amip-hist_r4i1p1f1_gn_198001-198912.nc;./FGOALS-g3/amip-hist/rsdt_Amon_FGOALS-g3_amip-hist_r4i1p1f1_gn_199001-199912.nc;./FGOALS-g3/amip-hist/rsdt_Amon_FGOALS-g3_amip-hist_r4i1p1f1_gn_200001-200912.nc;./FGOALS-g3/amip-hist/rsdt_Amon_FGOALS-g3_amip-hist_r4i1p1f1_gn_201001-201512.nc,Amon;Amon;Amon;Amon;Amon;Amon;Amon;Amon;Amon;Amon;Amon;Amon;Amon;Amon;Amon,gn;gn;gn;gn;gn;gn;gn;gn;gn;gn;gn;gn;gn;gn;gn,187001-187912;188001-188912;189001-189912;190001-190912;191001-191912;192001-192912;193001-193912;194001-194912;195001-195912;196001-196912;197001-197912;198001-198912;199001-199912;200001-200912;201001-201512,./FGOALS-g3/amip-hist/rlut_Amon_FGOALS-g3_amip-hist_r4i1p1f1_gn_187001-187912.nc;./FGOALS-g3/amip-hist/rlut_Amon_FGOALS-g3_amip-hist_r4i1p1f1_gn_188001-188912.nc;./FGOALS-g3/amip-hist/rlut_Amon_FGOALS-g3_amip-hist_r4i1p1f1_gn_189001-189912.nc;./FGOALS-g3/amip-hist/rlut_Amon_FGOALS-g3_amip-hist_r4i1p1f1_gn_190001-190912.nc;./FGOALS-g3/amip-hist/rlut_Amon_FGOALS-g3_amip-hist_r4i1p1f1_gn_191001-191912.nc;./FGOALS-g3/amip-hist/rlut_Amon_FGOALS-g3_amip-hist_r4i1p1f1_gn_192001-192912.nc;./FGOALS-g3/amip-hist/rlut_Amon_FGOALS-g3_amip-hist_r4i1p1f1_gn_193001-193912.nc;./FGOALS-g3/amip-hist/rlut_Amon_FGOALS-g3_amip-hist_r4i1p1f1_gn_194001-194912.nc;./FGOALS-g3/amip-hist/rlut_Amon_FGOALS-g3_amip-hist_r4i1p1f1_gn_195001-195912.nc;./FGOALS-g3/amip-hist/rlut_Amon_FGOALS-g3_amip-hist_r4i1p1f1_gn_196001-196912.nc;./FGOALS-g3/amip-hist/rlut_Amon_FGOALS-g3_amip-hist_r4i1p1f1_gn_197001-197912.nc;./FGOALS-g3/amip-hist/rlut_Amon_FGOALS-g3_amip-hist_r4i1p1f1_gn_198001-198912.nc;./FGOALS-g3/amip-hist/rlut_Amon_FGOALS-g3_amip-hist_r4i1p1f1_gn_199001-199912.nc;./FGOALS-g3/amip-hist/rlut_Amon_FGOALS-g3_amip-hist_r4i1p1f1_gn_200001-200912.nc;./FGOALS-g3/amip-hist/rlut_Amon_FGOALS-g3_amip-hist_r4i1p1f1_gn_201001-201512.nc,Amon;Amon;Amon;Amon;Amon;Amon;Amon;Amon;Amon;Amon;Amon;Amon;Amon;Amon;Amon,gn;gn;gn;gn;gn;gn;gn;gn;gn;gn;gn;gn;gn;gn;gn,187001-187912;188001-188912;189001-189912;190001-190912;191001-191912;192001-192912;193001-193912;194001-194912;195001-195912;196001-196912;197001-197912;198001-198912;199001-199912;200001-200912;201001-201512,./FGOALS-g3/amip-hist/rsut_Amon_FGOALS-g3_amip-hist_r4i1p1f1_gn_187001-187912.nc;./FGOALS-g3/amip-hist/rsut_Amon_FGOALS-g3_amip-hist_r4i1p1f1_gn_188001-188912.nc;./FGOALS-g3/amip-hist/rsut_Amon_FGOALS-g3_amip-hist_r4i1p1f1_gn_189001-189912.nc;./FGOALS-g3/amip-hist/rsut_Amon_FGOALS-g3_amip-hist_r4i1p1f1_gn_190001-190912.nc;./FGOALS-g3/amip-hist/rsut_Amon_FGOALS-g3_amip-hist_r4i1p1f1_gn_191001-191912.nc;./FGOALS-g3/amip-hist/rsut_Amon_FGOALS-g3_amip-hist_r4i1p1f1_gn_192001-192912.nc;./FGOALS-g3/amip-hist/rsut_Amon_FGOALS-g3_amip-hist_r4i1p1f1_gn_193001-193912.nc;./FGOALS-g3/amip-hist/rsut_Amon_FGOALS-g3_amip-hist_r4i1p1f1_gn_194001-194912.nc;./FGOALS-g3/amip-hist/rsut_Amon_FGOALS-g3_amip-hist_r4i1p1f1_gn_195001-195912.nc;./FGOALS-g3/amip-hist/rsut_Amon_FGOALS-g3_amip-hist_r4i1p1f1_gn_196001-196912.nc;./FGOALS-g3/amip-hist/rsut_Amon_FGOALS-g3_amip-hist_r4i1p1f1_gn_197001-197912.nc;./FGOALS-g3/amip-hist/rsut_Amon_FGOALS-g3_amip-hist_r4i1p1f1_gn_198001-198912.nc;./FGOALS-g3/amip-hist/rsut_Amon_FGOALS-g3_amip-hist_r4i1p1f1_gn_199001-199912.nc;./FGOALS-g3/amip-hist/rsut_Amon_FGOALS-g3_amip-hist_r4i1p1f1_gn_200001-200912.nc;./FGOALS-g3/amip-hist/rsut_Amon_FGOALS-g3_amip-hist_r4i1p1f1_gn_201001-201512.nc,Amon;Amon;Amon;Amon;Amon;Amon;Amon;Amon;Amon;Amon;Amon;Amon;Amon;Amon;Amon,gn;gn;gn;gn;gn;gn;gn;gn;gn;gn;gn;gn;gn;gn;gn,187001-187912;188001-188912;189001-189912;190001-190912;191001-191912;192001-192912;193001-193912;194001-194912;195001-195912;196001-196912;197001-197912;198001-198912;199001-199912;200001-200912;201001-201512
FIO-ESM-2-0,amip-hist,r1i1p1f1,complete,,,./FIO-ESM-2-0/amip-hist/tas_Amon_FIO-ESM-2-0_amip-hist_r1i1p1f1_gn_187001-201412.nc,Amon,gn,187001-201412,./FIO-ESM-2-0/amip-hist/rsdt_Amon_FIO-ESM-2-0_amip-hist_r1i1p1f1_gn_187001-201412.nc,Amon,gn,187001-201412,./FIO-ESM-2-0/amip-hist/rlut_Amon_FIO-ESM-2-0_amip-hist_r1i1p1f1_gn_187001-201412.nc,Amon,gn,187001-201412,./FIO-ESM-2-0/amip-hist/rsut_Amon_FIO-ESM-2-0_amip-hist_r1i1p1f1_gn_187001-201412.nc,Amon,gn,187001-201412
FIO-ESM-2-0,amip-hist,r2i1p1f1,complete,,,./FIO-ESM-2-0/amip-hist/tas_Amon_FIO-ESM-2-0_amip-hist_r2i1p1f1_gn_187001-201412.nc,Amon,gn,187001-201412,./FIO-ESM-2-0/amip-hist/rsdt_Amon_FIO-ESM-2-0_amip-hist_r2i1p1f1_gn_187001-201412.nc,Amon,gn,187001-201412,./FIO-ESM-2-0/amip-hist/rlut_Amon_FIO-ESM-2-0_amip-hist_r2i1p1f1_gn_187001-201412.nc,Amon,gn,187001-201412,./FIO-ESM-2-0/amip-hist/rsut_Amon_FIO-ESM-2-0_amip-hist_r2i1p1f1_gn_187001-201412.nc,Amon,gn,187001-201412
FIO-ESM-2-0,amip-hist,r3i1p1f1,complete,,,./FIO-ESM-2-0/amip-hist/tas_Amon_FIO-ESM-2-0_amip-hist_r3i1p1f1_gn_187001-201412.nc,Amon,gn,187001-201412,./FIO-ESM-2-0/amip-hist/rsdt_Amon_FIO-ESM-2-0_amip-hist_r3i1p1f1_gn_187001-201412.nc,Amon,gn,187001-201412,./FIO-ESM-2-0/amip-hist/rlut_Amon_FIO-ESM-2-0_amip-hist_r3i1p1f1_gn_187001-201412.nc,Amon,gn,187001-201412,./FIO-ESM-2-0/amip-hist/rsut_Amon_FIO-ESM-2-0_amip-hist_r3i1p1f1_gn_187001-201412.nc,Amon,gn,187001-201412
GFDL-CM4,amip-hist,r1i1p1f1,ambiguous,rsdt;rlut;rsut,tas,./GFDL-CM4/amip-hist/tas_Amon_GFDL-CM4_amip-hist_r1i1p1f1_gr1_187001-196912.nc;./GFDL-CM4/amip-hist/tas_Amon_GFDL-CM4_amip-hist_r1i1p1f1_gr1_197001-201412.nc,Amon;Amon,gr1;gr1,187001-196912;197001-201412,,,,,,,,,,,,
GFDL-CM4,amip-hist,r2i1p1f1,ambiguous,rsdt;rlut;rsut,tas,./GFDL-CM4/amip-hist/tas_Amon_GFDL-CM4_amip-hist_r2i1p1f1_gr1_187001-196912.nc;./GFDL-CM4/amip-hist/tas_Amon_GFDL-CM4_amip-hist_r2i1p1f1_gr1_197001-201412.nc,Amon;Amon,gr1;gr1,187001-196912;197001-201412,,,,,,,,,,,,
GFDL-CM4,amip-hist,r3i1p1f1,ambiguous,rsdt;rlut;rsut,tas,./GFDL-CM4/amip-hist/tas_Amon_GFDL-CM4_amip-hist_r3i1p1f1_gr1_187001-196912.nc;./GFDL-CM4/amip-hist/tas_Amon_GFDL-CM4_amip-hist_r3i1p1f1_gr1_197001-201412.nc,Amon;Amon,gr1;gr1,187001-196912;197001-201412,,,,,,,,,,,,
GFDL-CM4,historical,r1i1p1f1,ambiguous,,tas;rsdt;rlut;rsut,./GFDL-CM4/historical/tas_Amon_GFDL-CM4_historical_r1i1p1f1_gr1_185001-194912.nc;./GFDL-CM4/historical/tas_Amon_GFDL-CM4_historical_r1i1p1f1_gr1_195001-201412.nc,Amon;Amon,gr1;gr1,185001-194912;195001-201412,./GFDL-CM4/historical/rsdt_Amon_GFDL-CM4_historical_r1i1p1f1_gr1_185001-194912.nc;./GFDL-CM4/historical/rsdt_Amon_GFDL-CM4_historical_r1i1p1f1_gr1_195001-201412.nc,Amon;Amon,gr1;gr1,185001-194912;195001-201412,./GFDL-CM4/historical/rlut_Amon_GFDL-CM4_historical_r1i1p1f1_gr1_185001-194912.nc;./GFDL-CM4/historical/rlut_Amon_GFDL-CM4_historical_r1i1p1f1_gr1_195001-201412.nc,Amon;Amon,gr1;gr1,185001-194912;195001-201412,./GFDL-CM4/historical/rsut_Amon_GFDL-CM4_historical_r1i1p1f1_gr1_185001-194912.nc;./GFDL-CM4/historical/rsut_Amon_GFDL-CM4_historical_r1i1p1f1_gr1_195001-201412.nc,Amon;Amon,gr1;gr1,185001-194912;195001-201412
GFDL-CM4,piClim-histall,r1i1p1f1,ambiguous,tas,rsdt;rlut;rsut,,,,,./GFDL-CM4/piClim-histall/rsdt_Amon_GFDL-CM4_piClim-histall_r1i1p1f1_gr1_185001-194912.nc;./GFDL-CM4/piClim-histall/rsdt_Amon_GFDL-CM4_piClim-histall_r1i1p1f1_gr1_195001-204912.nc;./GFDL-CM4/piClim-histall/rsdt_Amon_GFDL-CM4_piClim-histall_r1i1p1f1_gr1_205001-209912.nc;./GFDL-CM4/piClim-histall/rsdt_Amon_GFDL-CM4_piClim-histall_r1i1p1f1_gr1_210001-210012.nc,Amon;Amon;Amon;Amon,gr1;gr1;gr1;gr1,185001-194912;195001-204912;205001-209912;210001-210012,./GFDL-CM4/piClim-histall/rlut_Amon_GFDL-CM4_piClim-histall_r1i1p1f1_gr1_185001-194912.nc;./GFDL-CM4/piClim-histall/rlut_Amon_GFDL-CM4_piClim-histall_r1i1p1f1_gr1_195001-204912.nc;./GFDL-CM4/piClim-histall/rlut_Amon_GFDL-CM4_piClim-histall_r1i1p1f1_gr1_205001-209912.nc;./GFDL-CM4/piClim-histall/rlut_Amon_GFDL-CM4_piClim-histall_r1i1p1f1_gr1_210001-210012.nc,Amon;Amon;Amon;Amon,gr1;gr1;gr1;gr1,185001-194912;195001-204912;205001-209912;210001-210012,./GFDL-CM4/piClim-histall/rsut_Amon_GFDL-CM4_piClim-histall_r1i1p1f1_gr1_185001-194912.nc;./GFDL-CM4/piClim-histall/rsut_Amon_GFDL-CM4_piClim-histall_r1i1p1f1_gr1_195001-204912.nc;./GFDL-CM4/piClim-histall/rsut_Amon_GFDL-CM4_piClim-histall_r1i1p1f1_gr1_205001-209912.nc;./GFDL-CM4/piClim-histall/rsut_Amon_GFDL-CM4_piClim-histall_r1i1p1f1_gr1_210001-210012.nc,Amon;Amon;Amon;Amon,gr1;gr1;gr1;gr1,185001-194912;195001-204912;205001-209912;210001-210012
GFDL-CM4,piClim-histall,r2i1p1f1,ambiguous,tas,rsdt;rlut;rsut,,,,,./GFDL-CM4/piClim-histall/rsdt_Amon_GFDL-CM4_piClim-histall_r2i1p1f1_gr1_185001-194912.nc;./GFDL-CM4/piClim-histall/rsdt_Amon_GFDL-CM4_piClim-histall_r2i1p1f1_gr1_195001-204912.nc;./GFDL-CM4/piClim-histall/rsdt_Amon_GFDL-CM4_piClim-histall_r2i1p1f1_gr1_205001-209912.nc;./GFDL-CM4/piClim-histall/rsdt_Amon_GFDL-CM4_piClim-histall_r2i1p1f1_gr1_210001-210012.nc,Amon;Amon;Amon;Amon,gr1;gr1;gr1;gr1,185001-194912;195001-204912;205001-209912;210001-210012,./GFDL-CM4/piClim-histall/rlut_Amon_GFDL-CM4_piClim-histall_r2i1p1f1_gr1_185001-194912.nc;./GFDL-CM4/piClim-histall/rlut_Amon_GFDL-CM4_piClim-histall_r2i1p1f1_gr1_195001-204912.nc;./GFDL-CM4/piClim-histall/rlut_Amon_GFDL-CM4_piClim-histall_r2i1p1f1_gr1_205001-209912.nc;./GFDL-CM4/piClim-histall/rlut_Amon_GFDL-CM4_piClim-histall_r2i1p1f1_gr1_210001-210012.nc,Amon;Amon;Amon;Amon,gr1;gr1;gr1;gr1,185001-194912;195001-204912;205001-209912;210001-210012,./GFDL-CM4/piClim-histall/rsut_Amon_GFDL-CM4_piClim-histall_r2i1p1f1_gr1_185001-194912.nc;./GFDL-CM4/piClim-histall/rsut_Amon_GFDL-CM4_piClim-histall_r2i1p1f1_gr1_195001-204912.nc;./GFDL-CM4/piClim-histall/rsut_Amon_GFDL-CM4_piClim-histall_r2i1p1f1_gr1_205001-209912.nc;./GFDL-CM4/piClim-histall/rsut_Amon_GFDL-CM4_piClim-histall_r2i1p1f1_gr1_210001-210012.nc,Amon;Amon;Amon;Amon,gr1;gr1;gr1;gr1,185001-194912;195001-204912;205001-209912;210001-210012
GFDL-CM4,piClim-histall,r3i1p1f1,ambiguous,tas,rsdt;rlut;rsut,,,,,./GFDL-CM4/piClim-histall/rsdt_Amon_GFDL-CM4_piClim-histall_r3i1p1f1_gr1_185001-194912.nc;./GFDL-CM4/piClim-histall/rsdt_Amon_GFDL-CM4_piClim-histall_r3i1p1f1_gr1_195001-204912.nc;./GFDL-CM4/piClim-histall/rsdt_Amon_GFDL-CM4_piClim-histall_r3i1p1f1_gr1_205001-209912.nc;./GFDL-CM4/piClim-histall/rsdt_Amon_GFDL-CM4_piClim-histall_r3i1p1f1_gr1_210001-210012.nc,Amon;Amon;Amon;Amon,gr1;gr1;gr1;gr1,185001-194912;195001-204912;205001-209912;210001-210012,./GFDL-CM4/piClim-histall/rlut_Amon_GFDL-CM4_piClim-histall_r3i1p1f1_gr1_185001-194912.nc;./GFDL-CM4/piClim-histall/rlut_Amon_GFDL-CM4_piClim-histall_r3i1p1f1_gr1_195001-204912.nc;./GFDL-CM4/piClim-histall/rlut_Amon_GFDL-CM4_piClim-histall_r3i1p1f1_gr1_205001-209912.nc;./GFDL-CM4/piClim-histall/rlut_Amon_GFDL-CM4_piClim-histall_r3i1p1f1_gr1_210001-210012.nc,Amon;Amon;Amon;Amon,gr1;gr1;gr1;gr1,185001-194912;195001-204912;205001-209912;210001-210012,./GFDL-CM4/piClim-histall/rsut_Amon_GFDL-CM4_piClim-histall_r3i1p1f1_gr1_185001-194912.nc;./GFDL-CM4/piClim-histall/rsut_Amon_GFDL-CM4_piClim-histall_r3i1p1f1_gr1_195001-204912.nc;./GFDL-CM4/piClim-histall/rsut_Amon_GFDL-CM4_piClim-histall_r3i1p1f1_gr1_205001-209912.nc;./GFDL-CM4/piClim-histall/rsut_Amon_GFDL-CM4_piClim-histall_r3i1p1f1_gr1_210001-210012.nc,Amon;Amon;Amon;Amon,gr1;gr1;gr1;gr1,185001-194912;195001-204912;205001-209912;210001-210012
GFDL-CM4,ssp245,r1i1p1f1,complete,,,./GFDL-CM4/ssp245/tas_Amon_GFDL-CM4_ssp245_r1i1p1f1_gr1_201501-210012.nc,Amon,gr1,201501-210012,./GFDL-CM4/ssp245/rsdt_Amon_GFDL-CM4_ssp245_r1i1p1f1_gr1_201501-210012.nc,Amon,gr1,201501-210012,./GFDL-CM4/ssp245/rlut_Amon_GFDL-CM4_ssp245_r1i1p1f1_gr1_201501-210012.nc,Amon,gr1,201501-210012,./GFDL-CM4/ssp245/rsut_Amon_GFDL-CM4_ssp245_r1i1p1f1_gr1_201501-210012.nc,Amon,gr1,201501-210012
GFDL_SPEAR_MED,historical,r10i1p1f1,incomplete,tas,,,,,,./GFDL_SPEAR_MED/historical/rsdt_Amon_GFDL-SPEAR-MED_historical_r10i1p1f1_gr3_192101-201412.nc,Amon,gr3,192101-201412,./GFDL_SPEAR_MED/historical/rlut_Amon_GFDL-SPEAR-MED_historical_r10i1p1f1_gr3_192101-201412.nc,Amon,gr3,192101-201412,./GFDL_SPEAR_MED/historical/rsut_Amon_GFDL-SPEAR-MED_historical_r10i1p1f1_gr3_192101-201412.nc,Amon,gr3,192101-201412
GFDL_SPEAR_MED,historical,r11i1p1f1,incomplete,tas,,,,,,./GFDL_SPEAR_MED/historical/rsdt_Amon_GFDL-SPEAR-MED_historical_r11i1p1f1_gr3_192101-201412.nc,Amon,gr3,192101-201412,./GFDL_SPEAR_MED/historical/rlut_Amon_GFDL-SPEAR-MED_historical_r11i1p1f1_gr3_192101-201412.nc,Amon,gr3,192101-201412,./GFDL_SPEAR_MED/historical/rsut_Amon_GFDL-SPEAR-MED_historical_r11i1p1f1_gr3_192101-201412.nc,Amon,gr3,192101-201412
GFDL_SPEAR_MED,historical,r12i1p1f1,incomplete,tas,,,,,,./GFDL_SPEAR_MED/historical/rsdt_Amon_GFDL-SPEAR-MED_historical_r12i1p1f1_gr3_192101-201412.nc,Amon,gr3,192101-201412,./GFDL_SPEAR_MED/historical/rlut_Amon_GFDL-SPEAR-MED_historical_r12i1p1f1_gr3_192101-201412.nc,Amon,gr3,192101-201412,./GFDL_SPEAR_MED/historical/rsut_Amon_GFDL-SPEAR-MED_historical_r12i1p1f1_gr3_192101-201412.nc,Amon,gr3,192101-201412
GFDL_SPEAR_MED,historical,r13i1p1f1,complete,,,./GFDL_SPEAR_MED/historical/tas_Amon_GFDL-SPEAR-MED_historical_r13i1p1f1_gr3_192101-201412.nc,Amon,gr3,192101-201412,./GFDL_SPEAR_MED/historical/rsdt_Amon_GFDL-SPEAR-MED_historical_r13i1p1f1_gr3_192101-201412.nc,Amon,gr3,192101-201412,./GFDL_SPEAR_MED/historical/rlut_Amon_GFDL-SPEAR-MED_historical_r13i1p1f1_gr3_192101-201412.nc,Amon,gr3,192101-201412,./GFDL_SPEAR_MED/historical/rsut_Amon_GFDL-SPEAR-MED_historical_r13i1p1f1_gr3_192101-201412.nc,Amon,gr3,192101-201412
GFDL_SPEAR_MED,historical,r14i1p1f1,complete,,,./GFDL_SPEAR_MED/historical/tas_Amon_GFDL-SPEAR-MED_historical_r14i1p1f1_gr3_192101-201412.nc,Amon,gr3,192101-201412,./GFDL_SPEAR_MED/historical/rsdt_Amon_GFDL-SPEAR-MED_historical_r14i1p1f1_gr3_192101-201412.nc,Amon,gr3,192101-201412,./GFDL_SPEAR_MED/historical/rlut_Amon_GFDL-SPEAR-MED_historical_r14i1p1f1_gr3_192101-201412.nc,Amon,gr3,192101-201412,./GFDL_SPEAR_MED/historical/rsut_Amon_GFDL-SPEAR-MED_historical_r14i1p1f1_gr3_192101-201412.nc,Amon,gr3,192101-201412
GFDL_SPEAR_MED,historical,r15i1p1f1,complete,,,./GFDL_SPEAR_MED/historical/tas_Amon_GFDL-SPEAR-MED_historical_r15i1p1f1_gr3_192101-201412.nc,Amon,gr3,192101-201412,./GFDL_SPEAR_MED/historical/rsdt_Amon_GFDL-SPEAR-MED_historical_r15i1p1f1_gr3_192101-201412.nc,Amon,gr3,192101-201412,./GFDL_SPEAR_MED/historical/rlut_Amon_GFDL-SPEAR-MED_historical_r15i1p1f1_gr3_192101-201412.nc,Amon,gr3,192101-201412,./GFDL_SPEAR_MED/historical/rsut_Amon_GFDL-SPEAR-MED_historical_r15i1p1f1_gr3_192101-201412.nc,Amon,gr3,192101-201412
GFDL_SPEAR_MED,historical,r16i1p1f1,complete,,,./GFDL_SPEAR_MED/historical/tas_Amon_GFDL-SPEAR-MED_historical_r16i1p1f1_gr3_192101-201412.nc,Amon,gr3,192101-201412,./GFDL_SPEAR_MED/historical/rsdt_Amon_GFDL-SPEAR-MED_historical_r16i1p1f1_gr3_192101-201412.nc,Amon,gr3,192101-201412,./GFDL_SPEAR_MED/historical/rlut_Amon_GFDL-SPEAR-MED_historical_r16i1p1f1_gr3_192101-201412.nc,Amon,gr3,192101-201412,./GFDL_SPEAR_MED/historical/rsut_Amon_GFDL-SPEAR-MED_historical_r16i1p1f1_gr3_192101-201412.nc,Amon,gr3,192101-201412
GFDL_SPEAR_MED,historical,r17i1p1f1,complete,,,./GFDL_SPEAR_MED/historical/tas_Amon_GFDL-SPEAR-MED_historical_r17i1p1f1_gr3_192101-201412.nc,Amon,gr3,192101-201412,./GFDL_SPEAR_MED/historical/rsdt_Amon_GFDL-SPEAR-MED_historical_r17i1p1f1_gr3_192101-201412.nc,Amon,gr3,192101-201412,./GFDL_SPEAR_MED/historical/rlut_Amon_GFDL-SPEAR-MED_historical_r17i1p1f1_gr3_192101-201412.nc,Amon,gr3,192101-201412,./GFDL_SPEAR_MED/historical/rsut_Amon_GFDL-SPEAR-MED_historical_r17i1p1f1_gr3_192101-201412.nc,Amon,gr3,192101-201412
GFDL_SPEAR_MED,historical,r18i1p1f1,complete,,,./GFDL_SPEAR_MED/historical/tas_Amon_GFDL-SPEAR-MED_historical_r18i1p1f1_gr3_192101-201412.nc,Amon,gr3,192101-201412,./GFDL_SPEAR_MED/historical/rsdt_Amon_GFDL-SPEAR-MED_historical_r18i1p1f1_gr3_192101-201412.nc,Amon,gr3,192101-201412,./GFDL_SPEAR_MED/historical/rlut_Amon_GFDL-SPEAR-MED_historical_r18i1p1f1_gr3_192101-201412.nc,Amon,gr3,192101-201412,./GFDL_SPEAR_MED/historical/rsut_Amon_GFDL-SPEAR-MED_historical_r18i1p1f1_gr3_192101-201412.nc,Amon,gr3,192101-201412
GFDL_SPEAR_MED,historical,r19i1p1f1,complete,,,./GFDL_SPEAR_MED/historical/tas_Amon_GFDL-SPEAR-MED_historical_r19i1p1f1_gr3_192101-201412.nc,Amon,gr3,192101-201412,./GFDL_SPEAR_MED/historical/rsdt_Amon_GFDL-SPEAR-MED_historical_r19i1p1f1_gr3_192101-201412.nc,Amon,gr3,192101-201412,./GFDL_SPEAR_MED/historical/rlut_Amon_GFDL-SPEAR-MED_historical_r19i1p1f1_gr3_192101-201412.nc,Amon,gr3,192101-201412,./GFDL_SPEAR_MED/historical/rsut_Amon_GFDL-SPEAR-MED_historical_r19i1p1f1_gr3_192101-201412.nc,Amon,gr3,192101-201412
GFDL_SPEAR_MED,historical,r1i1p1f1,complete,,,./GFDL_SPEAR_MED/historical/tas_Amon_GFDL-SPEAR-MED_historical_r1i1p1f1_gr3_192101-201412.nc,Amon,gr3,192101-201412,./GFDL_SPEAR_MED/historical/rsdt_Amon_GFDL-SPEAR-MED_historical_r1i1p1f1_gr3_192101-201412.nc,Amon,gr3,192101-201412,./GFDL_SPEAR_MED/historical/rlut_Amon_GFDL-SPEAR-MED_historical_r1i1p1f1_gr3_192101-201412.nc,Amon,gr3,192101-201412,./GFDL_SPEAR_MED/historical/rsut_Amon_GFDL-SPEAR-MED_historical_r1i1p1f1_gr3_192101-201412.nc,Amon,gr3,192101-201412
GFDL_SPEAR_MED,historical,r20i1p1f1,complete,,,./GFDL_SPEAR_MED/historical/tas_Amon_GFDL-SPEAR-MED_historical_r20i1p1f1_gr3_192101-201412.nc,Amon,gr3,192101-201412,./GFDL_SPEAR_MED/historical/rsdt_Amon_GFDL-SPEAR-MED_historical_r20i1p1f1_gr3_192101-201412.nc,Amon,gr3,192101-201412,./GFDL_SPEAR_MED/historical/rlut_Amon_GFDL-SPEAR-MED_historical_r20i1p1f1_gr3_192101-201412.nc,Amon,gr3,192101-201412,./GFDL_SPEAR_MED/historical/rsut_Amon_GFDL-SPEAR-MED_historical_r20i1p1f1_gr3_192101-201412.nc,Amon,gr3,192101-201412
GFDL_SPEAR_MED,historical,r21i1p1f1,complete,,,./GFDL_SPEAR_MED/historical/tas_Amon_GFDL-SPEAR-MED_historical_r21i1p1f1_gr3_192101-201412.nc,Amon,gr3,192101-201412,./GFDL_SPEAR_MED/historical/rsdt_Amon_GFDL-SPEAR-MED_historical_r21i1p1f1_gr3_192101-201412.nc,Amon,gr3,192101-201412,./GFDL_SPEAR_MED/historical/rlut_Amon_GFDL-SPEAR-MED_historical_r21i1p1f1_gr3_192101-201412.nc,Amon,gr3,192101-201412,./GFDL_SPEAR_MED/historical/rsut_Amon_GFDL-SPEAR-MED_historical_r21i1p1f1_gr3_192101-201412.nc,Amon,gr3,192101-201412
GFDL_SPEAR_MED,historical,r22i1p1f1,complete,,,./GFDL_SPEAR_MED/historical/tas_Amon_GFDL-SPEAR-MED_historical_r22i1p1f1_gr3_192101-201412.nc,Amon,gr3,192101-201412,./GFDL_SPEAR_MED/historical/rsdt_Amon_GFDL-SPEAR-MED_historical_r22i1p1f1_gr3_192101-201412.nc,Amon,gr3,192101-201412,./GFDL_SPEAR_MED/historical/rlut_Amon_GFDL-SPEAR-MED_historical_r22i1p1f1_gr3_192101-201412.nc,Amon,gr3,192101-201412,./GFDL_SPEAR_MED/historical/rsut_Amon_GFDL-SPEAR-MED_historical_r22i1p1f1_gr3_192101-201412.nc,Amon,gr3,192101-201412
GFDL_SPEAR_MED,historical,r23i1p1f1,complete,,,./GFDL_SPEAR_MED/historical/tas_Amon_GFDL-SPEAR-MED_historical_r23i1p1f1_gr3_192101-201412.nc,Amon,gr3,192101-201412,./GFDL_SPEAR_MED/historical/rsdt_Amon_GFDL-SPEAR-MED_historical_r23i1p1f1_gr3_192101-201412.nc,Amon,gr3,192101-201412,./GFDL_SPEAR_MED/historical/rlut_Amon_GFDL-SPEAR-MED_historical_r23i1p1f1_gr3_192101-201412.nc,Amon,gr3,192101-201412,./GFDL_SPEAR_MED/historical/rsut_Amon_GFDL-SPEAR-MED_historical_r23i1p1f1_gr3_192101-201412.nc,Amon,gr3,192101-201412
GFDL_SPEAR_MED,historical,r24i1p1f1,complete,,,./GFDL_SPEAR_MED/historical/tas_Amon_GFDL-SPEAR-MED_historical_r24i1p1f1_gr3_192101-201412.nc,Amon,gr3,192101-201412,./GFDL_SPEAR_MED/historical/rsdt_Amon_GFDL-SPEAR-MED_historical_r24i1p1f1_gr3_192101-201412.nc,Amon,gr3,192101-201412,./GFDL_SPEAR_MED/historical/rlut_Amon_GFDL-SPEAR-MED_historical_r24i1p1f1_gr3_192101-201412.nc,Amon,gr3,192101-201412,./GFDL_SPEAR_MED/historical/rsut_Amon_GFDL-SPEAR-MED_historical_r24i1p1f1_gr3_192101-201412.nc,Amon,gr3,192101-201412
GFDL_SPEAR_MED,historical,r25i1p1f1,complete,,,./GFDL_SPEAR_MED/historical/tas_Amon_GFDL-SPEAR-MED_historical_r25i1p1f1_gr3_192101-201412.nc,Amon,gr3,192101-201412,./GFDL_SPEAR_MED/historical/rsdt_Amon_GFDL-SPEAR-MED_historical_r25i1p1f1_gr3_192101-201412.nc,Amon,gr3,192101-201412,./GFDL_SPEAR_MED/historical/rlut_Amon_GFDL-SPEAR-MED_historical_r25i1p1f1_gr3_192101-201412.nc,Amon,gr3,192101-201412,./GFDL_SPEAR_MED/historical/rsut_Amon_GFDL-SPEAR-MED_historical_r25i1p1f1_gr3_192101-201412.nc,Amon,gr3,192101-201412
GFDL_SPEAR_MED,historical,r26i1p1f1,complete,,,./GFDL_SPEAR_MED/historical/tas_Amon_GFDL-SPEAR-MED_historical_r26i1p1f1_gr3_192101-201412.nc,Amon,gr3,192101-201412,./GFDL_SPEAR_MED/historical/rsdt_Amon_GFDL-SPEAR-MED_historical_r26i1p1f1_gr3_192101-201412.nc,Amon,gr3,192101-201412,./GFDL_SPEAR_MED/historical/rlut_Amon_GFDL-SPEAR-MED_historical_r26i1p1f1_gr3_192101-201412.nc,Amon,gr3,192101-201412,./GFDL_SPEAR_MED/historical/rsut_Amon_GFDL-SPEAR-MED_historical_r26i1p1f1_gr3_192101-201412.nc,Amon,gr3,192101-201412
GFDL_SPEAR_MED,historical,r27i1p1f1,complete,,,./GFDL_SPEAR_MED/historical/tas_Amon_GFDL-SPEAR-MED_historical_r27i1p1f1_gr3_192101-201412.nc,Amon,gr3,192101-201412,./GFDL_SPEAR_MED/historical/rsdt_Amon_GFDL-SPEAR-MED_historical_r27i1p1f1_gr3_192101-201412.nc,Amon,gr3,192101-201412,./GFDL_SPEAR_MED/historical/rlut_Amon_GFDL-SPEAR-MED_historical_r27i1p1f1_gr3_192101-201412.nc,Amon,gr3,192101-201412,./GFDL_SPEAR_MED/historical/rsut_Amon_GFDL-SPEAR-MED_historical_r27i1p1f1_gr3_192101-201412.nc,Amon,gr3,192101-201412
GFDL_SPEAR_MED,historical,r28i1p1f1,complete,,,./GFDL_SPEAR_MED/historical/tas_Amon_GFDL-SPEAR-MED_historical_r28i1p1f1_gr3_192101-201412.nc,Amon,gr3,192101-201412,./GFDL_SPEAR_MED/historical/rsdt_Amon_GFDL-SPEAR-MED_historical_r28i1p1f1_gr3_192101-201412.nc,Amon,gr3,192101-201412,./GFDL_SPEAR_MED/historical/rlut_Amon_GFDL-SPEAR-MED_historical_r28i1p1f1_gr3_192101-201412.nc,Amon,gr3,192101-201412,./GFDL_SPEAR_MED/historical/rsut_Amon_GFDL-SPEAR-MED_historical_r28i1p1f1_gr3_192101-201412.nc,Amon,gr3,192101-201412
GFDL_SPEAR_MED,historical,r29i1p1f1,complete,,,./GFDL_SPEAR_MED/historical/tas_Amon_GFDL-SPEAR-MED_historical_r29i1p1f1_gr3_192101-201412.nc,Amon,gr3,192101-201412,./GFDL_SPEAR_MED/historical/rsdt_Amon_GFDL-SPEAR-MED_historical_r29i1p1f1_gr3_192101-201412.nc,Amon,gr3,192101-201412,./GFDL_SPEAR_MED/historical/rlut_Amon_GFDL-SPEAR-MED_historical_r29i1p1f1_gr3_192101-201412.nc,Amon,gr3,192101-201412,./GFDL_SPEAR_MED/historical/rsut_Amon_GFDL-SPEAR-MED_historical_r29i1p1f1_gr3_192101-201412.nc,Amon,gr3,192101-201412
GFDL_SPEAR_MED,historical,r2i1p1f1,complete,,,./GFDL_SPEAR_MED/historical/tas_Amon_GFDL-SPEAR-MED_historical_r2i1p1f1_gr3_192101-201412.nc,Amon,gr3,192101-201412,./GFDL_SPEAR_MED/historical/rsdt_Amon_GFDL-SPEAR-MED_historical_r2i1p1f1_gr3_192101-201412.nc,Amon,gr3,192101-201412,./GFDL_SPEAR_MED/historical/rlut_Amon_GFDL-SPEAR-MED_historical_r2i1p1f1_gr3_192101-201412.nc,Amon,gr3,192101-201412,./GFDL_SPEAR_MED/historical/rsut_Amon_GFDL-SPEAR-MED_historical_r2i1p1f1_gr3_192101-201412.nc,Amon,gr3,192101-201412
GFDL_SPEAR_MED,historical,r30i1p1f1,complete,,,./GFDL_SPEAR_MED/historical/tas_Amon_GFDL-SPEAR-MED_historical_r30i1p1f1_gr3_192101-201412.nc,Amon,gr3,192101-201412,./GFDL_SPEAR_MED/historical/rsdt_Amon_GFDL-SPEAR-MED_historical_r30i1p1f1_gr3_192101-201412.nc,Amon,gr3,192101-201412,./GFDL_SPEAR_MED/historical/rlut_Amon_GFDL-SPEAR-MED_historical_r30i1p1f1_gr3_192101-201412.nc,Amon,gr3,192101-201412,./GFDL_SPEAR_MED/historical/rsut_Amon_GFDL-SPEAR-MED_historical_r30i1p1f1_gr3_192101-201412.nc,Amon,gr3,192101-201412
GFDL_SPEAR_MED,historical,r3i1p1f1,complete,,,./GFDL_SPEAR_MED/historical/tas_Amon_GFDL-SPEAR-MED_historical_r3i1p1f1_gr3_192101-201412.nc,Amon,gr3,192101-201412,./GFDL_SPEAR_MED/historical/rsdt_Amon_GFDL-SPEAR-MED_historical_r3i1p1f1_gr3_192101-201412.nc,Amon,gr3,192101-201412,./GFDL_SPEAR_MED/historical/rlut_Amon_GFDL-SPEAR-MED_historical_r3i1p1f1_gr3_192101-201412.nc,Amon,gr3,192101-201412,./GFDL_SPEAR_MED/historical/rsut_Amon_GFDL-SPEAR-MED_historical_r3i1p1f1_gr3_192101-201412.nc,Amon,gr3,192101-201412
GFDL_SPEAR_MED,historical,r4i1p1f1,complete,,,./GFDL_SPEAR_MED/historical/tas_Amon_GFDL-SPEAR-MED_historical_r4i1p1f1_gr3_192101-201412.nc,Amon,gr3,192101-201412,./GFDL_SPEAR_MED/historical/rsdt_Amon_GFDL-SPEAR-MED_historical_r4i1p1f1_gr3_192101-201412.nc,Amon,gr3,192101-201412,./GFDL_SPEAR_MED/historical/rlut_Amon_GFDL-SPEAR-MED_historical_r4i1p1f1_gr3_192101-201412.nc,Amon,gr3,192101-201412,./GFDL_SPEAR_MED/historical/rsut_Amon_GFDL-SPEAR-MED_historical_r4i1p1f1_gr3_192101-201412.nc,Amon,gr3,192101-201412
GFDL_SPEAR_MED,historical,r5i1p1f1,complete,,,./GFDL_SPEAR_MED/historical/tas_Amon_GFDL-SPEAR-MED_historical_r5i1p1f1_gr3_192101-201412.nc,Amon,gr3,192101-201412,./GFDL_SPEAR_MED/historical/rsdt_Amon_GFDL-SPEAR-MED_historical_r5i1p1f1_gr3_192101-201412.nc,Amon,gr3,192101-201412,./GFDL_SPEAR_MED/historical/rlut_Amon_GFDL-SPEAR-MED_historical_r5i1p1f1_gr3_192101-201412.nc,Amon,gr3,192101-201412,./GFDL_SPEAR_MED/historical/rsut_Amon_GFDL-SPEAR-MED_historical_r5i1p1f1_gr3_192101-201412.nc,Amon,gr3,192101-201412
GFDL_SPEAR_MED,historical,r6i1p1f1,complete,,,./GFDL_SPEAR_MED/historical/tas_Amon_GFDL-SPEAR-MED_historical_r6i1p1f1_gr3_192101-201412.nc,Amon,gr3,192101-201412,./GFDL_SPEAR_MED/historical/rsdt_Amon_GFDL-SPEAR-MED_historical_r6i1p1f1_gr3_192101-201412.nc,Amon,gr3,192101-201412,./GFDL_SPEAR_MED/historical/rlut_Amon_GFDL-SPEAR-MED_historical_r6i1p1f1_gr3_192101-201412.nc,Amon,gr3,192101-201412,./GFDL_SPEAR_MED/historical/rsut_Amon_GFDL-SPEAR-MED_historical_r6i1p1f1_gr3_192101-201412.nc,Amon,gr3,192101-201412
GFDL_SPEAR_MED,historical,r7i1p1f1,complete,,,./GFDL_SPEAR_MED/historical/tas_Amon_GFDL-SPEAR-MED_historical_r7i1p1f1_gr3_192101-201412.nc,Amon,gr3,192101-201412,./GFDL_SPEAR_MED/historical/rsdt_Amon_GFDL-SPEAR-MED_historical_r7i1p1f1_gr3_192101-201412.nc,Amon,gr3,192101-201412,./GFDL_SPEAR_MED/historical/rlut_Amon_GFDL-SPEAR-MED_historical_r7i1p1f1_gr3_192101-201412.nc,Amon,gr3,192101-201412,./GFDL_SPEAR_MED/historical/rsut_Amon_GFDL-SPEAR-MED_historical_r7i1p1f1_gr3_192101-201412.nc,Amon,gr3,192101-201412
GFDL_SPEAR_MED,historical,r8i1p1f1,complete,,,./GFDL_SPEAR_MED/historical/tas_Amon_GFDL-SPEAR-MED_historical_r8i1p1f1_gr3_192101-201412.nc,Amon,gr3,192101-201412,./GFDL_SPEAR_MED/historical/rsdt_Amon_GFDL-SPEAR-MED_historical_r8i1p1f1_gr3_192101-201412.nc,Amon,gr3,192101-201412,./GFDL_SPEAR_MED/historical/rlut_Amon_GFDL-SPEAR-MED_historical_r8i1p1f1_gr3_192101-201412.nc,Amon,gr3,192101-201412,./GFDL_SPEAR_MED/historical/rsut_Amon_GFDL-SPEAR-MED_historical_r8i1p1f1_gr3_192101-201412.nc,Amon,gr3,192101-201412
GFDL_SPEAR_MED,historical,r9i1p1f1,complete,,,./GFDL_SPEAR_MED/historical/tas_Amon_GFDL-SPEAR-MED_historical_r9i1p1f1_gr3_192101-201412.nc,Amon,gr3,192101-201412,./GFDL_SPEAR_MED/historical/rsdt_Amon_GFDL-SPEAR-MED_historical_r9i1p1f1_gr3_192101-201412.nc,Amon,gr3,192101-201412,./GFDL_SPEAR_MED/historical/rlut_Amon_GFDL-SPEAR-MED_historical_r9i1p1f1_gr3_192101-201412.nc,Amon,gr3,192101-201412,./GFDL_SPEAR_MED/historical/rsut_Amon_GFDL-SPEAR-MED_historical_r9i1p1f1_gr3_192101-201412.nc,Amon,gr3,192101-201412
GFDL_SPEAR_MED,ssp585,r10i1p1f1,complete,,,./GFDL_SPEAR_MED/ssp585/tas_Amon_GFDL-SPEAR-MED_scenarioSSP5-85_r10i1p1f1_gr3_201501-210012.nc,Amon,gr3,201501-210012,./GFDL_SPEAR_MED/ssp585/rsdt_Amon_GFDL-SPEAR-MED_scenarioSSP5-85_r10i1p1f1_gr3_201501-210012.nc,Amon,gr3,201501-210012,./GFDL_SPEAR_MED/ssp585/rlut_Amon_GFDL-SPEAR-MED_scenarioSSP5-85_r10i1p1f1_gr3_201501-210012.nc,Amon,gr3,201501-210012,./GFDL_SPEAR_MED/ssp585/rsut_Amon_GFDL-SPEAR-MED_scenarioSSP5-85_r10i1p1f1_gr3_201501-210012.nc,Amon,gr3,201501-210012
GFDL_SPEAR_MED,ssp585,r11i1p1f1,complete,,,./GFDL_SPEAR_MED/ssp585/tas_Amon_GFDL-SPEAR-MED_scenarioSSP5-85_r11i1p1f1_gr3_201501-210012.nc,Amon,gr3,201501-210012,./GFDL_SPEAR_MED/ssp585/rsdt_Amon_GFDL-SPEAR-MED_scenarioSSP5-85_r11i1p1f1_gr3_201501-210012.nc,Amon,gr3,201501-210012,./GFDL_SPEAR_MED/ssp585/rlut_Amon_GFDL-SPEAR-MED_scenarioSSP5-85_r11i1p1f1_gr3_201501-210012.nc,Amon,gr3,201501-210012,./GFDL_SPEAR_MED/ssp585/rsut_Amon_GFDL-SPEAR-MED_scenarioSSP5-85_r11i1p1f1_gr3_201501-210012.nc,Amon,gr3,201501-210012
GFDL_SPEAR_MED,ssp585,r12i1p1f1,complete,,,./GFDL_SPEAR_MED/ssp585/tas_Amon_GFDL-SPEAR-MED_scenarioSSP5-85_r12i1p1f1_gr3_201501-210012.nc,Amon,gr3,201501-210012,./GFDL_SPEAR_MED/ssp585/rsdt_Amon_GFDL-SPEAR-MED_scenarioSSP5-85_r12i1p1f1_gr3_201501-210012.nc,Amon,gr3,201501-210012,./GFDL_SPEAR_MED/ssp585/rlut_Amon_GFDL-SPEAR-MED_scenarioSSP5-85_r12i1p1f1_gr3_201501-210012.nc,Amon,gr3,201501-210012,./GFDL_SPEAR_MED/ssp585/rsut_Amon_GFDL-SPEAR-MED_scenarioSSP5-85_r12i1p1f1_gr3_201501-210012.nc,Amon,gr3,201501-210012
GFDL_SPEAR_MED,ssp585,r13i1p1f1,complete,,,./GFDL_SPEAR_MED/ssp585/tas_Amon_GFDL-SPEAR-MED_scenarioSSP5-85_r13i1p1f1_gr3_201501-210012.nc,Amon,gr3,201501-210012,./GFDL_SPEAR_MED/ssp585/rsdt_Amon_GFDL-SPEAR-MED_scenarioSSP5-85_r13i1p1f1_gr3_201501-210012.nc,Amon,gr3,201501-210012,./GFDL_SPEAR_MED/ssp585/rlut_Amon_GFDL-SPEAR-MED_scenarioSSP5-85_r13i1p1f1_gr3_201501-210012.nc,Amon,gr3,201501-210012,./GFDL_SPEAR_MED/ssp585/rsut_Amon_GFDL-SPEAR-MED_scenarioSSP5-85_r13i1p1f1_gr3_201501-210012.nc,Amon,gr3,201501-210012
GFDL_SPEAR_MED,ssp585,r14i1p1f1,complete,,,./GFDL_SPEAR_MED/ssp585/tas_Amon_GFDL-SPEAR-MED_scenarioSSP5-85_r14i1p1f1_gr3_201501-210012.nc,Amon,gr3,201501-210012,./GFDL_SPEAR_MED/ssp585/rsdt_Amon_GFDL-SPEAR-MED_scenarioSSP5-85_r14i1p1f1_gr3_201501-210012.nc,Amon,gr3,201501-210012,./GFDL_SPEAR_MED/ssp585/rlut_Amon_GFDL-SPEAR-MED_scenarioSSP5-85_r14i1p1f1_gr3_201501-210012.nc,Amon,gr3,201501-210012,./GFDL_SPEAR_MED/ssp585/rsut_Amon_GFDL-SPEAR-MED_scenarioSSP5-85_r14i1p1f1_gr3_201501-210012.nc,Amon,gr3,201501-210012
GFDL_SPEAR_MED,ssp585,r15i1p1f1,complete,,,./GFDL_SPEAR_MED/ssp585/tas_Amon_GFDL-SPEAR-MED_scenarioSSP5-85_r15i1p1f1_gr3_201501-210012.nc,Amon,gr3,201501-210012,./GFDL_SPEAR_MED/ssp585/rsdt_Amon_GFDL-SPEAR-MED_scenarioSSP5-85_r15i1p1f1_gr3_201501-210012.nc,Amon,gr3,201501-210012,./GFDL_SPEAR_MED/ssp585/rlut_Amon_GFDL-SPEAR-MED_scenarioSSP5-85_r15i1p1f1_gr3_201501-210012.nc,Amon,gr3,201501-210012,./GFDL_SPEAR_MED/ssp585/rsut_Amon_GFDL-SPEAR-MED_scenarioSSP5-85_r15i1p1f1_gr3_201501-210012.nc,Amon,gr3,201501-210012
GFDL_SPEAR_MED,ssp585,r16i1p1f1,complete,,,./GFDL_SPEAR_MED/ssp585/tas_Amon_GFDL-SPEAR-MED_scenarioSSP5-85_r16i1p1f1_gr3_201501-210012.nc,Amon,gr3,201501-210012,./GFDL_SPEAR_MED/ssp585/rsdt_Amon_GFDL-SPEAR-MED_scenarioSSP5-85_r16i1p1f1_gr3_201501-210012.nc,Amon,gr3,201501-210012,./GFDL_SPEAR_MED/ssp585/rlut_Amon_GFDL-SPEAR-MED_scenarioSSP5-85_r16i1p1f1_gr3_201501-210012.nc,Amon,gr3,201501-210012,./GFDL_SPEAR_MED/ssp585/rsut_Amon_GFDL-SPEAR-MED_scenarioSSP5-85_r16i1p1f1_gr3_201501-210012.nc,Amon,gr3,201501-210012
GFDL_SPEAR_MED,ssp585,r17i1p1f1,complete,,,./GFDL_SPEAR_MED/ssp585/tas_Amon_GFDL-SPEAR-MED_scenarioSSP5-85_r17i1p1f1_gr3_201501-210012.nc,Amon,gr3,201501-210012,./GFDL_SPEAR_MED/ssp585/rsdt_Amon_GFDL-SPEAR-MED_scenarioSSP5-85_r17i1p1f1_gr3_201501-210012.nc,Amon,gr3,201501-210012,./GFDL_SPEAR_MED/ssp585/rlut_Amon_GFDL-SPEAR-MED_scenarioSSP5-85_r17i1p1f1_gr3_201501-210012.nc,Amon,gr3,201501-210012,./GFDL_SPEAR_MED/ssp585/rsut_Amon_GFDL-SPEAR-MED_scenarioSSP5-85_r17i1p1f1_gr3_201501-210012.nc,Amon,gr3,201501-210012
GFDL_SPEAR_MED,ssp585,r18i1p1f1,complete,,,./GFDL_SPEAR_MED/ssp585/tas_Amon_GFDL-SPEAR-MED_scenarioSSP5-85_r18i1p1f1_gr3_201501-210012.nc,Amon,gr3,201501-210012,./GFDL_SPEAR_MED/ssp585/rsdt_Amon_GFDL-SPEAR-MED_scenarioSSP5-85_r18i1p1f1_gr3_201501-210012.nc,Amon,gr3,201501-210012,./GFDL_SPEAR_MED/ssp585/rlut_Amon_GFDL-SPEAR-MED_scenarioSSP5-85_r18i1p1f1_gr3_201501-210012.nc,Amon,gr3,201501-210012,./GFDL_SPEAR_MED/ssp585/rsut_Amon_GFDL-SPEAR-MED_scenarioSSP5-85_r18i1p1f1_gr3_201501-210012.nc,Amon,gr3,201501-210012
GFDL_SPEAR_MED,ssp585,r19i1p1f1,complete,,,./GFDL_SPEAR_MED/ssp585/tas_Amon_GFDL-SPEAR-MED_scenarioSSP5-85_r19i1p1f1_gr3_201501-210012.nc,Amon,gr3,201501-210012,./GFDL_SPEAR_MED/ssp585/rsdt_Amon_GFDL-SPEAR-MED_scenarioSSP5-85_r19i1p1f1_gr3_201501-210012.nc,Amon,gr3,201501-210012,./GFDL_SPEAR_MED/ssp585/rlut_Amon_GFDL-SPEAR-MED_scenarioSSP5-85_r19i1p1f1_gr3_201501-210012.nc,Amon,gr3,201501-210012,./GFDL_SPEAR_MED/ssp585/rsut_Amon_GFDL-SPEAR-MED_scenarioSSP5-85_r19i1p1f1_gr3_201501-210012.nc,Amon,gr3,201501-210012
GFDL_SPEAR_MED,ssp585,r1i1p1f1,complete,,,./GFDL_SPEAR_MED/ssp585/tas_Amon_GFDL-SPEAR-MED_scenarioSSP5-85_r1i1p1f1_gr3_201501-210012.nc,Amon,gr3,201501-210012,./GFDL_SPEAR_MED/ssp585/rsdt_Amon_GFDL-SPEAR-MED_scenarioSSP5-85_r1i1p1f1_gr3_201501-210012.nc,Amon,gr3,201501-210012,./GFDL_SPEAR_MED/ssp585/rlut_Amon_GFDL-SPEAR-MED_scenarioSSP5-85_r1i1p1f1_gr3_201501-210012.nc,Amon,gr3,201501-210012,./GFDL_SPEAR_MED/ssp585/rsut_Amon_GFDL-SPEAR-MED_scenarioSSP5-85_r1i1p1f1_gr3_201501-210012.nc,Amon,gr3,201501-210012
GFDL_SPEAR_MED,ssp585,r20i1p1f1,complete,,,./GFDL_SPEAR_MED/ssp585/tas_Amon_GFDL-SPEAR-MED_scenarioSSP5-85_r20i1p1f1_gr3_201501-210012.nc,Amon,gr3,201501-210012,./GFDL_SPEAR_MED/ssp585/rsdt_Amon_GFDL-SPEAR-MED_scenarioSSP5-85_r20i1p1f1_gr3_201501-210012.nc,Amon,gr3,201501-210012,./GFDL_SPEAR_MED/ssp585/rlut_Amon_GFDL-SPEAR-MED_scenarioSSP5-85_r20i1p1f1_gr3_201501-210012.nc,Amon,gr3,201501-210012,./GFDL_SPEAR_MED/ssp585/rsut_Amon_GFDL-SPEAR-MED_scenarioSSP5-85_r20i1p1f1_gr3_201501-210012.nc,Amon,gr3,201501-210012
GFDL_SPEAR_MED,ssp585,r21i1p1f1,complete,,,./GFDL_SPEAR_MED/ssp585/tas_Amon_GFDL-SPEAR-MED_scenarioSSP5-85_r21i1p1f1_gr3_201501-210012.nc,Amon,gr3,201501-210012,./GFDL_SPEAR_MED/ssp585/rsdt_Amon_GFDL-SPEAR-MED_scenarioSSP5-85_r21i1p1f1_gr3_201501-210012.nc,Amon,gr3,201501-210012,./GFDL_SPEAR_MED/ssp585/rlut_Amon_GFDL-SPEAR-MED_scenarioSSP5-85_r21i1p1f1_gr3_201501-210012.nc,Amon,gr3,201501-210012,./GFDL_SPEAR_MED/ssp585/rsut_Amon_GFDL-SPEAR-MED_scenarioSSP5-85_r21i1p1f1_gr3_201501-210012.nc,Amon,gr3,201501-210012
GFDL_SPEAR_MED,ssp585,r22i1p1f1,complete,,,./GFDL_SPEAR_MED/ssp585/tas_Amon_GFDL-SPEAR-MED_scenarioSSP5-85_r22i1p1f1_gr3_201501-210012.nc,Amon,gr3,201501-210012,./GFDL_SPEAR_MED/ssp585/rsdt_Amon_GFDL-SPEAR-MED_scenarioSSP5-85_r22i1p1f1_gr3_201501-210012.nc,Amon,gr3,201501-210012,./GFDL_SPEAR_MED/ssp585/rlut_Amon_GFDL-SPEAR-MED_scenarioSSP5-85_r22i1p1f1_gr3_201501-210012.nc,Amon,gr3,201501-210012,./GFDL_SPEAR_MED/ssp585/rsut_Amon_GFDL-SPEAR-MED_scenarioSSP5-85_r22i1p1f1_gr3_201501-210012.nc,Amon,gr3,201501-210012
GFDL_SPEAR_MED,ssp585,r23i1p1f1,complete,,,./GFDL_SPEAR_MED/ssp585/tas_Amon_GFDL-SPEAR-MED_scenarioSSP5-85_r23i1p1f1_gr3_201501-210012.nc,Amon,gr3,201501-210012,./GFDL_SPEAR_MED/ssp585/rsdt_Amon_GFDL-SPEAR-MED_scenarioSSP5-85_r23i1p1f1_gr3_201501-210012.nc,Amon,gr3,201501-210012,./GFDL_SPEAR_MED/ssp585/rlut_Amon_GFDL-SPEAR-MED_scenarioSSP5-85_r23i1p1f1_gr3_201501-210012.nc,Amon,gr3,201501-210012,./GFDL_SPEAR_MED/ssp585/rsut_Amon_GFDL-SPEAR-MED_scenarioSSP5-85_r23i1p1f1_gr3_201501-210012.nc,Amon,gr3,201501-210012
GFDL_SPEAR_MED,ssp585,r24i1p1f1,complete,,,./GFDL_SPEAR_MED/ssp585/tas_Amon_GFDL-SPEAR-MED_scenarioSSP5-85_r24i1p1f1_gr3_201501-210012.nc,Amon,gr3,201501-210012,./GFDL_SPEAR_MED/ssp585/rsdt_Amon_GFDL-SPEAR-MED_scenarioSSP5-85_r24i1p1f1_gr3_201501-210012.nc,Amon,gr3,201501-210012,./GFDL_SPEAR_MED/ssp585/rlut_Amon_GFDL-SPEAR-MED_scenarioSSP5-85_r24i1p1f1_gr3_201501-210012.nc,Amon,gr3,201501-210012,./GFDL_SPEAR_MED/ssp585/rsut_Amon_GFDL-SPEAR-MED_scenarioSSP5-85_r24i1p1f1_gr3_201501-210012.nc,Amon,gr3,201501-210012
GFDL_SPEAR_MED,ssp585,r25i1p1f1,complete,,,./GFDL_SPEAR_MED/ssp585/tas_Amon_GFDL-SPEAR-MED_scenarioSSP5-85_r25i1p1f1_gr3_201501-210012.nc,Amon,gr3,201501-210012,./GFDL_SPEAR_MED/ssp585/rsdt_Amon_GFDL-SPEAR-MED_scenarioSSP5-85_r25i1p1f1_gr3_201501-210012.nc,Amon,gr3,201501-210012,./GFDL_SPEAR_MED/ssp585/rlut_Amon_GFDL-SPEAR-MED_scenarioSSP5-85_r25i1p1f1_gr3_201501-210012.nc,Amon,gr3,201501-210012,./GFDL_SPEAR_MED/ssp585/rsut_Amon_GFDL-SPEAR-MED_scenarioSSP5-85_r25i1p1f1_gr3_201501-210012.nc,Amon,gr3,201501-210012
GFDL_SPEAR_MED,ssp585,r26i1p1f1,complete,,,./GFDL_SPEAR_MED/ssp585/tas_Amon_GFDL-SPEAR-MED_scenarioSSP5-85_r26i1p1f1_gr3_201501-210012.nc,Amon,gr3,201501-210012,./GFDL_SPEAR_MED/ssp585/rsdt_Amon_GFDL-SPEAR-MED_scenarioSSP5-85_r26i1p1f1_gr3_201501-210012.nc,Amon,gr3,201501-210012,./GFDL_SPEAR_MED/ssp585/rlut_Amon_GFDL-SPEAR-MED_scenarioSSP5-85_r26i1p1f1_gr3_201501-210012.nc,Amon,gr3,201501-210012,./GFDL_SPEAR_MED/ssp585/rsut_Amon_GFDL-SPEAR-MED_scenarioSSP5-85_r26i1p1f1_gr3_201501-210012.nc,Amon,gr3,201501-210012
GFDL_SPEAR_MED,ssp585,r27i1p1f1,complete,,,./GFDL_SPEAR_MED/ssp585/tas_Amon_GFDL-SPEAR-MED_scenarioSSP5-85_r27i1p1f1_gr3_201501-210012.nc,Amon,gr3,201501-210012,./GFDL_SPEAR_MED/ssp585/rsdt_Amon_GFDL-SPEAR-MED_scenarioSSP5-85_r27i1p1f1_gr3_201501-210012.nc,Amon,gr3,201501-210012,./GFDL_SPEAR_MED/ssp585/rlut_Amon_GFDL-SPEAR-MED_scenarioSSP5-85_r27i1p1f1_gr3_201501-210012.nc,Amon,gr3,201501-210012,./GFDL_SPEAR_MED/ssp585/rsut_Amon_GFDL-SPEAR-MED_scenarioSSP5-85_r27i1p1f1_gr3_201501-210012.nc,Amon,gr3,201501-210012
GFDL_SPEAR_MED,ssp585,r28i1p1f1,complete,,,./GFDL_SPEAR_MED/ssp585/tas_Amon_GFDL-SPEAR-MED_scenarioSSP5-85_r28i1p1f1_gr3_201501-210012.nc,Amon,gr3,201501-210012,./GFDL_SPEAR_MED/ssp585/rsdt_Amon_GFDL-SPEAR-MED_scenarioSSP5-85_r28i1p1f1_gr3_201501-210012.nc,Amon,gr3,201501-210012,./GFDL_SPEAR_MED/ssp585/rlut_Amon_GFDL-SPEAR-MED_scenarioSSP5-85_r28i1p1f1_gr3_201501-210012.nc,Amon,gr3,201501-210012,./GFDL_SPEAR_MED/ssp585/rsut_Amon_GFDL-SPEAR-MED_scenarioSSP5-85_r28i1p1f1_gr3_201501-210012.nc,Amon,gr3,201501-210012
GFDL_SPEAR_MED,ssp585,r29i1p1f1,complete,,,./GFDL_SPEAR_MED/ssp585/tas_Amon_GFDL-SPEAR-MED_scenarioSSP5-85_r29i1p1f1_gr3_201501-210012.nc,Amon,gr3,201501-210012,./GFDL_SPEAR_MED/ssp585/rsdt_Amon_GFDL-SPEAR-MED_scenarioSSP5-85_r29i1p1f1_gr3_201501-210012.nc,Amon,gr3,201501-210012,./GFDL_SPEAR_MED/ssp585/rlut_Amon_GFDL-SPEAR-MED_scenarioSSP5-85_r29i1p1f1_gr3_201501-210012.nc,Amon,gr3,201501-210012,./GFDL_SPEAR_MED/ssp585/rsut_Amon_GFDL-SPEAR-MED_scenarioSSP5-85_r29i1p1f1_gr3_201501-210012.nc,Amon,gr3,201501-210012
GFDL_SPEAR_MED,ssp585,r2i1p1f1,complete,,,./GFDL_SPEAR_MED/ssp585/tas_Amon_GFDL-SPEAR-MED_scenarioSSP5-85_r2i1p1f1_gr3_201501-210012.nc,Amon,gr3,201501-210012,./GFDL_SPEAR_MED/ssp585/rsdt_Amon_GFDL-SPEAR-MED_scenarioSSP5-85_r2i1p1f1_gr3_201501-210012.nc,Amon,gr3,201501-210012,./GFDL_SPEAR_MED/ssp585/rlut_Amon_GFDL-SPEAR-MED_scenarioSSP5-85_r2i1p1f1_gr3_201501-210012.nc,Amon,gr3,201501-210012,./GFDL_SPEAR_MED/ssp585/rsut_Amon_GFDL-SPEAR-MED_scenarioSSP5-85_r2i1p1f1_gr3_201501-210012.nc,Amon,gr3,201501-210012
GFDL_SPEAR_MED,ssp585,r30i1p1f1,complete,,,./GFDL_SPEAR_MED/ssp585/tas_Amon_GFDL-SPEAR-MED_scenarioSSP5-85_r30i1p1f1_gr3_201501-210012.nc,Amon,gr3,201501-210012,./GFDL_SPEAR_MED/ssp585/rsdt_Amon_GFDL-SPEAR-MED_scenarioSSP5-85_r30i1p1f1_gr3_201501-210012.nc,Amon,gr3,201501-210012,./GFDL_SPEAR_MED/ssp585/rlut_Amon_GFDL-SPEAR-MED_scenarioSSP5-85_r30i1p1f1_gr3_201501-210012.nc,Amon,gr3,201501-210012,./GFDL_SPEAR_MED/ssp585/rsut_Amon_GFDL-SPEAR-MED_scenarioSSP5-85_r30i1p1f1_gr3_201501-210012.nc,Amon,gr3,201501-210012
GFDL_SPEAR_MED,ssp585,r3i1p1f1,complete,,,./GFDL_SPEAR_MED/ssp585/tas_Amon_GFDL-SPEAR-MED_scenarioSSP5-85_r3i1p1f1_gr3_201501-210012.nc,Amon,gr3,201501-210012,./GFDL_SPEAR_MED/ssp585/rsdt_Amon_GFDL-SPEAR-MED_scenarioSSP5-85_r3i1p1f1_gr3_201501-210012.nc,Amon,gr3,201501-210012,./GFDL_SPEAR_MED/ssp585/rlut_Amon_GFDL-SPEAR-MED_scenarioSSP5-85_r3i1p1f1_gr3_201501-210012.nc,Amon,gr3,201501-210012,./GFDL_SPEAR_MED/ssp585/rsut_Amon_GFDL-SPEAR-MED_scenarioSSP5-85_r3i1p1f1_gr3_201501-210012.nc,Amon,gr3,201501-210012
GFDL_SPEAR_MED,ssp585,r4i1p1f1,complete,,,./GFDL_SPEAR_MED/ssp585/tas_Amon_GFDL-SPEAR-MED_scenarioSSP5-85_r4i1p1f1_gr3_201501-210012.nc,Amon,gr3,201501-210012,./GFDL_SPEAR_MED/ssp585/rsdt_Amon_GFDL-SPEAR-MED_scenarioSSP5-85_r4i1p1f1_gr3_201501-210012.nc,Amon,gr3,201501-210012,./GFDL_SPEAR_MED/ssp585/rlut_Amon_GFDL-SPEAR-MED_scenarioSSP5-85_r4i1p1f1_gr3_201501-210012.nc,Amon,gr3,201501-210012,./GFDL_SPEAR_MED/ssp585/rsut_Amon_GFDL-SPEAR-MED_scenarioSSP5-85_r4i1p1f1_gr3_201501-210012.nc,Amon,gr3,201501-210012
GFDL_SPEAR_MED,ssp585,r5i1p1f1,complete,,,./GFDL_SPEAR_MED/ssp585/tas_Amon_GFDL-SPEAR-MED_scenarioSSP5-85_r5i1p1f1_gr3_201501-210012.nc,Amon,gr3,201501-210012,./GFDL_SPEAR_MED/ssp585/rsdt_Amon_GFDL-SPEAR-MED_scenarioSSP5-85_r5i1p1f1_gr3_201501-210012.nc,Amon,gr3,201501-210012,./GFDL_SPEAR_MED/ssp585/rlut_Amon_GFDL-SPEAR-MED_scenarioSSP5-85_r5i1p1f1_gr3_201501-210012.nc,Amon,gr3,201501-210012,./GFDL_SPEAR_MED/ssp585/rsut_Amon_GFDL-SPEAR-MED_scenarioSSP5-85_r5i1p1f1_gr3_201501-210012.nc,Amon,gr3,201501-210012
GFDL_SPEAR_MED,ssp585,r6i1p1f1,complete,,,./GFDL_SPEAR_MED/ssp585/tas_Amon_GFDL-SPEAR-MED_scenarioSSP5-85_r6i1p1f1_gr3_201501-210012.nc,Amon,gr3,201501-210012,./GFDL_SPEAR_MED/ssp585/rsdt_Amon_GFDL-SPEAR-MED_scenarioSSP5-85_r6i1p1f1_gr3_201501-210012.nc,Amon,gr3,201501-210012,./GFDL_SPEAR_MED/ssp585/rlut_Amon_GFDL-SPEAR-MED_scenarioSSP5-85_r6i1p1f1_gr3_201501-210012.nc,Amon,gr3,201501-210012,./GFDL_SPEAR_MED/ssp585/rsut_Amon_GFDL-SPEAR-MED_scenarioSSP5-85_r6i1p1f1_gr3_201501-210012.nc,Amon,gr3,201501-210012
GFDL_SPEAR_MED,ssp585,r7i1p1f1,complete,,,./GFDL_SPEAR_MED/ssp585/tas_Amon_GFDL-SPEAR-MED_scenarioSSP5-85_r7i1p1f1_gr3_201501-210012.nc,Amon,gr3,201501-210012,./GFDL_SPEAR_MED/ssp585/rsdt_Amon_GFDL-SPEAR-MED_scenarioSSP5-85_r7i1p1f1_gr3_201501-210012.nc,Amon,gr3,201501-210012,./GFDL_SPEAR_MED/ssp585/rlut_Amon_GFDL-SPEAR-MED_scenarioSSP5-85_r7i1p1f1_gr3_201501-210012.nc,Amon,gr3,201501-210012,./GFDL_SPEAR_MED/ssp585/rsut_Amon_GFDL-SPEAR-MED_scenarioSSP5-85_r7i1p1f1_gr3_201501-210012.nc,Amon,gr3,201501-210012
GFDL_SPEAR_MED,ssp585,r8i1p1f1,complete,,,./GFDL_SPEAR_MED/ssp585/tas_Amon_GFDL-SPEAR-MED_scenarioSSP5-85_r8i1p1f1_gr3_201501-210012.nc,Amon,gr3,201501-210012,./GFDL_SPEAR_MED/ssp585/rsdt_Amon_GFDL-SPEAR-MED_scenarioSSP5-85_r8i1p1f1_gr3_201501-210012.nc,Amon,gr3,201501-210012,./GFDL_SPEAR_MED/ssp585/rlut_Amon_GFDL-SPEAR-MED_scenarioSSP5-85_r8i1p1f1_gr3_201501-210012.nc,Amon,gr3,201501-210012,./GFDL_SPEAR_MED/ssp585/rsut_Amon_GFDL-SPEAR-MED_scenarioSSP5-85_r8i1p1f1_gr3_201501-210012.nc,Amon,gr3,201501-210012
GFDL_SPEAR_MED,ssp585,r9i1p1f1,complete,,,./GFDL_SPEAR_MED/ssp585/tas_Amon_GFDL-SPEAR-MED_scenarioSSP5-85_r9i1p1f1_gr3_201501-210012.nc,Amon,gr3,201501-210012,./GFDL_SPEAR_MED/ssp585/rsdt_Amon_GFDL-SPEAR-MED_scenarioSSP5-85_r9i1p1f1_gr3_201501-210012.nc,Amon,gr3,201501-210012,./GFDL_SPEAR_MED/ssp585/rlut_Amon_GFDL-SPEAR-MED_scenarioSSP5-85_r9i1p1f1_gr3_201501-210012.nc,Amon,gr3,201501-210012,./GFDL_SPEAR_MED/ssp585/rsut_Amon_GFDL-SPEAR-MED_scenarioSSP5-85_r9i1p1f1_gr3_201501-210012.nc,Amon,gr3,201501-210012
GISS-E2-1-G,amip-piForcing,r1i1p1f1,complete,,,./GISS-E2-1-G/amip-piForcing/tas_Amon_GISS-E2-1-G_amip-piForcing_r1i1p1f1_gn_195001-197012.nc,Amon,gn,195001-197012,./GISS-E2-1-G/amip-piForcing/rsdt_Amon_GISS-E2-1-G_amip-piForcing_r1i1p1f1_gn_195001-197012.nc,Amon,gn,195001-197012,./GISS-E2-1-G/amip-piForcing/rlut_Amon_GISS-E2-1-G_amip-piForcing_r1i1p1f1_gn_195001-197012.nc,Amon,gn,195001-197012,./GISS-E2-1-G/amip-piForcing/rsut_Amon_GISS-E2-1-G_amip-piForcing_r1i1p1f1_gn_195001-197012.nc,Amon,gn,195001-197012
GISS-E2-1-G,historical,r10i1p1f2,ambiguous,,tas;rsdt;rlut;rsut,./GISS-E2-1-G/historical/tas_Amon_GISS-E2-1-G_historical_r10i1p1f2_gn_185001-190012.nc;./GISS-E2-1-G/historical/tas_Amon_GISS-E2-1-G_historical_r10i1p1f2_gn_190101-195012.nc;./GISS-E2-1-G/historical/tas_Amon_GISS-E2-1-G_historical_r10i1p1f2_gn_195101-200012.nc;./GISS-E2-1-G/historical/tas_Amon_GISS-E2-1-G_historical_r10i1p1f2_gn_200101-201412.nc,Amon;Amon;Amon;Amon,gn;gn;gn;gn,185001-190012;190101-195012;195101-200012;200101-201412,./GISS-E2-1-G/historical/rsdt_Amon_GISS-E2-1-G_historical_r10i1p1f2_gn_185001-190012.nc;./GISS-E2-1-G/historical/rsdt_Amon_GISS-E2-1-G_historical_r10i1p1f2_gn_190101-195012.nc;./GISS-E2-1-G/historical/rsdt_Amon_GISS-E2-1-G_historical_r10i1p1f2_gn_195101-200012.nc;./GISS-E2-1-G/historical/rsdt_Amon_GISS-E2-1-G_historical_r10i1p1f2_gn_200101-201412.nc,Amon;Amon;Amon;Amon,gn;gn;gn;gn,185001-190012;190101-195012;195101-200012;200101-201412,./GISS-E2-1-G/historical/rlut_Amon_GISS-E2-1-G_historical_r10i1p1f2_gn_185001-190012.nc;./GISS-E2-1-G/historical/rlut_Amon_GISS-E2-1-G_historical_r10i1p1f2_gn_190101-195012.nc;./GISS-E2-1-G/historical/rlut_Amon_GISS-E2-1-G_historical_r10i1p1f2_gn_195101-200012.nc;./GISS-E2-1-G/historical/rlut_Amon_GISS-E2-1-G_historical_r10i1p1f2_gn_200101-201412.nc,Amon;Amon;Amon;Amon,gn;gn;gn;gn,185001-190012;190101-195012;195101-200012;200101-201412,./GISS-E2-1-G/historical/rsut_Amon_GISS-E2-1-G_historical_r10i1p1f2_gn_185001-190012.nc;./GISS-E2-1-G/historical/rsut_Amon_GISS-E2-1-G_historical_r10i1p1f2_gn_190101-195012.nc;./GISS-E2-1-G/historical/rsut_Amon_GISS-E2-1-G_historical_r10i1p1f2_gn_195101-200012.nc;./GISS-E2-1-G/historical/rsut_Amon_GISS-E2-1-G_historical_r10i1p1f2_gn_200101-201412.nc,Amon;Amon;Amon;Amon,gn;gn;gn;gn,185001-190012;190101-195012;195101-200012;200101-201412
GISS-E2-1-G,historical,r10i1p3f1,ambiguous,,tas;rsdt;rlut;rsut,./GISS-E2-1-G/historical/tas_Amon_GISS-E2-1-G_historical_r10i1p3f1_gn_185001-190012.nc;./GISS-E2-1-G/historical/tas_Amon_GISS-E2-1-G_historical_r10i1p3f1_gn_190101-195012.nc;./GISS-E2-1-G/historical/tas_Amon_GISS-E2-1-G_historical_r10i1p3f1_gn_195101-200012.nc;./GISS-E2-1-G/historical/tas_Amon_GISS-E2-1-G_historical_r10i1p3f1_gn_200101-201412.nc,Amon;Amon;Amon;Amon,gn;gn;gn;gn,185001-190012;190101-195012;195101-200012;200101-201412,./GISS-E2-1-G/historical/rsdt_Amon_GISS-E2-1-G_historical_r10i1p3f1_gn_185001-190012.nc;./GISS-E2-1-G/historical/rsdt_Amon_GISS-E2-1-G_historical_r10i1p3f1_gn_190101-195012.nc;./GISS-E2-1-G/historical/rsdt_Amon_GISS-E2-1-G_historical_r10i1p3f1_gn_195101-200012.nc;./GISS-E2-1-G/historical/rsdt_Amon_GISS-E2-1-G_historical_r10i1p3f1_gn_200101-201412.nc,Amon;Amon;Amon;Amon,gn;gn;gn;gn,185001-190012;190101-195012;195101-200012;200101-201412,./GISS-E2-1-G/historical/rlut_Amon_GISS-E2-1-G_historical_r10i1p3f1_gn_185001-190012.nc;./GISS-E2-1-G/historical/rlut_Amon_GISS-E2-1-G_historical_r10i1p3f1_gn_190101-195012.nc;./GISS-E2-1-G/historical/rlut_Amon_GISS-E2-1-G_historical_r10i1p3f1_gn_195101-200012.nc;./GISS-E2-1-G/historical/rlut_Amon_GISS-E2-1-G_historical_r10i1p3f1_gn_200101-201412.nc,Amon;Amon;Amon;Amon,gn;gn;gn;gn,185001-190012;190101-195012;195101-200012;200101-201412,./GISS-E2-1-G/historical/rsut_Amon_GISS-E2-1-G_historical_r10i1p3f1_gn_185001-190012.nc;./GISS-E2-1-G/historical/rsut_Amon_GISS-E2-1-G_historical_r10i1p3f1_gn_190101-195012.nc;./GISS-E2-1-G/historical/rsut_Amon_GISS-E2-1-G_historical_r10i1p3f1_gn_195101-200012.nc;./GISS-E2-1-G/historical/rsut_Amon_GISS-E2-1-G_historical_r10i1p3f1_gn_200101-201412.nc,Amon;Amon;Amon;Amon,gn;gn;gn;gn,185001-190012;190101-195012;195101-200012;200101-201412
GISS-E2-1-G,historical,r1i1p1f2,ambiguous,,tas;rsdt;rlut;rsut,./GISS-E2-1-G/historical/tas_Amon_GISS-E2-1-G_historical_r1i1p1f2_gn_185001-190012.nc;./GISS-E2-1-G/historical/tas_Amon_GISS-E2-1-G_historical_r1i1p1f2_gn_190101-195012.nc;./GISS-E2-1-G/historical/tas_Amon_GISS-E2-1-G_historical_r1i1p1f2_gn_195101-200012.nc;./GISS-E2-1-G/historical/tas_Amon_GISS-E2-1-G_historical_r1i1p1f2_gn_200101-201412.nc,Amon;Amon;Amon;Amon,gn;gn;gn;gn,185001-190012;190101-195012;195101-200012;200101-201412,./GISS-E2-1-G/historical/rsdt_Amon_GISS-E2-1-G_historical_r1i1p1f2_gn_185001-190012.nc;./GISS-E2-1-G/historical/rsdt_Amon_GISS-E2-1-G_historical_r1i1p1f2_gn_190101-195012.nc;./GISS-E2-1-G/historical/rsdt_Amon_GISS-E2-1-G_historical_r1i1p1f2_gn_195101-200012.nc;./GISS-E2-1-G/historical/rsdt_Amon_GISS-E2-1-G_historical_r1i1p1f2_gn_200101-201412.nc,Amon;Amon;Amon;Amon,gn;gn;gn;gn,185001-190012;190101-195012;195101-200012;200101-201412,./GISS-E2-1-G/historical/rlut_Amon_GISS-E2-1-G_historical_r1i1p1f2_gn_185001-190012.nc;./GISS-E2-1-G/historical/rlut_Amon_GISS-E2-1-G_historical_r1i1p1f2_gn_190101-195012.nc;./GISS-E2-1-G/historical/rlut_Amon_GISS-E2-1-G_historical_r1i1p1f2_gn_195101-200012.nc;./GISS-E2-1-G/historical/rlut_Amon_GISS-E2-1-G_historical_r1i1p1f2_gn_200101-201412.nc,Amon;Amon;Amon;Amon,gn;gn;gn;gn,185001-190012;190101-195012;195101-200012;200101-201412,./GISS-E2-1-G/historical/rsut_Amon_GISS-E2-1-G_historical_r1i1p1f2_gn_185001-190012.nc;./GISS-E2-1-G/historical/rsut_Amon_GISS-E2-1-G_historical_r1i1p1f2_gn_190101-195012.nc;./GISS-E2-1-G/historical/rsut_Amon_GISS-E2-1-G_historical_r1i1p1f2_gn_195101-200012.nc;./GISS-E2-1-G/historical/rsut_Amon_GISS-E2-1-G_historical_r1i1p1f2_gn_200101-201412.nc,Amon;Amon;Amon;Amon,gn;gn;gn;gn,185001-190012;190101-195012;195101-200012;200101-201412
GISS-E2-1-G,historical,r1i1p3f1,ambiguous,,tas;rsdt;rlut;rsut,./GISS-E2-1-G/historical/tas_Amon_GISS-E2-1-G_historical_r1i1p3f1_gn_185001-190012.nc;./GISS-E2-1-G/historical/tas_Amon_GISS-E2-1-G_historical_r1i1p3f1_gn_190101-195012.nc;./GISS-E2-1-G/historical/tas_Amon_GISS-E2-1-G_historical_r1i1p3f1_gn_195101-200012.nc;./GISS-E2-1-G/historical/tas_Amon_GISS-E2-1-G_historical_r1i1p3f1_gn_200101-201412.nc,Amon;Amon;Amon;Amon,gn;gn;gn;gn,185001-190012;190101-195012;195101-200012;200101-201412,./GISS-E2-1-G/historical/rsdt_Amon_GISS-E2-1-G_historical_r1i1p3f1_gn_185001-190012.nc;./GISS-E2-1-G/historical/rsdt_Amon_GISS-E2-1-G_historical_r1i1p3f1_gn_190101-195012.nc;./GISS-E2-1-G/historical/rsdt_Amon_GISS-E2-1-G_historical_r1i1p3f1_gn_195101-200012.nc;./GISS-E2-1-G/historical/rsdt_Amon_GISS-E2-1-G_historical_r1i1p3f1_gn_200101-201412.nc,Amon;Amon;Amon;Amon,gn;gn;gn;gn,185001-190012;190101-195012;195101-200012;200101-201412,./GISS-E2-1-G/historical/rlut_Amon_GISS-E2-1-G_historical_r1i1p3f1_gn_185001-190012.nc;./GISS-E2-1-G/historical/rlut_Amon_GISS-E2-1-G_historical_r1i1p3f1_gn_190101-195012.nc;./GISS-E2-1-G/historical/rlut_Amon_GISS-E2-1-G_historical_r1i1p3f1_gn_195101-200012.nc;./GISS-E2-1-G/historical/rlut_Amon_GISS-E2-1-G_historical_r1i1p3f1_gn_200101-201412.nc,Amon;Amon;Amon;Amon,gn;gn;gn;gn,185001-190012;190101-195012;195101-200012;200101-201412,./GISS-E2-1-G/historical/rsut_Amon_GISS-E2-1-G_historical_r1i1p3f1_gn_185001-190012.nc;./GISS-E2-1-G/historical/rsut_Amon_GISS-E2-1-G_historical_r1i1p3f1_gn_190101-195012.nc;./GISS-E2-1-G/historical/rsut_Amon_GISS-E2-1-G_historical_r1i1p3f1_gn_195101-200012.nc;./GISS-E2-1-G/historical/rsut_Amon_GISS-E2-1-G_historical_r1i1p3f1_gn_200101-201412.nc,Amon;Amon;Amon;Amon,gn;gn;gn;gn,185001-190012;190101-195012;195101-200012;200101-201412
GISS-E2-1-G,historical,r2i1p1f2,ambiguous,,tas;rsdt;rlut;rsut,./GISS-E2-1-G/historical/tas_Amon_GISS-E2-1-G_historical_r2i1p1f2_gn_185001-190012.nc;./GISS-E2-1-G/historical/tas_Amon_GISS-E2-1-G_historical_r2i1p1f2_gn_190101-195012.nc;./GISS-E2-1-G/historical/tas_Amon_GISS-E2-1-G_historical_r2i1p1f2_gn_195101-200012.nc;./GISS-E2-1-G/historical/tas_Amon_GISS-E2-1-G_historical_r2i1p1f2_gn_200101-201412.nc,Amon;Amon;Amon;Amon,gn;gn;gn;gn,185001-190012;190101-195012;195101-200012;200101-201412,./GISS-E2-1-G/historical/rsdt_Amon_GISS-E2-1-G_historical_r2i1p1f2_gn_185001-190012.nc;./GISS-E2-1-G/historical/rsdt_Amon_GISS-E2-1-G_historical_r2i1p1f2_gn_190101-195012.nc;./GISS-E2-1-G/historical/rsdt_Amon_GISS-E2-1-G_historical_r2i1p1f2_gn_195101-200012.nc;./GISS-E2-1-G/historical/rsdt_Amon_GISS-E2-1-G_historical_r2i1p1f2_gn_200101-201412.nc,Amon;Amon;Amon;Amon,gn;gn;gn;gn,185001-190012;190101-195012;195101-200012;200101-201412,./GISS-E2-1-G/historical/rlut_Amon_GISS-E2-1-G_historical_r2i1p1f2_gn_185001-190012.nc;./GISS-E2-1-G/historical/rlut_Amon_GISS-E2-1-G_historical_r2i1p1f2_gn_190101-195012.nc;./GISS-E2-1-G/historical/rlut_Amon_GISS-E2-1-G_historical_r2i1p1f2_gn_195101-200012.nc;./GISS-E2-1-G/historical/rlut_Amon_GISS-E2-1-G_historical_r2i1p1f2_gn_200101-201412.nc,Amon;Amon;Amon;Amon,gn;gn;gn;gn,185001-190012;190101-195012;195101-200012;200101-201412,./GISS-E2-1-G/historical/rsut_Amon_GISS-E2-1-G_historical_r2i1p1f2_gn_185001-190012.nc;./GISS-E2-1-G/historical/rsut_Amon_GISS-E2-1-G_historical_r2i1p1f2_gn_190101-195012.nc;./GISS-E2-1-G/historical/rsut_Amon_GISS-E2-1-G_historical_r2i1p1f2_gn_195101-200012.nc;./GISS-E2-1-G/historical/rsut_Amon_GISS-E2-1-G_historical_r2i1p1f2_gn_200101-201412.nc,Amon;Amon;Amon;Amon,gn;gn;gn;gn,185001-190012;190101-195012;195101-200012;200101-201412
GISS-E2-1-G,historical,r2i1p3f1,ambiguous,,tas;rsdt;rlut;rsut,./GISS-E2-1-G/historical/tas_Amon_GISS-E2-1-G_historical_r2i1p3f1_gn_185001-190012.nc;./GISS-E2-1-G/historical/tas_Amon_GISS-E2-1-G_historical_r2i1p3f1_gn_190101-195012.nc;./GISS-E2-1-G/historical/tas_Amon_GISS-E2-1-G_historical_r2i1p3f1_gn_195101-200012.nc;./GISS-E2-1-G/historical/tas_Amon_GISS-E2-1-G_historical_r2i1p3f1_gn_200101-201412.nc,Amon;Amon;Amon;Amon,gn;gn;gn;gn,185001-190012;190101-195012;195101-200012;200101-201412,./GISS-E2-1-G/historical/rsdt_Amon_GISS-E2-1-G_historical_r2i1p3f1_gn_185001-190012.nc;./GISS-E2-1-G/historical/rsdt_Amon_GISS-E2-1-G_historical_r2i1p3f1_gn_190101-195012.nc;./GISS-E2-1-G/historical/rsdt_Amon_GISS-E2-1-G_historical_r2i1p3f1_gn_195101-200012.nc;./GISS-E2-1-G/historical/rsdt_Amon_GISS-E2-1-G_historical_r2i1p3f1_gn_200101-201412.nc,Amon;Amon;Amon;Amon,gn;gn;gn;gn,185001-190012;190101-195012;195101-200012;200101-201412,./GISS-E2-1-G/historical/rlut_Amon_GISS-E2-1-G_historical_r2i1p3f1_gn_185001-190012.nc;./GISS-E2-1-G/historical/rlut_Amon_GISS-E2-1-G_historical_r2i1p3f1_gn_190101-195012.nc;./GISS-E2-1-G/historical/rlut_Amon_GISS-E2-1-G_historical_r2i1p3f1_gn_195101-200012.nc;./GISS-E2-1-G/historical/rlut_Amon_GISS-E2-1-G_historical_r2i1p3f1_gn_200101-201412.nc,Amon;Amon;Amon;Amon,gn;gn;gn;gn,185001-190012;190101-195012;195101-200012;200101-201412,./GISS-E2-1-G/historical/rsut_Amon_GISS-E2-1-G_historical_r2i1p3f1_gn_185001-190012.nc;./GISS-E2-1-G/historical/rsut_Amon_GISS-E2-1-G_historical_r2i1p3f1_gn_190101-195012.nc;./GISS-E2-1-G/historical/rsut_Amon_GISS-E2-1-G_historical_r2i1p3f1_gn_195101-200012.nc;./GISS-E2-1-G/historical/rsut_Amon_GISS-E2-1-G_historical_r2i1p3f1_gn_200101-201412.nc,Amon;Amon;Amon;Amon,gn;gn;gn;gn,185001-190012;190101-195012;195101-200012;200101-201412
GISS-E2-1-G,historical,r3i1p1f2,ambiguous,,tas;rsdt;rlut;rsut,./GISS-E2-1-G/historical/tas_Amon_GISS-E2-1-G_historical_r3i1p1f2_gn_185001-190012.nc;./GISS-E2-1-G/historical/tas_Amon_GISS-E2-1-G_historical_r3i1p1f2_gn_190101-195012.nc;./GISS-E2-1-G/historical/tas_Amon_GISS-E2-1-G_historical_r3i1p1f2_gn_195101-200012.nc;./GISS-E2-1-G/historical/tas_Amon_GISS-E2-1-G_historical_r3i1p1f2_gn_200101-201412.nc,Amon;Amon;Amon;Amon,gn;gn;gn;gn,185001-190012;190101-195012;195101-200012;200101-201412,./GISS-E2-1-G/historical/rsdt_Amon_GISS-E2-1-G_historical_r3i1p1f2_gn_185001-190012.nc;./GISS-E2-1-G/historical/rsdt_Amon_GISS-E2-1-G_historical_r3i1p1f2_gn_190101-195012.nc;./GISS-E2-1-G/historical/rsdt_Amon_GISS-E2-1-G_historical_r3i1p1f2_gn_195101-200012.nc;./GISS-E2-1-G/historical/rsdt_Amon_GISS-E2-1-G_historical_r3i1p1f2_gn_200101-201412.nc,Amon;Amon;Amon;Amon,gn;gn;gn;gn,185001-190012;190101-195012;195101-200012;200101-201412,./GISS-E2-1-G/historical/rlut_Amon_GISS-E2-1-G_historical_r3i1p1f2_gn_185001-190012.nc;./GISS-E2-1-G/historical/rlut_Amon_GISS-E2-1-G_historical_r3i1p1f2_gn_190101-195012.nc;./GISS-E2-1-G/historical/rlut_Amon_GISS-E2-1-G_historical_r3i1p1f2_gn_195101-200012.nc;./GISS-E2-1-G/historical/rlut_Amon_GISS-E2-1-G_historical_r3i1p1f2_gn_200101-201412.nc,Amon;Amon;Amon;Amon,gn;gn;gn;gn,185001-190012;190101-195012;195101-200012;200101-201412,./GISS-E2-1-G/historical/rsut_Amon_GISS-E2-1-G_historical_r3i1p1f2_gn_185001-190012.nc;./GISS-E2-1-G/historical/rsut_Amon_GISS-E2-1-G_historical_r3i1p1f2_gn_190101-195012.nc;./GISS-E2-1-G/historical/rsut_Amon_GISS-E2-1-G_historical_r3i1p1f2_gn_195101-200012.nc;./GISS-E2-1-G/historical/rsut_Amon_GISS-E2-1-G_historical_r3i1p1f2_gn_200101-201412.nc,Amon;Amon;Amon;Amon,gn;gn;gn;gn,185001-190012;190101-195012;195101-200012;200101-201412
GISS-E2-1-G,historical,r3i1p3f1,ambiguous,,tas;rsdt;rlut;rsut,./GISS-E2-1-G/historical/tas_Amon_GISS-E2-1-G_historical_r3i1p3f1_gn_185001-190012.nc;./GISS-E2-1-G/historical/tas_Amon_GISS-E2-1-G_historical_r3i1p3f1_gn_190101-195012.nc;./GISS-E2-1-G/historical/tas_Amon_GISS-E2-1-G_historical_r3i1p3f1_gn_195101-200012.nc;./GISS-E2-1-G/historical/tas_Amon_GISS-E2-1-G_historical_r3i1p3f1_gn_200101-201412.nc,Amon;Amon;Amon;Amon,gn;gn;gn;gn,185001-190012;190101-195012;195101-200012;200101-201412,./GISS-E2-1-G/historical/rsdt_Amon_GISS-E2-1-G_historical_r3i1p3f1_gn_185001-190012.nc;./GISS-E2-1-G/historical/rsdt_Amon_GISS-E2-1-G_historical_r3i1p3f1_gn_190101-195012.nc;./GISS-E2-1-G/historical/rsdt_Amon_GISS-E2-1-G_historical_r3i1p3f1_gn_195101-200012.nc;./GISS-E2-1-G/historical/rsdt_Amon_GISS-E2-1-G_historical_r3i1p3f1_gn_200101-201412.nc,Amon;Amon;Amon;Amon,gn;gn;gn;gn,185001-190012;190101-195012;195101-200012;200101-201412,./GISS-E2-1-G/historical/rlut_Amon_GISS-E2-1-G_historical_r3i1p3f1_gn_185001-190012.nc;./GISS-E2-1-G/historical/rlut_Amon_GISS-E2-1-G_historical_r3i1p3f1_gn_190101-195012.nc;./GISS-E2-1-G/historical/rlut_Amon_GISS-E2-1-G_historical_r3i1p3f1_gn_195101-200012.nc;./GISS-E2-1-G/historical/rlut_Amon_GISS-E2-1-G_historical_r3i1p3f1_gn_200101-201412.nc,Amon;Amon;Amon;Amon,gn;gn;gn;gn,185001-190012;190101-195012;195101-200012;200101-201412,./GISS-E2-1-G/historical/rsut_Amon_GISS-E2-1-G_historical_r3i1p3f1_gn_185001-190012.nc;./GISS-E2-1-G/historical/rsut_Amon_GISS-E2-1-G_historical_r3i1p3f1_gn_190101-195012.nc;./GISS-E2-1-G/historical/rsut_Amon_GISS-E2-1-G_historical_r3i1p3f1_gn_195101-200012.nc;./GISS-E2-1-G/historical/rsut_Amon_GISS-E2-1-G_historical_r3i1p3f1_gn_200101-201412.nc,Amon;Amon;Amon;Amon,gn;gn;gn;gn,185001-190012;190101-195012;195101-200012;200101-201412
GISS-E2-1-G,historical,r4i1p1f2,ambiguous,,tas;rsdt;rlut;rsut,./GISS-E2-1-G/historical/tas_Amon_GISS-E2-1-G_historical_r4i1p1f2_gn_185001-190012.nc;./GISS-E2-1-G/historical/tas_Amon_GISS-E2-1-G_historical_r4i1p1f2_gn_190101-195012.nc;./GISS-E2-1-G/historical/tas_Amon_GISS-E2-1-G_historical_r4i1p1f2_gn_195101-200012.nc;./GISS-E2-1-G/historical/tas_Amon_GISS-E2-1-G_historical_r4i1p1f2_gn_200101-201412.nc,Amon;Amon;Amon;Amon,gn;gn;gn;gn,185001-190012;190101-195012;195101-200012;200101-201412,./GISS-E2-1-G/historical/rsdt_Amon_GISS-E2-1-G_historical_r4i1p1f2_gn_185001-190012.nc;./GISS-E2-1-G/historical/rsdt_Amon_GISS-E2-1-G_historical_r4i1p1f2_gn_190101-195012.nc;./GISS-E2-1-G/historical/rsdt_Amon_GISS-E2-1-G_historical_r4i1p1f2_gn_195101-200012.nc;./GISS-E2-1-G/historical/rsdt_Amon_GISS-E2-1-G_historical_r4i1p1f2_gn_200101-201412.nc,Amon;Amon;Amon;Amon,gn;gn;gn;gn,185001-190012;190101-195012;195101-200012;200101-201412,./GISS-E2-1-G/historical/rlut_Amon_GISS-E2-1-G_historical_r4i1p1f2_gn_185001-190012.nc;./GISS-E2-1-G/historical/rlut_Amon_GISS-E2-1-G_historical_r4i1p1f2_gn_190101-195012.nc;./GISS-E2-1-G/historical/rlut_Amon_GISS-E2-1-G_historical_r4i1p1f2_gn_195101-200012.nc;./GISS-E2-1-G/historical/rlut_Amon_GISS-E2-1-G_historical_r4i1p1f2_gn_200101-201412.nc,Amon;Amon;Amon;Amon,gn;gn;gn;gn,185001-190012;190101-195012;195101-200012;200101-201412,./GISS-E2-1-G/historical/rsut_Amon_GISS-E2-1-G_historical_r4i1p1f2_gn_185001-190012.nc;./GISS-E2-1-G/historical/rsut_Amon_GISS-E2-1-G_historical_r4i1p1f2_gn_190101-195012.nc;./GISS-E2-1-G/historical/rsut_Amon_GISS-E2-1-G_historical_r4i1p1f2_gn_195101-200012.nc;./GISS-E2-1-G/historical/rsut_Amon_GISS-E2-1-G_historical_r4i1p1f2_gn_200101-201412.nc,Amon;Amon;Amon;Amon,gn;gn;gn;gn,185001-190012;190101-195012;195101-200012;200101-201412
GISS-E2-1-G,historical,r4i1p3f1,ambiguous,,tas;rsdt;rlut;rsut,./GISS-E2-1-G/historical/tas_Amon_GISS-E2-1-G_historical_r4i1p3f1_gn_185001-190012.nc;./GISS-E2-1-G/historical/tas_Amon_GISS-E2-1-G_historical_r4i1p3f1_gn_190101-195012.nc;./GISS-E2-1-G/historical/tas_Amon_GISS-E2-1-G_historical_r4i1p3f1_gn_195101-200012.nc;./GISS-E2-1-G/historical/tas_Amon_GISS-E2-1-G_historical_r4i1p3f1_gn_200101-201412.nc,Amon;Amon;Amon;Amon,gn;gn;gn;gn,185001-190012;190101-195012;195101-200012;200101-201412,./GISS-E2-1-G/historical/rsdt_Amon_GISS-E2-1-G_historical_r4i1p3f1_gn_185001-190012.nc;./GISS-E2-1-G/historical/rsdt_Amon_GISS-E2-1-G_historical_r4i1p3f1_gn_190101-195012.nc;./GISS-E2-1-G/historical/rsdt_Amon_GISS-E2-1-G_historical_r4i1p3f1_gn_195101-200012.nc;./GISS-E2-1-G/historical/rsdt_Amon_GISS-E2-1-G_historical_r4i1p3f1_gn_200101-201412.nc,Amon;Amon;Amon;Amon,gn;gn;gn;gn,185001-190012;190101-195012;195101-200012;200101-201412,./GISS-E2-1-G/historical/rlut_Amon_GISS-E2-1-G_historical_r4i1p3f1_gn_185001-190012.nc;./GISS-E2-1-G/historical/rlut_Amon_GISS-E2-1-G_historical_r4i1p3f1_gn_190101-195012.nc;./GISS-E2-1-G/historical/rlut_Amon_GISS-E2-1-G_historical_r4i1p3f1_gn_195101-200012.nc;./GISS-E2-1-G/historical/rlut_Amon_GISS-E2-1-G_historical_r4i1p3f1_gn_200101-201412.nc,Amon;Amon;Amon;Amon,gn;gn;gn;gn,185001-190012;190101-195012;195101-200012;200101-201412,./GISS-E2-1-G/historical/rsut_Amon_GISS-E2-1-G_historical_r4i1p3f1_gn_185001-190012.nc;./GISS-E2-1-G/historical/rsut_Amon_GISS-E2-1-G_historical_r4i1p3f1_gn_190101-195012.nc;./GISS-E2-1-G/historical/rsut_Amon_GISS-E2-1-G_historical_r4i1p3f1_gn_195101-200012.nc;./GISS-E2-1-G/historical/rsut_Amon_GISS-E2-1-G_historical_r4i1p3f1_gn_200101-201412.nc,Amon;Amon;Amon;Amon,gn;gn;gn;gn,185001-190012;190101-195012;195101-200012;200101-201412
GISS-E2-1-G,historical,r5i1p1f2,ambiguous,,tas;rsdt;rlut;rsut,./GISS-E2-1-G/historical/tas_Amon_GISS-E2-1-G_historical_r5i1p1f2_gn_185001-190012.nc;./GISS-E2-1-G/historical/tas_Amon_GISS-E2-1-G_historical_r5i1p1f2_gn_190101-195012.nc;./GISS-E2-1-G/historical/tas_Amon_GISS-E2-1-G_historical_r5i1p1f2_gn_195101-200012.nc;./GISS-E2-1-G/historical/tas_Amon_GISS-E2-1-G_historical_r5i1p1f2_gn_200101-201412.nc,Amon;Amon;Amon;Amon,gn;gn;gn;gn,185001-190012;190101-195012;195101-200012;200101-201412,./GISS-E2-1-G/historical/rsdt_Amon_GISS-E2-1-G_historical_r5i1p1f2_gn_185001-190012.nc;./GISS-E2-1-G/historical/rsdt_Amon_GISS-E2-1-G_historical_r5i1p1f2_gn_190101-195012.nc;./GISS-E2-1-G/historical/rsdt_Amon_GISS-E2-1-G_historical_r5i1p1f2_gn_195101-200012.nc;./GISS-E2-1-G/historical/rsdt_Amon_GISS-E2-1-G_historical_r5i1p1f2_gn_200101-201412.nc,Amon;Amon;Amon;Amon,gn;gn;gn;gn,185001-190012;190101-195012;195101-200012;200101-201412,./GISS-E2-1-G/historical/rlut_Amon_GISS-E2-1-G_historical_r5i1p1f2_gn_185001-190012.nc;./GISS-E2-1-G/historical/rlut_Amon_GISS-E2-1-G_historical_r5i1p1f2_gn_190101-195012.nc;./GISS-E2-1-G/historical/rlut_Amon_GISS-E2-1-G_historical_r5i1p1f2_gn_195101-200012.nc;./GISS-E2-1-G/historical/rlut_Amon_GISS-E2-1-G_historical_r5i1p1f2_gn_200101-201412.nc,Amon;Amon;Amon;Amon,gn;gn;gn;gn,185001-190012;190101-195012;195101-200012;200101-201412,./GISS-E2-1-G/historical/rsut_Amon_GISS-E2-1-G_historical_r5i1p1f2_gn_185001-190012.nc;./GISS-E2-1-G/historical/rsut_Amon_GISS-E2-1-G_historical_r5i1p1f2_gn_190101-195012.nc;./GISS-E2-1-G/historical/rsut_Amon_GISS-E2-1-G_historical_r5i1p1f2_gn_195101-200012.nc;./GISS-E2-1-G/historical/rsut_Amon_GISS-E2-1-G_historical_r5i1p1f2_gn_200101-201412.nc,Amon;Amon;Amon;Amon,gn;gn;gn;gn,185001-190012;190101-195012;195101-200012;200101-201412
GISS-E2-1-G,historical,r5i1p3f1,ambiguous,,tas;rsdt;rlut;rsut,./GISS-E2-1-G/historical/tas_Amon_GISS-E2-1-G_historical_r5i1p3f1_gn_185001-190012.nc;./GISS-E2-1-G/historical/tas_Amon_GISS-E2-1-G_historical_r5i1p3f1_gn_190101-195012.nc;./GISS-E2-1-G/historical/tas_Amon_GISS-E2-1-G_historical_r5i1p3f1_gn_195101-200012.nc;./GISS-E2-1-G/historical/tas_Amon_GISS-E2-1-G_historical_r5i1p3f1_gn_200101-201412.nc,Amon;Amon;Amon;Amon,gn;gn;gn;gn,185001-190012;190101-195012;195101-200012;200101-201412,./GISS-E2-1-G/historical/rsdt_Amon_GISS-E2-1-G_historical_r5i1p3f1_gn_185001-190012.nc;./GISS-E2-1-G/historical/rsdt_Amon_GISS-E2-1-G_historical_r5i1p3f1_gn_190101-195012.nc;./GISS-E2-1-G/historical/rsdt_Amon_GISS-E2-1-G_historical_r5i1p3f1_gn_195101-200012.nc;./GISS-E2-1-G/historical/rsdt_Amon_GISS-E2-1-G_historical_r5i1p3f1_gn_200101-201412.nc,Amon;Amon;Amon;Amon,gn;gn;gn;gn,185001-190012;190101-195012;195101-200012;200101-201412,./GISS-E2-1-G/historical/rlut_Amon_GISS-E2-1-G_historical_r5i1p3f1_gn_185001-190012.nc;./GISS-E2-1-G/historical/rlut_Amon_GISS-E2-1-G_historical_r5i1p3f1_gn_190101-195012.nc;./GISS-E2-1-G/historical/rlut_Amon_GISS-E2-1-G_historical_r5i1p3f1_gn_195101-200012.nc;./GISS-E2-1-G/historical/rlut_Amon_GISS-E2-1-G_historical_r5i1p3f1_gn_200101-201412.nc,Amon;Amon;Amon;Amon,gn;gn;gn;gn,185001-190012;190101-195012;195101-200012;200101-201412,./GISS-E2-1-G/historical/rsut_Amon_GISS-E2-1-G_historical_r5i1p3f1_gn_185001-190012.nc;./GISS-E2-1-G/historical/rsut_Amon_GISS-E2-1-G_historical_r5i1p3f1_gn_190101-195012.nc;./GISS-E2-1-G/historical/rsut_Amon_GISS-E2-1-G_historical_r5i1p3f1_gn_195101-200012.nc;./GISS-E2-1-G/historical/rsut_Amon_GISS-E2-1-G_historical_r5i1p3f1_gn_200101-201412.nc,Amon;Amon;Amon;Amon,gn;gn;gn;gn,185001-190012;190101-195012;195101-200012;200101-201412
GISS-E2-1-G,historical,r6i1p1f2,ambiguous,,tas;rsdt;rlut;rsut,./GISS-E2-1-G/historical/tas_Amon_GISS-E2-1-G_historical_r6i1p1f2_gn_185001-190012.nc;./GISS-E2-1-G/historical/tas_Amon_GISS-E2-1-G_historical_r6i1p1f2_gn_190101-195012.nc;./GISS-E2-1-G/historical/tas_Amon_GISS-E2-1-G_historical_r6i1p1f2_gn_195101-200012.nc;./GISS-E2-1-G/historical/tas_Amon_GISS-E2-1-G_historical_r6i1p1f2_gn_200101-201412.nc,Amon;Amon;Amon;Amon,gn;gn;gn;gn,185001-190012;190101-195012;195101-200012;200101-201412,./GISS-E2-1-G/historical/rsdt_Amon_GISS-E2-1-G_historical_r6i1p1f2_gn_185001-190012.nc;./GISS-E2-1-G/historical/rsdt_Amon_GISS-E2-1-G_historical_r6i1p1f2_gn_190101-195012.nc;./GISS-E2-1-G/historical/rsdt_Amon_GISS-E2-1-G_historical_r6i1p1f2_gn_195101-200012.nc;./GISS-E2-1-G/historical/rsdt_Amon_GISS-E2-1-G_historical_r6i1p1f2_gn_200101-201412.nc,Amon;Amon;Amon;Amon,gn;gn;gn;gn,185001-190012;190101-195012;195101-200012;200101-201412,./GISS-E2-1-G/historical/rlut_Amon_GISS-E2-1-G_historical_r6i1p1f2_gn_185001-190012.nc;./GISS-E2-1-G/historical/rlut_Amon_GISS-E2-1-G_historical_r6i1p1f2_gn_190101-195012.nc;./GISS-E2-1-G/historical/rlut_Amon_GISS-E2-1-G_historical_r6i1p1f2_gn_195101-200012.nc;./GISS-E2-1-G/historical/rlut_Amon_GISS-E2-1-G_historical_r6i1p1f2_gn_200101-201412.nc,Amon;Amon;Amon;Amon,gn;gn;gn;gn,185001-190012;190101-195012;195101-200012;200101-201412,./GISS-E2-1-G/historical/rsut_Amon_GISS-E2-1-G_historical_r6i1p1f2_gn_185001-190012.nc;./GISS-E2-1-G/historical/rsut_Amon_GISS-E2-1-G_historical_r6i1p1f2_gn_190101-195012.nc;./GISS-E2-1-G/historical/rsut_Amon_GISS-E2-1-G_historical_r6i1p1f2_gn_195101-200012.nc;./GISS-E2-1-G/historical/rsut_Amon_GISS-E2-1-G_historical_r6i1p1f2_gn_200101-201412.nc,Amon;Amon;Amon;Amon,gn;gn;gn;gn,185001-190012;190101-195012;195101-200012;200101-201412
GISS-E2-1-G,historical,r6i1p3f1,ambiguous,,tas;rsdt;rlut;rsut,./GISS-E2-1-G/historical/tas_Amon_GISS-E2-1-G_historical_r6i1p3f1_gn_185001-190012.nc;./GISS-E2-1-G/historical/tas_Amon_GISS-E2-1-G_historical_r6i1p3f1_gn_190101-195012.nc;./GISS-E2-1-G/historical/tas_Amon_GISS-E2-1-G_historical_r6i1p3f1_gn_195101-200012.nc;./GISS-E2-1-G/historical/tas_Amon_GISS-E2-1-G_historical_r6i1p3f1_gn_200101-201412.nc,Amon;Amon;Amon;Amon,gn;gn;gn;gn,185001-190012;190101-195012;195101-200012;200101-201412,./GISS-E2-1-G/historical/rsdt_Amon_GISS-E2-1-G_historical_r6i1p3f1_gn_185001-190012.nc;./GISS-E2-1-G/historical/rsdt_Amon_GISS-E2-1-G_historical_r6i1p3f1_gn_190101-195012.nc;./GISS-E2-1-G/historical/rsdt_Amon_GISS-E2-1-G_historical_r6i1p3f1_gn_195101-200012.nc;./GISS-E2-1-G/historical/rsdt_Amon_GISS-E2-1-G_historical_r6i1p3f1_gn_200101-201412.nc,Amon;Amon;Amon;Amon,gn;gn;gn;gn,185001-190012;190101-195012;195101-200012;200101-201412,./GISS-E2-1-G/historical/rlut_Amon_GISS-E2-1-G_historical_r6i1p3f1_gn_185001-190012.nc;./GISS-E2-1-G/historical/rlut_Amon_GISS-E2-1-G_historical_r6i1p3f1_gn_190101-195012.nc;./GISS-E2-1-G/historical/rlut_Amon_GISS-E2-1-G_historical_r6i1p3f1_gn_195101-200012.nc;./GISS-E2-1-G/historical/rlut_Amon_GISS-E2-1-G_historical_r6i1p3f1_gn_200101-201412.nc,Amon;Amon;Amon;Amon,gn;gn;gn;gn,185001-190012;190101-195012;195101-200012;200101-201412,./GISS-E2-1-G/historical/rsut_Amon_GISS-E2-1-G_historical_r6i1p3f1_gn_185001-190012.nc;./GISS-E2-1-G/historical/rsut_Amon_GISS-E2-1-G_historical_r6i1p3f1_gn_190101-195012.nc;./GISS-E2-1-G/historical/rsut_Amon_GISS-E2-1-G_historical_r6i1p3f1_gn_195101-200012.nc;./GISS-E2-1-G/historical/rsut_Amon_GISS-E2-1-G_historical_r6i1p3f1_gn_200101-201412.nc,Amon;Amon;Amon;Amon,gn;gn;gn;gn,185001-190012;190101-195012;195101-200012;200101-201412
GISS-E2-1-G,historical,r7i1p1f2,ambiguous,,tas;rsdt;rlut;rsut,./GISS-E2-1-G/historical/tas_Amon_GISS-E2-1-G_historical_r7i1p1f2_gn_185001-190012.nc;./GISS-E2-1-G/historical/tas_Amon_GISS-E2-1-G_historical_r7i1p1f2_gn_190101-195012.nc;./GISS-E2-1-G/historical/tas_Amon_GISS-E2-1-G_historical_r7i1p1f2_gn_195101-200012.nc;./GISS-E2-1-G/historical/tas_Amon_GISS-E2-1-G_historical_r7i1p1f2_gn_200101-201412.nc,Amon;Amon;Amon;Amon,gn;gn;gn;gn,185001-190012;190101-195012;195101-200012;200101-201412,./GISS-E2-1-G/historical/rsdt_Amon_GISS-E2-1-G_historical_r7i1p1f2_gn_185001-190012.nc;./GISS-E2-1-G/historical/rsdt_Amon_GISS-E2-1-G_historical_r7i1p1f2_gn_190101-195012.nc;./GISS-E2-1-G/historical/rsdt_Amon_GISS-E2-1-G_historical_r7i1p1f2_gn_195101-200012.nc;./GISS-E2-1-G/historical/rsdt_Amon_GISS-E2-1-G_historical_r7i1p1f2_gn_200101-201412.nc,Amon;Amon;Amon;Amon,gn;gn;gn;gn,185001-190012;190101-195012;195101-200012;200101-201412,./GISS-E2-1-G/historical/rlut_Amon_GISS-E2-1-G_historical_r7i1p1f2_gn_185001-190012.nc;./GISS-E2-1-G/historical/rlut_Amon_GISS-E2-1-G_historical_r7i1p1f2_gn_190101-195012.nc;./GISS-E2-1-G/historical/rlut_Amon_GISS-E2-1-G_historical_r7i1p1f2_gn_195101-200012.nc;./GISS-E2-1-G/historical/rlut_Amon_GISS-E2-1-G_historical_r7i1p1f2_gn_200101-201412.nc,Amon;Amon;Amon;Amon,gn;gn;gn;gn,185001-190012;190101-195012;195101-200012;200101-201412,./GISS-E2-1-G/historical/rsut_Amon_GISS-E2-1-G_historical_r7i1p1f2_gn_185001-190012.nc;./GISS-E2-1-G/historical/rsut_Amon_GISS-E2-1-G_historical_r7i1p1f2_gn_190101-195012.nc;./GISS-E2-1-G/historical/rsut_Amon_GISS-E2-1-G_historical_r7i1p1f2_gn_195101-200012.nc;./GISS-E2-1-G/historical/rsut_Amon_GISS-E2-1-G_historical_r7i1p1f2_gn_200101-201412.nc,Amon;Amon;Amon;Amon,gn;gn;gn;gn,185001-190012;190101-195012;195101-200012;200101-201412
GISS-E2-1-G,historical,r7i1p3f1,ambiguous,,tas;rsdt;rlut;rsut,./GISS-E2-1-G/historical/tas_Amon_GISS-E2-1-G_historical_r7i1p3f1_gn_185001-190012.nc;./GISS-E2-1-G/historical/tas_Amon_GISS-E2-1-G_historical_r7i1p3f1_gn_190101-195012.nc;./GISS-E2-1-G/historical/tas_Amon_GISS-E2-1-G_historical_r7i1p3f1_gn_200101-201412.nc,Amon;Amon;Amon,gn;gn;gn,185001-190012;190101-195012;200101-201412,./GISS-E2-1-G/historical/rsdt_Amon_GISS-E2-1-G_historical_r7i1p3f1_gn_185001-190012.nc;./GISS-E2-1-G/historical/rsdt_Amon_GISS-E2-1-G_historical_r7i1p3f1_gn_190101-195012.nc;./GISS-E2-1-G/historical/rsdt_Amon_GISS-E2-1-G_historical_r7i1p3f1_gn_200101-201412.nc,Amon;Amon;Amon,gn;gn;gn,185001-190012;190101-195012;200101-201412,./GISS-E2-1-G/historical/rlut_Amon_GISS-E2-1-G_historical_r7i1p3f1_gn_185001-190012.nc;./GISS-E2-1-G/historical/rlut_Amon_GISS-E2-1-G_historical_r7i1p3f1_gn_190101-195012.nc;./GISS-E2-1-G/historical/rlut_Amon_GISS-E2-1-G_historical_r7i1p3f1_gn_200101-201412.nc,Amon;Amon;Amon,gn;gn;gn,185001-190012;190101-195012;200101-201412,./GISS-E2-1-G/historical/rsut_Amon_GISS-E2-1-G_historical_r7i1p3f1_gn_185001-190012.nc;./GISS-E2-1-G/historical/rsut_Amon_GISS-E2-1-G_historical_r7i1p3f1_gn_190101-195012.nc;./GISS-E2-1-G/historical/rsut_Amon_GISS-E2-1-G_historical_r7i1p3f1_gn_200101-201412.nc,Amon;Amon;Amon,gn;gn;gn,185001-190012;190101-195012;200101-201412
GISS-E2-1-G,historical,r8i1p1f2,ambiguous,,tas;rsdt;rlut;rsut,./GISS-E2-1-G/historical/tas_Amon_GISS-E2-1-G_historical_r8i1p1f2_gn_185001-190012.nc;./GISS-E2-1-G/historical/tas_Amon_GISS-E2-1-G_historical_r8i1p1f2_gn_190101-195012.nc;./GISS-E2-1-G/historical/tas_Amon_GISS-E2-1-G_historical_r8i1p1f2_gn_195101-200012.nc;./GISS-E2-1-G/historical/tas_Amon_GISS-E2-1-G_historical_r8i1p1f2_gn_200101-201412.nc,Amon;Amon;Amon;Amon,gn;gn;gn;gn,185001-190012;190101-195012;195101-200012;200101-201412,./GISS-E2-1-G/historical/rsdt_Amon_GISS-E2-1-G_historical_r8i1p1f2_gn_185001-190012.nc;./GISS-E2-1-G/historical/rsdt_Amon_GISS-E2-1-G_historical_r8i1p1f2_gn_190101-195012.nc;./GISS-E2-1-G/historical/rsdt_Amon_GISS-E2-1-G_historical_r8i1p1f2_gn_195101-200012.nc;./GISS-E2-1-G/historical/rsdt_Amon_GISS-E2-1-G_historical_r8i1p1f2_gn_200101-201412.nc,Amon;Amon;Amon;Amon,gn;gn;gn;gn,185001-190012;190101-195012;195101-200012;200101-201412,./GISS-E2-1-G/historical/rlut_Amon_GISS-E2-1-G_historical_r8i1p1f2_gn_185001-190012.nc;./GISS-E2-1-G/historical/rlut_Amon_GISS-E2-1-G_historical_r8i1p1f2_gn_190101-195012.nc;./GISS-E2-1-G/historical/rlut_Amon_GISS-E2-1-G_historical_r8i1p1f2_gn_195101-200012.nc;./GISS-E2-1-G/historical/rlut_Amon_GISS-E2-1-G_historical_r8i1p1f2_gn_200101-201412.nc,Amon;Amon;Amon;Amon,gn;gn;gn;gn,185001-190012;190101-195012;195101-200012;200101-201412,./GISS-E2-1-G/historical/rsut_Amon_GISS-E2-1-G_historical_r8i1p1f2_gn_185001-190012.nc;./GISS-E2-1-G/historical/rsut_Amon_GISS-E2-1-G_historical_r8i1p1f2_gn_190101-195012.nc;./GISS-E2-1-G/historical/rsut_Amon_GISS-E2-1-G_historical_r8i1p1f2_gn_195101-200012.nc;./GISS-E2-1-G/historical/rsut_Amon_GISS-E2-1-G_historical_r8i1p1f2_gn_200101-201412.nc,Amon;Amon;Amon;Amon,gn;gn;gn;gn,185001-190012;190101-195012;195101-200012;200101-201412
GISS-E2-1-G,historical,r8i1p3f1,ambiguous,,tas;rsdt;rlut;rsut,./GISS-E2-1-G/historical/tas_Amon_GISS-E2-1-G_historical_r8i1p3f1_gn_185001-190012.nc;./GISS-E2-1-G/historical/tas_Amon_GISS-E2-1-G_historical_r8i1p3f1_gn_190101-195012.nc;./GISS-E2-1-G/historical/tas_Amon_GISS-E2-1-G_historical_r8i1p3f1_gn_195101-200012.nc;./GISS-E2-1-G/historical/tas_Amon_GISS-E2-1-G_historical_r8i1p3f1_gn_200101-201412.nc,Amon;Amon;Amon;Amon,gn;gn;gn;gn,185001-190012;190101-195012;195101-200012;200101-201412,./GISS-E2-1-G/historical/rsdt_Amon_GISS-E2-1-G_historical_r8i1p3f1_gn_185001-190012.nc;./GISS-E2-1-G/historical/rsdt_Amon_GISS-E2-1-G_historical_r8i1p3f1_gn_190101-195012.nc;./GISS-E2-1-G/historical/rsdt_Amon_GISS-E2-1-G_historical_r8i1p3f1_gn_195101-200012.nc;./GISS-E2-1-G/historical/rsdt_Amon_GISS-E2-1-G_historical_r8i1p3f1_gn_200101-201412.nc,Amon;Amon;Amon;Amon,gn;gn;gn;gn,185001-190012;190101-195012;195101-200012;200101-201412,./GISS-E2-1-G/historical/rlut_Amon_GISS-E2-1-G_historical_r8i1p3f1_gn_185001-190012.nc;./GISS-E2-1-G/historical/rlut_Amon_GISS-E2-1-G_historical_r8i1p3f1_gn_190101-195012.nc;./GISS-E2-1-G/historical/rlut_Amon_GISS-E2-1-G_historical_r8i1p3f1_gn_195101-200012.nc;./GISS-E2-1-G/historical/rlut_Amon_GISS-E2-1-G_historical_r8i1p3f1_gn_200101-201412.nc,Amon;Amon;Amon;Amon,gn;gn;gn;gn,185001-190012;190101-195012;195101-200012;200101-201412,./GISS-E2-1-G/historical/rsut_Amon_GISS-E2-1-G_historical_r8i1p3f1_gn_185001-190012.nc;./GISS-E2-1-G/historical/rsut_Amon_GISS-E2-1-G_historical_r8i1p3f1_gn_190101-195012.nc;./GISS-E2-1-G/historical/rsut_Amon_GISS-E2-1-G_historical_r8i1p3f1_gn_195101-200012.nc;./GISS-E2-1-G/historical/rsut_Amon_GISS-E2-1-G_historical_r8i1p3f1_gn_200101-201412.nc,Amon;Amon;Amon;Amon,gn;gn;gn;gn,185001-190012;190101-195012;195101-200012;200101-201412
GISS-E2-1-G,historical,r9i1p1f2,ambiguous,,tas;rsdt;rlut;rsut,./GISS-E2-1-G/historical/tas_Amon_GISS-E2-1-G_historical_r9i1p1f2_gn_185001-190012.nc;./GISS-E2-1-G/historical/tas_Amon_GISS-E2-1-G_historical_r9i1p1f2_gn_190101-195012.nc;./GISS-E2-1-G/historical/tas_Amon_GISS-E2-1-G_historical_r9i1p1f2_gn_195101-200012.nc;./GISS-E2-1-G/historical/tas_Amon_GISS-E2-1-G_historical_r9i1p1f2_gn_200101-201412.nc,Amon;Amon;Amon;Amon,gn;gn;gn;gn,185001-190012;190101-195012;195101-200012;200101-201412,./GISS-E2-1-G/historical/rsdt_Amon_GISS-E2-1-G_historical_r9i1p1f2_gn_185001-190012.nc;./GISS-E2-1-G/historical/rsdt_Amon_GISS-E2-1-G_historical_r9i1p1f2_gn_190101-195012.nc;./GISS-E2-1-G/historical/rsdt_Amon_GISS-E2-1-G_historical_r9i1p1f2_gn_195101-200012.nc;./GISS-E2-1-G/historical/rsdt_Amon_GISS-E2-1-G_historical_r9i1p1f2_gn_200101-201412.nc,Amon;Amon;Amon;Amon,gn;gn;gn;gn,185001-190012;190101-195012;195101-200012;200101-201412,./GISS-E2-1-G/historical/rlut_Amon_GISS-E2-1-G_historical_r9i1p1f2_gn_185001-190012.nc;./GISS-E2-1-G/historical/rlut_Amon_GISS-E2-1-G_historical_r9i1p1f2_gn_190101-195012.nc;./GISS-E2-1-G/historical/rlut_Amon_GISS-E2-1-G_historical_r9i1p1f2_gn_195101-200012.nc;./GISS-E2-1-G/historical/rlut_Amon_GISS-E2-1-G_historical_r9i1p1f2_gn_200101-201412.nc,Amon;Amon;Amon;Amon,gn;gn;gn;gn,185001-190012;190101-195012;195101-200012;200101-201412,./GISS-E2-1-G/historical/rsut_Amon_GISS-E2-1-G_historical_r9i1p1f2_gn_185001-190012.nc;./GISS-E2-1-G/historical/rsut_Amon_GISS-E2-1-G_historical_r9i1p1f2_gn_190101-195012.nc;./GISS-E2-1-G/historical/rsut_Amon_GISS-E2-1-G_historical_r9i1p1f2_gn_195101-200012.nc;./GISS-E2-1-G/historical/rsut_Amon_GISS-E2-1-G_historical_r9i1p1f2_gn_200101-201412.nc,Amon;Amon;Amon;Amon,gn;gn;gn;gn,185001-190012;190101-195012;195101-200012;200101-201412
GISS-E2-1-G,historical,r9i1p3f1,ambiguous,,tas;rsdt;rlut;rsut,./GISS-E2-1-G/historical/tas_Amon_GISS-E2-1-G_historical_r9i1p3f1_gn_185001-190012.nc;./GISS-E2-1-G/historical/tas_Amon_GISS-E2-1-G_historical_r9i1p3f1_gn_190101-195012.nc;./GISS-E2-1-G/historical/tas_Amon_GISS-E2-1-G_historical_r9i1p3f1_gn_195101-200012.nc;./GISS-E2-1-G/historical/tas_Amon_GISS-E2-1-G_historical_r9i1p3f1_gn_200101-201412.nc,Amon;Amon;Amon;Amon,gn;gn;gn;gn,185001-190012;190101-195012;195101-200012;200101-201412,./GISS-E2-1-G/historical/rsdt_Amon_GISS-E2-1-G_historical_r9i1p3f1_gn_185001-190012.nc;./GISS-E2-1-G/historical/rsdt_Amon_GISS-E2-1-G_historical_r9i1p3f1_gn_190101-195012.nc;./GISS-E2-1-G/historical/rsdt_Amon_GISS-E2-1-G_historical_r9i1p3f1_gn_195101-200012.nc;./GISS-E2-1-G/historical/rsdt_Amon_GISS-E2-1-G_historical_r9i1p3f1_gn_200101-201412.nc,Amon;Amon;Amon;Amon,gn;gn;gn;gn,185001-190012;190101-195012;195101-200012;200101-201412,./GISS-E2-1-G/historical/rlut_Amon_GISS-E2-1-G_historical_r9i1p3f1_gn_185001-190012.nc;./GISS-E2-1-G/historical/rlut_Amon_GISS-E2-1-G_historical_r9i1p3f1_gn_190101-195012.nc;./GISS-E2-1-G/historical/rlut_Amon_GISS-E2-1-G_historical_r9i1p3f1_gn_195101-200012.nc;./GISS-E2-1-G/historical/rlut_Amon_GISS-E2-1-G_historical_r9i1p3f1_gn_200101-201412.nc,Amon;Amon;Amon;Amon,gn;gn;gn;gn,185001-190012;190101-195012;195101-200012;200101-201412,./GISS-E2-1-G/historical/rsut_Amon_GISS-E2-1-G_historical_r9i1p3f1_gn_185001-190012.nc;./GISS-E2-1-G/historical/rsut_Amon_GISS-E2-1-G_historical_r9i1p3f1_gn_190101-195012.nc;./GISS-E2-1-G/historical/rsut_Amon_GISS-E2-1-G_historical_r9i1p3f1_gn_195101-200012.nc;./GISS-E2-1-G/historical/rsut_Amon_GISS-E2-1-G_historical_r9i1p3f1_gn_200101-201412.nc,Amon;Amon;Amon;Amon,gn;gn;gn;gn,185001-190012;190101-195012;195101-200012;200101-201412
GISS-E2-1-G,piClim-histall,r1i1p1f1,ambiguous,tas,rsdt;rlut;rsut,,,,,./GISS-E2-1-G/piClim-histall/rsdt_Amon_GISS-E2-1-G_piClim-histall_r1i1p1f1_gn_185001-190012.nc;./GISS-E2-1-G/piClim-histall/rsdt_Amon_GISS-E2-1-G_piClim-histall_r1i1p1f1_gn_190101-195012.nc;./GISS-E2-1-G/piClim-histall/rsdt_Amon_GISS-E2-1-G_piClim-histall_r1i1p1f1_gn_195101-200012.nc;./GISS-E2-1-G/piClim-histall/rsdt_Amon_GISS-E2-1-G_piClim-histall_r1i1p1f1_gn_200101-201412.nc,Amon;Amon;Amon;Amon,gn;gn;gn;gn,185001-190012;190101-195012;195101-200012;200101-201412,./GISS-E2-1-G/piClim-histall/rlut_Amon_GISS-E2-1-G_piClim-histall_r1i1p1f1_gn_185001-190012.nc;./GISS-E2-1-G/piClim-histall/rlut_Amon_GISS-E2-1-G_piClim-histall_r1i1p1f1_gn_190101-195012.nc;./GISS-E2-1-G/piClim-histall/rlut_Amon_GISS-E2-1-G_piClim-histall_r1i1p1f1_gn_195101-200012.nc;./GISS-E2-1-G/piClim-histall/rlut_Amon_GISS-E2-1-G_piClim-histall_r1i1p1f1_gn_200101-201412.nc,Amon;Amon;Amon;Amon,gn;gn;gn;gn,185001-190012;190101-195012;195101-200012;200101-201412,./GISS-E2-1-G/piClim-histall/rsut_Amon_GISS-E2-1-G_piClim-histall_r1i1p1f1_gn_185001-190012.nc;./GISS-E2-1-G/piClim-histall/rsut_Amon_GISS-E2-1-G_piClim-histall_r1i1p1f1_gn_190101-195012.nc;./GISS-E2-1-G/piClim-histall/rsut_Amon_GISS-E2-1-G_piClim-histall_r1i1p1f1_gn_195101-200012.nc;./GISS-E2-1-G/piClim-histall/rsut_Amon_GISS-E2-1-G_piClim-histall_r1i1p1f1_gn_200101-201412.nc,Amon;Amon;Amon;Amon,gn;gn;gn;gn,185001-190012;190101-195012;195101-200012;200101-201412
GISS-E2-1-G,piClim-histall,r1i1p1f2,ambiguous,tas,rsdt;rlut;rsut,,,,,./GISS-E2-1-G/piClim-histall/rsdt_Amon_GISS-E2-1-G_piClim-histall_r1i1p1f2_gn_185001-190012.nc;./GISS-E2-1-G/piClim-histall/rsdt_Amon_GISS-E2-1-G_piClim-histall_r1i1p1f2_gn_190101-195012.nc;./GISS-E2-1-G/piClim-histall/rsdt_Amon_GISS-E2-1-G_piClim-histall_r1i1p1f2_gn_195101-200012.nc;./GISS-E2-1-G/piClim-histall/rsdt_Amon_GISS-E2-1-G_piClim-histall_r1i1p1f2_gn_200101-201412.nc;./GISS-E2-1-G/piClim-histall/rsdt_Amon_GISS-E2-1-G_piClim-histall_r1i1p1f2_gn_201501-205012.nc;./GISS-E2-1-G/piClim-histall/rsdt_Amon_GISS-E2-1-G_piClim-histall_r1i1p1f2_gn_205101-210012.nc,Amon;Amon;Amon;Amon;Amon;Amon,gn;gn;gn;gn;gn;gn,185001-190012;190101-195012;195101-200012;200101-201412;201501-205012;205101-210012,./GISS-E2-1-G/piClim-histall/rlut_Amon_GISS-E2-1-G_piClim-histall_r1i1p1f2_gn_185001-190012.nc;./GISS-E2-1-G/piClim-histall/rlut_Amon_GISS-E2-1-G_piClim-histall_r1i1p1f2_gn_190101-195012.nc;./GISS-E2-1-G/piClim-histall/rlut_Amon_GISS-E2-1-G_piClim-histall_r1i1p1f2_gn_195101-200012.nc;./GISS-E2-1-G/piClim-histall/rlut_Amon_GISS-E2-1-G_piClim-histall_r1i1p1f2_gn_200101-201412.nc;./GISS-E2-1-G/piClim-histall/rlut_Amon_GISS-E2-1-G_piClim-histall_r1i1p1f2_gn_201501-205012.nc;./GISS-E2-1-G/piClim-histall/rlut_Amon_GISS-E2-1-G_piClim-histall_r1i1p1f2_gn_205101-210012.nc,Amon;Amon;Amon;Amon;Amon;Amon,gn;gn;gn;gn;gn;gn,185001-190012;190101-195012;195101-200012;200101-201412;201501-205012;205101-210012,./GISS-E2-1-G/piClim-histall/rsut_Amon_GISS-E2-1-G_piClim-histall_r1i1p1f2_gn_185001-190012.nc;./GISS-E2-1-G/piClim-histall/rsut_Amon_GISS-E2-1-G_piClim-histall_r1i1p1f2_gn_190101-195012.nc;./GISS-E2-1-G/piClim-histall/rsut_Amon_GISS-E2-1-G_piClim-histall_r1i1p1f2_gn_195101-200012.nc;./GISS-E2-1-G/piClim-histall/rsut_Amon_GISS-E2-1-G_piClim-histall_r1i1p1f2_gn_200101-201412.nc;./GISS-E2-1-G/piClim-histall/rsut_Amon_GISS-E2-1-G_piClim-histall_r1i1p1f2_gn_201501-205012.nc;./GISS-E2-1-G/piClim-histall/rsut_Amon_GISS-E2-1-G_piClim-histall_r1i1p1f2_gn_205101-210012.nc,Amon;Amon;Amon;Amon;Amon;Amon,gn;gn;gn;gn;gn;gn,185001-190012;190101-195012;195101-200012;200101-201412;201501-205012;205101-210012
GISS-E2-1-G,piClim-histall,r1i1p3f2,ambiguous,tas,rsdt;rlut;rsut,,,,,./GISS-E2-1-G/piClim-histall/rsdt_Amon_GISS-E2-1-G_piClim-histall_r1i1p3f2_gn_185001-190012.nc;./GISS-E2-1-G/piClim-histall/rsdt_Amon_GISS-E2-1-G_piClim-histall_r1i1p3f2_gn_190101-195012.nc;./GISS-E2-1-G/piClim-histall/rsdt_Amon_GISS-E2-1-G_piClim-histall_r1i1p3f2_gn_195101-200012.nc;./GISS-E2-1-G/piClim-histall/rsdt_Amon_GISS-E2-1-G_piClim-histall_r1i1p3f2_gn_200101-201412.nc,Amon;Amon;Amon;Amon,gn;gn;gn;gn,185001-190012;190101-195012;195101-200012;200101-201412,./GISS-E2-1-G/piClim-histall/rlut_Amon_GISS-E2-1-G_piClim-histall_r1i1p3f2_gn_185001-190012.nc;./GISS-E2-1-G/piClim-histall/rlut_Amon_GISS-E2-1-G_piClim-histall_r1i1p3f2_gn_190101-195012.nc;./GISS-E2-1-G/piClim-histall/rlut_Amon_GISS-E2-1-G_piClim-histall_r1i1p3f2_gn_195101-200012.nc;./GISS-E2-1-G/piClim-histall/rlut_Amon_GISS-E2-1-G_piClim-histall_r1i1p3f2_gn_200101-201412.nc,Amon;Amon;Amon;Amon,gn;gn;gn;gn,185001-190012;190101-195012;195101-200012;200101-201412,./GISS-E2-1-G/piClim-histall/rsut_Amon_GISS-E2-1-G_piClim-histall_r1i1p3f2_gn_185001-190012.nc;./GISS-E2-1-G/piClim-histall/rsut_Amon_GISS-E2-1-G_piClim-histall_r1i1p3f2_gn_190101-195012.nc;./GISS-E2-1-G/piClim-histall/rsut_Amon_GISS-E2-1-G_piClim-histall_r1i1p3f2_gn_195101-200012.nc;./GISS-E2-1-G/piClim-histall/rsut_Amon_GISS-E2-1-G_piClim-histall_r1i1p3f2_gn_200101-201412.nc,Amon;Amon;Amon;Amon,gn;gn;gn;gn,185001-190012;190101-195012;195101-200012;200101-201412
HadGEM3-GC31-LL,amip-piForcing,r1i1p1f3,ambiguous,,tas;rsdt;rlut;rsut,./HadGEM3-GC31-LL/amip-piForcing/tas_Amon_HadGEM3-GC31-LL_amip-piForcing_r1i1p1f3_gn_187001-194912.nc;./HadGEM3-GC31-LL/amip-piForcing/tas_Amon_HadGEM3-GC31-LL_amip-piForcing_r1i1p1f3_gn_195001-201412.nc,Amon;Amon,gn;gn,187001-194912;195001-201412,./HadGEM3-GC31-LL/amip-piForcing/rsdt_Amon_HadGEM3-GC31-LL_amip-piForcing_r1i1p1f3_gn_187001-194912.nc;./HadGEM3-GC31-LL/amip-piForcing/rsdt_Amon_HadGEM3-GC31-LL_amip-piForcing_r1i1p1f3_gn_195001-201412.nc,Amon;Amon,gn;gn,187001-194912;195001-201412,./HadGEM3-GC31-LL/amip-piForcing/rlut_Amon_HadGEM3-GC31-LL_amip-piForcing_r1i1p1f3_gn_187001-194912.nc;./HadGEM3-GC31-LL/amip-piForcing/rlut_Amon_HadGEM3-GC31-LL_amip-piForcing_r1i1p1f3_gn_195001-201412.nc,Amon;Amon,gn;gn,187001-194912;195001-201412,./HadGEM3-GC31-LL/amip-piForcing/rsut_Amon_HadGEM3-GC31-LL_amip-piForcing_r1i1p1f3_gn_187001-194912.nc;./HadGEM3-GC31-LL/amip-piForcing/rsut_Amon_HadGEM3-GC31-LL_amip-piForcing_r1i1p1f3_gn_195001-201412.nc,Amon;Amon,gn;gn,187001-194912;195001-201412
HadGEM3-GC31-LL,historical,r11i1p1f3,ambiguous,,tas;rsdt;rlut;rsut,./HadGEM3-GC31-LL/historical/tas_Amon_HadGEM3-GC31-LL_historical_r11i1p1f3_gn_185001-194912.nc;./HadGEM3-GC31-LL/historical/tas_Amon_HadGEM3-GC31-LL_historical_r11i1p1f3_gn_195001-201412.nc,Amon;Amon,gn;gn,185001-194912;195001-201412,./HadGEM3-GC31-LL/historical/rsdt_Amon_HadGEM3-GC31-LL_historical_r11i1p1f3_gn_185001-194912.nc;./HadGEM3-GC31-LL/historical/rsdt_Amon_HadGEM3-GC31-LL_historical_r11i1p1f3_gn_195001-201412.nc,Amon;Amon,gn;gn,185001-194912;195001-201412,./HadGEM3-GC31-LL/historical/rlut_Amon_HadGEM3-GC31-LL_historical_r11i1p1f3_gn_185001-194912.nc;./HadGEM3-GC31-LL/historical/rlut_Amon_HadGEM3-GC31-LL_historical_r11i1p1f3_gn_195001-201412.nc,Amon;Amon,gn;gn,185001-194912;195001-201412,./HadGEM3-GC31-LL/historical/rsut_Amon_HadGEM3-GC31-LL_historical_r11i1p1f3_gn_185001-194912.nc;./HadGEM3-GC31-LL/historical/rsut_Amon_HadGEM3-GC31-LL_historical_r11i1p1f3_gn_195001-201412.nc,Amon;Amon,gn;gn,185001-194912;195001-201412
HadGEM3-GC31-LL,historical,r12i1p1f3,ambiguous,,tas;rsdt;rlut;rsut,./HadGEM3-GC31-LL/historical/tas_Amon_HadGEM3-GC31-LL_historical_r12i1p1f3_gn_185001-194912.nc;./HadGEM3-GC31-LL/historical/tas_Amon_HadGEM3-GC31-LL_historical_r12i1p1f3_gn_195001-201412.nc,Amon;Amon,gn;gn,185001-194912;195001-201412,./HadGEM3-GC31-LL/historical/rsdt_Amon_HadGEM3-GC31-LL_historical_r12i1p1f3_gn_185001-194912.nc;./HadGEM3-GC31-LL/historical/rsdt_Amon_HadGEM3-GC31-LL_historical_r12i1p1f3_gn_195001-201412.nc,Amon;Amon,gn;gn,185001-194912;195001-201412,./HadGEM3-GC31-LL/historical/rlut_Amon_HadGEM3-GC31-LL_historical_r12i1p1f3_gn_185001-194912.nc;./HadGEM3-GC31-LL/historical/rlut_Amon_HadGEM3-GC31-LL_historical_r12i1p1f3_gn_195001-201412.nc,Amon;Amon,gn;gn,185001-194912;195001-201412,./HadGEM3-GC31-LL/historical/rsut_Amon_HadGEM3-GC31-LL_historical_r12i1p1f3_gn_185001-194912.nc;./HadGEM3-GC31-LL/historical/rsut_Amon_HadGEM3-GC31-LL_historical_r12i1p1f3_gn_195001-201412.nc,Amon;Amon,gn;gn,185001-194912;195001-201412
HadGEM3-GC31-LL,historical,r13i1p1f3,ambiguous,,tas;rsdt;rlut;rsut,./HadGEM3-GC31-LL/historical/tas_Amon_HadGEM3-GC31-LL_historical_r13i1p1f3_gn_185001-194912.nc;./HadGEM3-GC31-LL/historical/tas_Amon_HadGEM3-GC31-LL_historical_r13i1p1f3_gn_195001-201412.nc,Amon;Amon,gn;gn,185001-194912;195001-201412,./HadGEM3-GC31-LL/historical/rsdt_Amon_HadGEM3-GC31-LL_historical_r13i1p1f3_gn_185001-194912.nc;./HadGEM3-GC31-LL/historical/rsdt_Amon_HadGEM3-GC31-LL_historical_r13i1p1f3_gn_195001-201412.nc,Amon;Amon,gn;gn,185001-194912;195001-201412,./HadGEM3-GC31-LL/historical/rlut_Amon_HadGEM3-GC31-LL_historical_r13i1p1f3_gn_185001-194912.nc;./HadGEM3-GC31-LL/historical/rlut_Amon_HadGEM3-GC31-LL_historical_r13i1p1f3_gn_195001-201412.nc,Amon;Amon,gn;gn,185001-194912;195001-201412,./HadGEM3-GC31-LL/historical/rsut_Amon_HadGEM3-GC31-LL_historical_r13i1p1f3_gn_185001-194912.nc;./HadGEM3-GC31-LL/historical/rsut_Amon_HadGEM3-GC31-LL_historical_r13i1p1f3_gn_195001-201412.nc,Amon;Amon,gn;gn,185001-194912;195001-201412
HadGEM3-GC31-LL,historical,r14i1p1f3,ambiguous,,tas;rsdt;rlut;rsut,./HadGEM3-GC31-LL/historical/tas_Amon_HadGEM3-GC31-LL_historical_r14i1p1f3_gn_185001-194912.nc;./HadGEM3-GC31-LL/historical/tas_Amon_HadGEM3-GC31-LL_historical_r14i1p1f3_gn_195001-201412.nc,Amon;Amon,gn;gn,185001-194912;195001-201412,./HadGEM3-GC31-LL/historical/rsdt_Amon_HadGEM3-GC31-LL_historical_r14i1p1f3_gn_185001-194912.nc;./HadGEM3-GC31-LL/historical/rsdt_Amon_HadGEM3-GC31-LL_historical_r14i1p1f3_gn_195001-201412.nc,Amon;Amon,gn;gn,185001-194912;195001-201412,./HadGEM3-GC31-LL/historical/rlut_Amon_HadGEM3-GC31-LL_historical_r14i1p1f3_gn_185001-194912.nc;./HadGEM3-GC31-LL/historical/rlut_Amon_HadGEM3-GC31-LL_historical_r14i1p1f3_gn_195001-201412.nc,Amon;Amon,gn;gn,185001-194912;195001-201412,./HadGEM3-GC31-LL/historical/rsut_Amon_HadGEM3-GC31-LL_historical_r14i1p1f3_gn_185001-194912.nc;./HadGEM3-GC31-LL/historical/rsut_Amon_HadGEM3-GC31-LL_historical_r14i1p1f3_gn_195001-201412.nc,Amon;Amon,gn;gn,185001-194912;195001-201412
HadGEM3-GC31-LL,historical,r15i1p1f3,ambiguous,,tas;rsdt;rlut;rsut,./HadGEM3-GC31-LL/historical/tas_Amon_HadGEM3-GC31-LL_historical_r15i1p1f3_gn_185001-194912.nc;./HadGEM3-GC31-LL/historical/tas_Amon_HadGEM3-GC31-LL_historical_r15i1p1f3_gn_195001-201412.nc,Amon;Amon,gn;gn,185001-194912;195001-201412,./HadGEM3-GC31-LL/historical/rsdt_Amon_HadGEM3-GC31-LL_historical_r15i1p1f3_gn_185001-194912.nc;./HadGEM3-GC31-LL/historical/rsdt_Amon_HadGEM3-GC31-LL_historical_r15i1p1f3_gn_195001-201412.nc,Amon;Amon,gn;gn,185001-194912;195001-201412,./HadGEM3-GC31-LL/historical/rlut_Amon_HadGEM3-GC31-LL_historical_r15i1p1f3_gn_185001-194912.nc;./HadGEM3-GC31-LL/historical/rlut_Amon_HadGEM3-GC31-LL_historical_r15i1p1f3_gn_195001-201412.nc,Amon;Amon,gn;gn,185001-194912;195001-201412,./HadGEM3-GC31-LL/historical/rsut_Amon_HadGEM3-GC31-LL_historical_r15i1p1f3_gn_185001-194912.nc;./HadGEM3-GC31-LL/historical/rsut_Amon_HadGEM3-GC31-LL_historical_r15i1p1f3_gn_195001-201412.nc,Amon;Amon,gn;gn,185001-194912;195001-201412
HadGEM3-GC31-LL,historical,r16i1p1f3,ambiguous,,tas;rsdt;rlut;rsut,./HadGEM3-GC31-LL/historical/tas_Amon_HadGEM3-GC31-LL_historical_r16i1p1f3_gn_185001-194912.nc;./HadGEM3-GC31-LL/historical/tas_Amon_HadGEM3-GC31-LL_historical_r16i1p1f3_gn_195001-201412.nc,Amon;Amon,gn;gn,185001-194912;195001-201412,./HadGEM3-GC31-LL/historical/rsdt_Amon_HadGEM3-GC31-LL_historical_r16i1p1f3_gn_185001-194912.nc;./HadGEM3-GC31-LL/historical/rsdt_Amon_HadGEM3-GC31-LL_historical_r16i1p1f3_gn_195001-201412.nc,Amon;Amon,gn;gn,185001-194912;195001-201412,./HadGEM3-GC31-LL/historical/rlut_Amon_HadGEM3-GC31-LL_historical_r16i1p1f3_gn_185001-194912.nc;./HadGEM3-GC31-LL/historical/rlut_Amon_HadGEM3-GC31-LL_historical_r16i1p1f3_gn_195001-201412.nc,Amon;Amon,gn;gn,185001-194912;195001-201412,./HadGEM3-GC31-LL/historical/rsut_Amon_HadGEM3-GC31-LL_historical_r16i1p1f3_gn_185001-194912.nc;./HadGEM3-GC31-LL/historical/rsut_Amon_HadGEM3-GC31-LL_historical_r16i1p1f3_gn_195001-201412.nc,Amon;Amon,gn;gn,185001-194912;195001-201412
HadGEM3-GC31-LL,historical,r17i1p1f3,ambiguous,,tas;rsdt;rlut;rsut,./HadGEM3-GC31-LL/historical/tas_Amon_HadGEM3-GC31-LL_historical_r17i1p1f3_gn_185001-194912.nc;./HadGEM3-GC31-LL/historical/tas_Amon_HadGEM3-GC31-LL_historical_r17i1p1f3_gn_195001-201412.nc,Amon;Amon,gn;gn,185001-194912;195001-201412,./HadGEM3-GC31-LL/historical/rsdt_Amon_HadGEM3-GC31-LL_historical_r17i1p1f3_gn_185001-194912.nc;./HadGEM3-GC31-LL/historical/rsdt_Amon_HadGEM3-GC31-LL_historical_r17i1p1f3_gn_195001-201412.nc,Amon;Amon,gn;gn,185001-194912;195001-201412,./HadGEM3-GC31-LL/historical/rlut_Amon_HadGEM3-GC31-LL_historical_r17i1p1f3_gn_185001-194912.nc;./HadGEM3-GC31-LL/historical/rlut_Amon_HadGEM3-GC31-LL_historical_r17i1p1f3_gn_195001-201412.nc,Amon;Amon,gn;gn,185001-194912;195001-201412,./HadGEM3-GC31-LL/historical/rsut_Amon_HadGEM3-GC31-LL_historical_r17i1p1f3_gn_185001-194912.nc;./HadGEM3-GC31-LL/historical/rsut_Amon_HadGEM3-GC31-LL_historical_r17i1p1f3_gn_195001-201412.nc,Amon;Amon,gn;gn,185001-194912;195001-201412
HadGEM3-GC31-LL,historical,r18i1p1f3,ambiguous,,tas;rsdt;rlut;rsut,./HadGEM3-GC31-LL/historical/tas_Amon_HadGEM3-GC31-LL_historical_r18i1p1f3_gn_185001-194912.nc;./HadGEM3-GC31-LL/historical/tas_Amon_HadGEM3-GC31-LL_historical_r18i1p1f3_gn_195001-201412.nc,Amon;Amon,gn;gn,185001-194912;195001-201412,./HadGEM3-GC31-LL/historical/rsdt_Amon_HadGEM3-GC31-LL_historical_r18i1p1f3_gn_185001-194912.nc;./HadGEM3-GC31-LL/historical/rsdt_Amon_HadGEM3-GC31-LL_historical_r18i1p1f3_gn_195001-201412.nc,Amon;Amon,gn;gn,185001-194912;195001-201412,./HadGEM3-GC31-LL/historical/rlut_Amon_HadGEM3-GC31-LL_historical_r18i1p1f3_gn_185001-194912.nc;./HadGEM3-GC31-LL/historical/rlut_Amon_HadGEM3-GC31-LL_historical_r18i1p1f3_gn_195001-201412.nc,Amon;Amon,gn;gn,185001-194912;195001-201412,./HadGEM3-GC31-LL/historical/rsut_Amon_HadGEM3-GC31-LL_historical_r18i1p1f3_gn_185001-194912.nc;./HadGEM3-GC31-LL/historical/rsut_Amon_HadGEM3-GC31-LL_historical_r18i1p1f3_gn_195001-201412.nc,Amon;Amon,gn;gn,185001-194912;195001-201412
HadGEM3-GC31-LL,historical,r19i1p1f3,ambiguous,,tas;rsdt;rlut;rsut,./HadGEM3-GC31-LL/historical/tas_Amon_HadGEM3-GC31-LL_historical_r19i1p1f3_gn_185001-194912.nc;./HadGEM3-GC31-LL/historical/tas_Amon_HadGEM3-GC31-LL_historical_r19i1p1f3_gn_195001-201412.nc,Amon;Amon,gn;gn,185001-194912;195001-201412,./HadGEM3-GC31-LL/historical/rsdt_Amon_HadGEM3-GC31-LL_historical_r19i1p1f3_gn_185001-194912.nc;./HadGEM3-GC31-LL/historical/rsdt_Amon_HadGEM3-GC31-LL_historical_r19i1p1f3_gn_195001-201412.nc,Amon;Amon,gn;gn,185001-194912;195001-201412,./HadGEM3-GC31-LL/historical/rlut_Amon_HadGEM3-GC31-LL_historical_r19i1p1f3_gn_185001-194912.nc;./HadGEM3-GC31-LL/historical/rlut_Amon_HadGEM3-GC31-LL_historical_r19i1p1f3_gn_195001-201412.nc,Amon;Amon,gn;gn,185001-194912;195001-201412,./HadGEM3-GC31-LL/historical/rsut_Amon_HadGEM3-GC31-LL_historical_r19i1p1f3_gn_185001-194912.nc;./HadGEM3-GC31-LL/historical/rsut_Amon_HadGEM3-GC31-LL_historical_r19i1p1f3_gn_195001-201412.nc,Amon;Amon,gn;gn,185001-194912;195001-201412
HadGEM3-GC31-LL,historical,r1i1p1f3,ambiguous,,tas;rsdt;rlut;rsut,./HadGEM3-GC31-LL/historical/tas_Amon_HadGEM3-GC31-LL_historical_r1i1p1f3_gn_185001-194912.nc;./HadGEM3-GC31-LL/historical/tas_Amon_HadGEM3-GC31-LL_historical_r1i1p1f3_gn_195001-201412.nc,Amon;Amon,gn;gn,185001-194912;195001-201412,./HadGEM3-GC31-LL/historical/rsdt_Amon_HadGEM3-GC31-LL_historical_r1i1p1f3_gn_185001-194912.nc;./HadGEM3-GC31-LL/historical/rsdt_Amon_HadGEM3-GC31-LL_historical_r1i1p1f3_gn_195001-201412.nc,Amon;Amon,gn;gn,185001-194912;195001-201412,./HadGEM3-GC31-LL/historical/rlut_Amon_HadGEM3-GC31-LL_historical_r1i1p1f3_gn_185001-194912.nc;./HadGEM3-GC31-LL/historical/rlut_Amon_HadGEM3-GC31-LL_historical_r1i1p1f3_gn_195001-201412.nc,Amon;Amon,gn;gn,185001-194912;195001-201412,./HadGEM3-GC31-LL/historical/rsut_Amon_HadGEM3-GC31-LL_historical_r1i1p1f3_gn_185001-194912.nc;./HadGEM3-GC31-LL/historical/rsut_Amon_HadGEM3-GC31-LL_historical_r1i1p1f3_gn_195001-201412.nc,Amon;Amon,gn;gn,185001-194912;195001-201412
HadGEM3-GC31-LL,historical,r20i1p1f3,ambiguous,,tas;rsdt;rlut;rsut,./HadGEM3-GC31-LL/historical/tas_Amon_HadGEM3-GC31-LL_historical_r20i1p1f3_gn_185001-194912.nc;./HadGEM3-GC31-LL/historical/tas_Amon_HadGEM3-GC31-LL_historical_r20i1p1f3_gn_195001-201412.nc,Amon;Amon,gn;gn,185001-194912;195001-201412,./HadGEM3-GC31-LL/historical/rsdt_Amon_HadGEM3-GC31-LL_historical_r20i1p1f3_gn_185001-194912.nc;./HadGEM3-GC31-LL/historical/rsdt_Amon_HadGEM3-GC31-LL_historical_r20i1p1f3_gn_195001-201412.nc,Amon;Amon,gn;gn,185001-194912;195001-201412,./HadGEM3-GC31-LL/historical/rlut_Amon_HadGEM3-GC31-LL_historical_r20i1p1f3_gn_185001-194912.nc;./HadGEM3-GC31-LL/historical/rlut_Amon_HadGEM3-GC31-LL_historical_r20i1p1f3_gn_195001-201412.nc,Amon;Amon,gn;gn,185001-194912;195001-201412,./HadGEM3-GC31-LL/historical/rsut_Amon_HadGEM3-GC31-LL_historical_r20i1p1f3_gn_185001-194912.nc;./HadGEM3-GC31-LL/historical/rsut_Amon_HadGEM3-GC31-LL_historical_r20i1p1f3_gn_195001-201412.nc,Amon;Amon,gn;gn,185001-194912;195001-201412
HadGEM3-GC31-LL,historical,r21i1p1f3,ambiguous,,tas;rsdt;rlut;rsut,./HadGEM3-GC31-LL/historical/tas_Amon_HadGEM3-GC31-LL_historical_r21i1p1f3_gn_185001-194912.nc;./HadGEM3-GC31-LL/historical/tas_Amon_HadGEM3-GC31-LL_historical_r21i1p1f3_gn_195001-201412.nc,Amon;Amon,gn;gn,185001-194912;195001-201412,./HadGEM3-GC31-LL/historical/rsdt_Amon_HadGEM3-GC31-LL_historical_r21i1p1f3_gn_185001-194912.nc;./HadGEM3-GC31-LL/historical/rsdt_Amon_HadGEM3-GC31-LL_historical_r21i1p1f3_gn_195001-201412.nc,Amon;Amon,gn;gn,185001-194912;195001-201412,./HadGEM3-GC31-LL/historical/rlut_Amon_HadGEM3-GC31-LL_historical_r21i1p1f3_gn_185001-194912.nc;./HadGEM3-GC31-LL/historical/rlut_Amon_HadGEM3-GC31-LL_historical_r21i1p1f3_gn_195001-201412.nc,Amon;Amon,gn;gn,185001-194912;195001-201412,./HadGEM3-GC31-LL/historical/rsut_Amon_HadGEM3-GC31-LL_historical_r21i1p1f3_gn_185001-194912.nc;./HadGEM3-GC31-LL/historical/rsut_Amon_HadGEM3-GC31-LL_historical_r21i1p1f3_gn_195001-201412.nc,Amon;Amon,gn;gn,185001-194912;195001-201412
HadGEM3-GC31-LL,historical,r22i1p1f3,ambiguous,,tas;rsdt;rlut;rsut,./HadGEM3-GC31-LL/historical/tas_Amon_HadGEM3-GC31-LL_historical_r22i1p1f3_gn_185001-194912.nc;./HadGEM3-GC31-LL/historical/tas_Amon_HadGEM3-GC31-LL_historical_r22i1p1f3_gn_195001-201412.nc,Amon;Amon,gn;gn,185001-194912;195001-201412,./HadGEM3-GC31-LL/historical/rsdt_Amon_HadGEM3-GC31-LL_historical_r22i1p1f3_gn_185001-194912.nc;./HadGEM3-GC31-LL/historical/rsdt_Amon_HadGEM3-GC31-LL_historical_r22i1p1f3_gn_195001-201412.nc,Amon;Amon,gn;gn,185001-194912;195001-201412,./HadGEM3-GC31-LL/historical/rlut_Amon_HadGEM3-GC31-LL_historical_r22i1p1f3_gn_185001-194912.nc;./HadGEM3-GC31-LL/historical/rlut_Amon_HadGEM3-GC31-LL_historical_r22i1p1f3_gn_195001-201412.nc,Amon;Amon,gn;gn,185001-194912;195001-201412,./HadGEM3-GC31-LL/historical/rsut_Amon_HadGEM3-GC31-LL_historical_r22i1p1f3_gn_185001-194912.nc;./HadGEM3-GC31-LL/historical/rsut_Amon_HadGEM3-GC31-LL_historical_r22i1p1f3_gn_195001-201412.nc,Amon;Amon,gn;gn,185001-194912;195001-201412
HadGEM3-GC31-LL,historical,r23i1p1f3,ambiguous,,tas;rsdt;rlut;rsut,./HadGEM3-GC31-LL/historical/tas_Amon_HadGEM3-GC31-LL_historical_r23i1p1f3_gn_185001-194912.nc;./HadGEM3-GC31-LL/historical/tas_Amon_HadGEM3-GC31-LL_historical_r23i1p1f3_gn_195001-201412.nc,Amon;Amon,gn;gn,185001-194912;195001-201412,./HadGEM3-GC31-LL/historical/rsdt_Amon_HadGEM3-GC31-LL_historical_r23i1p1f3_gn_185001-194912.nc;./HadGEM3-GC31-LL/historical/rsdt_Amon_HadGEM3-GC31-LL_historical_r23i1p1f3_gn_195001-201412.nc,Amon;Amon,gn;gn,185001-194912;195001-201412,./HadGEM3-GC31-LL/historical/rlut_Amon_HadGEM3-GC31-LL_historical_r23i1p1f3_gn_185001-194912.nc;./HadGEM3-GC31-LL/historical/rlut_Amon_HadGEM3-GC31-LL_historical_r23i1p1f3_gn_195001-201412.nc,Amon;Amon,gn;gn,185001-194912;195001-201412,./HadGEM3-GC31-LL/historical/rsut_Amon_HadGEM3-GC31-LL_historical_r23i1p1f3_gn_185001-194912.nc;./HadGEM3-GC31-LL/historical/rsut_Amon_HadGEM3-GC31-LL_historical_r23i1p1f3_gn_195001-201412.nc,Amon;Amon,gn;gn,185001-194912;195001-201412
HadGEM3-GC31-LL,historical,r24i1p1f3,ambiguous,,tas;rsdt;rlut;rsut,./HadGEM3-GC31-LL/historical/tas_Amon_HadGEM3-GC31-LL_historical_r24i1p1f3_gn_185001-194912.nc;./HadGEM3-GC31-LL/historical/tas_Amon_HadGEM3-GC31-LL_historical_r24i1p1f3_gn_195001-201412.nc,Amon;Amon,gn;gn,185001-194912;195001-201412,./HadGEM3-GC31-LL/historical/rsdt_Amon_HadGEM3-GC31-LL_historical_r24i1p1f3_gn_185001-194912.nc;./HadGEM3-GC31-LL/historical/rsdt_Amon_HadGEM3-GC31-LL_historical_r24i1p1f3_gn_195001-201412.nc,Amon;Amon,gn;gn,185001-194912;195001-201412,./HadGEM3-GC31-LL/historical/rlut_Amon_HadGEM3-GC31-LL_historical_r24i1p1f3_gn_185001-194912.nc;./HadGEM3-GC31-LL/historical/rlut_Amon_HadGEM3-GC31-LL_historical_r24i1p1f3_gn_195001-201412.nc,Amon;Amon,gn;gn,185001-194912;195001-201412,./HadGEM3-GC31-LL/historical/rsut_Amon_HadGEM3-GC31-LL_historical_r24i1p1f3_gn_185001-194912.nc;./HadGEM3-GC31-LL/historical/rsut_Amon_HadGEM3-GC31-LL_historical_r24i1p1f3_gn_195001-201412.nc,Amon;Amon,gn;gn,185001-194912;195001-201412
HadGEM3-GC31-LL,historical,r25i1p1f3,ambiguous,,tas;rsdt;rlut;rsut,./HadGEM3-GC31-LL/historical/tas_Amon_HadGEM3-GC31-LL_historical_r25i1p1f3_gn_185001-194912.nc;./HadGEM3-GC31-LL/historical/tas_Amon_HadGEM3-GC31-LL_historical_r25i1p1f3_gn_195001-201412.nc,Amon;Amon,gn;gn,185001-194912;195001-201412,./HadGEM3-GC31-LL/historical/rsdt_Amon_HadGEM3-GC31-LL_historical_r25i1p1f3_gn_185001-194912.nc;./HadGEM3-GC31-LL/historical/rsdt_Amon_HadGEM3-GC31-LL_historical_r25i1p1f3_gn_195001-201412.nc,Amon;Amon,gn;gn,185001-194912;195001-201412,./HadGEM3-GC31-LL/historical/rlut_Amon_HadGEM3-GC31-LL_historical_r25i1p1f3_gn_185001-194912.nc;./HadGEM3-GC31-LL/historical/rlut_Amon_HadGEM3-GC31-LL_historical_r25i1p1f3_gn_195001-201412.nc,Amon;Amon,gn;gn,185001-194912;195001-201412,./HadGEM3-GC31-LL/historical/rsut_Amon_HadGEM3-GC31-LL_historical_r25i1p1f3_gn_185001-194912.nc;./HadGEM3-GC31-LL/historical/rsut_Amon_HadGEM3-GC31-LL_historical_r25i1p1f3_gn_195001-201412.nc,Amon;Amon,gn;gn,185001-194912;195001-201412
HadGEM3-GC31-LL,historical,r26i1p1f3,ambiguous,,tas;rsdt;rlut;rsut,./HadGEM3-GC31-LL/historical/tas_Amon_HadGEM3-GC31-LL_historical_r26i1p1f3_gn_185001-194912.nc;./HadGEM3-GC31-LL/historical/tas_Amon_HadGEM3-GC31-LL_historical_r26i1p1f3_gn_195001-201412.nc,Amon;Amon,gn;gn,185001-194912;195001-201412,./HadGEM3-GC31-LL/historical/rsdt_Amon_HadGEM3-GC31-LL_historical_r26i1p1f3_gn_185001-194912.nc;./HadGEM3-GC31-LL/historical/rsdt_Amon_HadGEM3-GC31-LL_historical_r26i1p1f3_gn_195001-201412.nc,Amon;Amon,gn;gn,185001-194912;195001-201412,./HadGEM3-GC31-LL/historical/rlut_Amon_HadGEM3-GC31-LL_historical_r26i1p1f3_gn_185001-194912.nc;./HadGEM3-GC31-LL/historical/rlut_Amon_HadGEM3-GC31-LL_historical_r26i1p1f3_gn_195001-201412.nc,Amon;Amon,gn;gn,185001-194912;195001-201412,./HadGEM3-GC31-LL/historical/rsut_Amon_HadGEM3-GC31-LL_historical_r26i1p1f3_gn_185001-194912.nc;./HadGEM3-GC31-LL/historical/rsut_Amon_HadGEM3-GC31-LL_historical_r26i1p1f3_gn_195001-201412.nc,Amon;Amon,gn;gn,185001-194912;195001-201412
HadGEM3-GC31-LL,historical,r27i1p1f3,ambiguous,,tas;rsdt;rlut;rsut,./HadGEM3-GC31-LL/historical/tas_Amon_HadGEM3-GC31-LL_historical_r27i1p1f3_gn_185001-194912.nc;./HadGEM3-GC31-LL/historical/tas_Amon_HadGEM3-GC31-LL_historical_r27i1p1f3_gn_195001-201412.nc,Amon;Amon,gn;gn,185001-194912;195001-201412,./HadGEM3-GC31-LL/historical/rsdt_Amon_HadGEM3-GC31-LL_historical_r27i1p1f3_gn_185001-194912.nc;./HadGEM3-GC31-LL/historical/rsdt_Amon_HadGEM3-GC31-LL_historical_r27i1p1f3_gn_195001-201412.nc,Amon;Amon,gn;gn,185001-194912;195001-201412,./HadGEM3-GC31-LL/historical/rlut_Amon_HadGEM3-GC31-LL_historical_r27i1p1f3_gn_185001-194912.nc;./HadGEM3-GC31-LL/historical/rlut_Amon_HadGEM3-GC31-LL_historical_r27i1p1f3_gn_195001-201412.nc,Amon;Amon,gn;gn,185001-194912;195001-201412,./HadGEM3-GC31-LL/historical/rsut_Amon_HadGEM3-GC31-LL_historical_r27i1p1f3_gn_185001-194912.nc;./HadGEM3-GC31-LL/historical/rsut_Amon_HadGEM3-GC31-LL_historical_r27i1p1f3_gn_195001-201412.nc,Amon;Amon,gn;gn,185001-194912;195001-201412
HadGEM3-GC31-LL,historical,r28i1p1f3,ambiguous,,tas;rsdt;rlut;rsut,./HadGEM3-GC31-LL/historical/tas_Amon_HadGEM3-GC31-LL_historical_r28i1p1f3_gn_185001-194912.nc;./HadGEM3-GC31-LL/historical/tas_Amon_HadGEM3-GC31-LL_historical_r28i1p1f3_gn_195001-201412.nc,Amon;Amon,gn;gn,185001-194912;195001-201412,./HadGEM3-GC31-LL/historical/rsdt_Amon_HadGEM3-GC31-LL_historical_r28i1p1f3_gn_185001-194912.nc;./HadGEM3-GC31-LL/historical/rsdt_Amon_HadGEM3-GC31-LL_historical_r28i1p1f3_gn_195001-201412.nc,Amon;Amon,gn;gn,185001-194912;195001-201412,./HadGEM3-GC31-LL/historical/rlut_Amon_HadGEM3-GC31-LL_historical_r28i1p1f3_gn_185001-194912.nc;./HadGEM3-GC31-LL/historical/rlut_Amon_HadGEM3-GC31-LL_historical_r28i1p1f3_gn_195001-201412.nc,Amon;Amon,gn;gn,185001-194912;195001-201412,./HadGEM3-GC31-LL/historical/rsut_Amon_HadGEM3-GC31-LL_historical_r28i1p1f3_gn_185001-194912.nc;./HadGEM3-GC31-LL/historical/rsut_Amon_HadGEM3-GC31-LL_historical_r28i1p1f3_gn_195001-201412.nc,Amon;Amon,gn;gn,185001-194912;195001-201412
HadGEM3-GC31-LL,historical,r29i1p1f3,ambiguous,,tas;rsdt;rlut;rsut,./HadGEM3-GC31-LL/historical/tas_Amon_HadGEM3-GC31-LL_historical_r29i1p1f3_gn_185001-194912.nc;./HadGEM3-GC31-LL/historical/tas_Amon_HadGEM3-GC31-LL_historical_r29i1p1f3_gn_195001-201412.nc,Amon;Amon,gn;gn,185001-194912;195001-201412,./HadGEM3-GC31-LL/historical/rsdt_Amon_HadGEM3-GC31-LL_historical_r29i1p1f3_gn_185001-194912.nc;./HadGEM3-GC31-LL/historical/rsdt_Amon_HadGEM3-GC31-LL_historical_r29i1p1f3_gn_195001-201412.nc,Amon;Amon,gn;gn,185001-194912;195001-201412,./HadGEM3-GC31-LL/historical/rlut_Amon_HadGEM3-GC31-LL_historical_r29i1p1f3_gn_185001-194912.nc;./HadGEM3-GC31-LL/historical/rlut_Amon_HadGEM3-GC31-LL_historical_r29i1p1f3_gn_195001-201412.nc,Amon;Amon,gn;gn,185001-194912;195001-201412,./HadGEM3-GC31-LL/historical/rsut_Amon_HadGEM3-GC31-LL_historical_r29i1p1f3_gn_185001-194912.nc;./HadGEM3-GC31-LL/historical/rsut_Amon_HadGEM3-GC31-LL_historical_r29i1p1f3_gn_195001-201412.nc,Amon;Amon,gn;gn,185001-194912;195001-201412
HadGEM3-GC31-LL,historical,r2i1p1f3,ambiguous,,tas;rsdt;rlut;rsut,./HadGEM3-GC31-LL/historical/tas_Amon_HadGEM3-GC31-LL_historical_r2i1p1f3_gn_185001-194912.nc;./HadGEM3-GC31-LL/historical/tas_Amon_HadGEM3-GC31-LL_historical_r2i1p1f3_gn_195001-201412.nc,Amon;Amon,gn;gn,185001-194912;195001-201412,./HadGEM3-GC31-LL/historical/rsdt_Amon_HadGEM3-GC31-LL_historical_r2i1p1f3_gn_185001-194912.nc;./HadGEM3-GC31-LL/historical/rsdt_Amon_HadGEM3-GC31-LL_historical_r2i1p1f3_gn_195001-201412.nc,Amon;Amon,gn;gn,185001-194912;195001-201412,./HadGEM3-GC31-LL/historical/rlut_Amon_HadGEM3-GC31-LL_historical_r2i1p1f3_gn_185001-194912.nc;./HadGEM3-GC31-LL/historical/rlut_Amon_HadGEM3-GC31-LL_historical_r2i1p1f3_gn_195001-201412.nc,Amon;Amon,gn;gn,185001-194912;195001-201412,./HadGEM3-GC31-LL/historical/rsut_Amon_HadGEM3-GC31-LL_historical_r2i1p1f3_gn_185001-194912.nc;./HadGEM3-GC31-LL/historical/rsut_Amon_HadGEM3-GC31-LL_historical_r2i1p1f3_gn_195001-201412.nc,Amon;Amon,gn;gn,185001-194912;195001-201412
HadGEM3-GC31-LL,historical,r30i1p1f3,ambiguous,,tas;rsdt;rlut;rsut,./HadGEM3-GC31-LL/historical/tas_Amon_HadGEM3-GC31-LL_historical_r30i1p1f3_gn_185001-194912.nc;./HadGEM3-GC31-LL/historical/tas_Amon_HadGEM3-GC31-LL_historical_r30i1p1f3_gn_195001-201412.nc,Amon;Amon,gn;gn,185001-194912;195001-201412,./HadGEM3-GC31-LL/historical/rsdt_Amon_HadGEM3-GC31-LL_historical_r30i1p1f3_gn_185001-194912.nc;./HadGEM3-GC31-LL/historical/rsdt_Amon_HadGEM3-GC31-LL_historical_r30i1p1f3_gn_195001-201412.nc,Amon;Amon,gn;gn,185001-194912;195001-201412,./HadGEM3-GC31-LL/historical/rlut_Amon_HadGEM3-GC31-LL_historical_r30i1p1f3_gn_185001-194912.nc;./HadGEM3-GC31-LL/historical/rlut_Amon_HadGEM3-GC31-LL_historical_r30i1p1f3_gn_195001-201412.nc,Amon;Amon,gn;gn,185001-194912;195001-201412,./HadGEM3-GC31-LL/historical/rsut_Amon_HadGEM3-GC31-LL_historical_r30i1p1f3_gn_185001-194912.nc;./HadGEM3-GC31-LL/historical/rsut_Amon_HadGEM3-GC31-LL_historical_r30i1p1f3_gn_195001-201412.nc,Amon;Amon,gn;gn,185001-194912;195001-201412
HadGEM3-GC31-LL,historical,r31i1p1f3,ambiguous,,tas;rsdt;rlut;rsut,./HadGEM3-GC31-LL/historical/tas_Amon_HadGEM3-GC31-LL_historical_r31i1p1f3_gn_185001-194912.nc;./HadGEM3-GC31-LL/historical/tas_Amon_HadGEM3-GC31-LL_historical_r31i1p1f3_gn_195001-201412.nc,Amon;Amon,gn;gn,185001-194912;195001-201412,./HadGEM3-GC31-LL/historical/rsdt_Amon_HadGEM3-GC31-LL_historical_r31i1p1f3_gn_185001-194912.nc;./HadGEM3-GC31-LL/historical/rsdt_Amon_HadGEM3-GC31-LL_historical_r31i1p1f3_gn_195001-201412.nc,Amon;Amon,gn;gn,185001-194912;195001-201412,./HadGEM3-GC31-LL/historical/rlut_Amon_HadGEM3-GC31-LL_historical_r31i1p1f3_gn_185001-194912.nc;./HadGEM3-GC31-LL/historical/rlut_Amon_HadGEM3-GC31-LL_historical_r31i1p1f3_gn_195001-201412.nc,Amon;Amon,gn;gn,185001-194912;195001-201412,./HadGEM3-GC31-LL/historical/rsut_Amon_HadGEM3-GC31-LL_historical_r31i1p1f3_gn_185001-194912.nc;./HadGEM3-GC31-LL/historical/rsut_Amon_HadGEM3-GC31-LL_historical_r31i1p1f3_gn_195001-201412.nc,Amon;Amon,gn;gn,185001-194912;195001-201412
HadGEM3-GC31-LL,historical,r32i1p1f3,ambiguous,,tas;rsdt;rlut;rsut,./HadGEM3-GC31-LL/historical/tas_Amon_HadGEM3-GC31-LL_historical_r32i1p1f3_gn_185001-194912.nc;./HadGEM3-GC31-LL/historical/tas_Amon_HadGEM3-GC31-LL_historical_r32i1p1f3_gn_195001-201412.nc,Amon;Amon,gn;gn,185001-194912;195001-201412,./HadGEM3-GC31-LL/historical/rsdt_Amon_HadGEM3-GC31-LL_historical_r32i1p1f3_gn_185001-194912.nc;./HadGEM3-GC31-LL/historical/rsdt_Amon_HadGEM3-GC31-LL_historical_r32i1p1f3_gn_195001-201412.nc,Amon;Amon,gn;gn,185001-194912;195001-201412,./HadGEM3-GC31-LL/historical/rlut_Amon_HadGEM3-GC31-LL_historical_r32i1p1f3_gn_185001-194912.nc;./HadGEM3-GC31-LL/historical/rlut_Amon_HadGEM3-GC31-LL_historical_r32i1p1f3_gn_195001-201412.nc,Amon;Amon,gn;gn,185001-194912;195001-201412,./HadGEM3-GC31-LL/historical/rsut_Amon_HadGEM3-GC31-LL_historical_r32i1p1f3_gn_185001-194912.nc;./HadGEM3-GC31-LL/historical/rsut_Amon_HadGEM3-GC31-LL_historical_r32i1p1f3_gn_195001-201412.nc,Amon;Amon,gn;gn,185001-194912;195001-201412
HadGEM3-GC31-LL,historical,r33i1p1f3,ambiguous,,tas;rsdt;rlut;rsut,./HadGEM3-GC31-LL/historical/tas_Amon_HadGEM3-GC31-LL_historical_r33i1p1f3_gn_185001-194912.nc;./HadGEM3-GC31-LL/historical/tas_Amon_HadGEM3-GC31-LL_historical_r33i1p1f3_gn_195001-201412.nc,Amon;Amon,gn;gn,185001-194912;195001-201412,./HadGEM3-GC31-LL/historical/rsdt_Amon_HadGEM3-GC31-LL_historical_r33i1p1f3_gn_185001-194912.nc;./HadGEM3-GC31-LL/historical/rsdt_Amon_HadGEM3-GC31-LL_historical_r33i1p1f3_gn_195001-201412.nc,Amon;Amon,gn;gn,185001-194912;195001-201412,./HadGEM3-GC31-LL/historical/rlut_Amon_HadGEM3-GC31-LL_historical_r33i1p1f3_gn_185001-194912.nc;./HadGEM3-GC31-LL/historical/rlut_Amon_HadGEM3-GC31-LL_historical_r33i1p1f3_gn_195001-201412.nc,Amon;Amon,gn;gn,185001-194912;195001-201412,./HadGEM3-GC31-LL/historical/rsut_Amon_HadGEM3-GC31-LL_historical_r33i1p1f3_gn_185001-194912.nc;./HadGEM3-GC31-LL/historical/rsut_Amon_HadGEM3-GC31-LL_historical_r33i1p1f3_gn_195001-201412.nc,Amon;Amon,gn;gn,185001-194912;195001-201412
HadGEM3-GC31-LL,historical,r34i1p1f3,ambiguous,,tas;rsdt;rlut;rsut,./HadGEM3-GC31-LL/historical/tas_Amon_HadGEM3-GC31-LL_historical_r34i1p1f3_gn_185001-194912.nc;./HadGEM3-GC31-LL/historical/tas_Amon_HadGEM3-GC31-LL_historical_r34i1p1f3_gn_195001-201412.nc,Amon;Amon,gn;gn,185001-194912;195001-201412,./HadGEM3-GC31-LL/historical/rsdt_Amon_HadGEM3-GC31-LL_historical_r34i1p1f3_gn_185001-194912.nc;./HadGEM3-GC31-LL/historical/rsdt_Amon_HadGEM3-GC31-LL_historical_r34i1p1f3_gn_195001-201412.nc,Amon;Amon,gn;gn,185001-194912;195001-201412,./HadGEM3-GC31-LL/historical/rlut_Amon_HadGEM3-GC31-LL_historical_r34i1p1f3_gn_185001-194912.nc;./HadGEM3-GC31-LL/historical/rlut_Amon_HadGEM3-GC31-LL_historical_r34i1p1f3_gn_195001-201412.nc,Amon;Amon,gn;gn,185001-194912;195001-201412,./HadGEM3-GC31-LL/historical/rsut_Amon_HadGEM3-GC31-LL_historical_r34i1p1f3_gn_185001-194912.nc;./HadGEM3-GC31-LL/historical/rsut_Amon_HadGEM3-GC31-LL_historical_r34i1p1f3_gn_195001-201412.nc,Amon;Amon,gn;gn,185001-194912;195001-201412
HadGEM3-GC31-LL,historical,r35i1p1f3,ambiguous,,tas;rsdt;rlut;rsut,./HadGEM3-GC31-LL/historical/tas_Amon_HadGEM3-GC31-LL_historical_r35i1p1f3_gn_185001-194912.nc;./HadGEM3-GC31-LL/historical/tas_Amon_HadGEM3-GC31-LL_historical_r35i1p1f3_gn_195001-201412.nc,Amon;Amon,gn;gn,185001-194912;195001-201412,./HadGEM3-GC31-LL/historical/rsdt_Amon_HadGEM3-GC31-LL_historical_r35i1p1f3_gn_185001-194912.nc;./HadGEM3-GC31-LL/historical/rsdt_Amon_HadGEM3-GC31-LL_historical_r35i1p1f3_gn_195001-201412.nc,Amon;Amon,gn;gn,185001-194912;195001-201412,./HadGEM3-GC31-LL/historical/rlut_Amon_HadGEM3-GC31-LL_historical_r35i1p1f3_gn_185001-194912.nc;./HadGEM3-GC31-LL/historical/rlut_Amon_HadGEM3-GC31-LL_historical_r35i1p1f3_gn_195001-201412.nc,Amon;Amon,gn;gn,185001-194912;195001-201412,./HadGEM3-GC31-LL/historical/rsut_Amon_HadGEM3-GC31-LL_historical_r35i1p1f3_gn_185001-194912.nc;./HadGEM3-GC31-LL/historical/rsut_Amon_HadGEM3-GC31-LL_historical_r35i1p1f3_gn_195001-201412.nc,Amon;Amon,gn;gn,185001-194912;195001-201412
HadGEM3-GC31-LL,historical,r36i1p1f3,ambiguous,,tas;rsdt;rlut;rsut,./HadGEM3-GC31-LL/historical/tas_Amon_HadGEM3-GC31-LL_historical_r36i1p1f3_gn_185001-194912.nc;./HadGEM3-GC31-LL/historical/tas_Amon_HadGEM3-GC31-LL_historical_r36i1p1f3_gn_195001-201412.nc,Amon;Amon,gn;gn,185001-194912;195001-201412,./HadGEM3-GC31-LL/historical/rsdt_Amon_HadGEM3-GC31-LL_historical_r36i1p1f3_gn_185001-194912.nc;./HadGEM3-GC31-LL/historical/rsdt_Amon_HadGEM3-GC31-LL_historical_r36i1p1f3_gn_195001-201412.nc,Amon;Amon,gn;gn,185001-194912;195001-201412,./HadGEM3-GC31-LL/historical/rlut_Amon_HadGEM3-GC31-LL_historical_r36i1p1f3_gn_185001-194912.nc;./HadGEM3-GC31-LL/historical/rlut_Amon_HadGEM3-GC31-LL_historical_r36i1p1f3_gn_195001-201412.nc,Amon;Amon,gn;gn,185001-194912;195001-201412,./HadGEM3-GC31-LL/historical/rsut_Amon_HadGEM3-GC31-LL_historical_r36i1p1f3_gn_185001-194912.nc;./HadGEM3-GC31-LL/historical/rsut_Amon_HadGEM3-GC31-LL_historical_r36i1p1f3_gn_195001-201412.nc,Amon;Amon,gn;gn,185001-194912;195001-201412
HadGEM3-GC31-LL,historical,r37i1p1f3,ambiguous,,tas;rsdt;rlut;rsut,./HadGEM3-GC31-LL/historical/tas_Amon_HadGEM3-GC31-LL_historical_r37i1p1f3_gn_185001-194912.nc;./HadGEM3-GC31-LL/historical/tas_Amon_HadGEM3-GC31-LL_historical_r37i1p1f3_gn_195001-201412.nc,Amon;Amon,gn;gn,185001-194912;195001-201412,./HadGEM3-GC31-LL/historical/rsdt_Amon_HadGEM3-GC31-LL_historical_r37i1p1f3_gn_185001-194912.nc;./HadGEM3-GC31-LL/historical/rsdt_Amon_HadGEM3-GC31-LL_historical_r37i1p1f3_gn_195001-201412.nc,Amon;Amon,gn;gn,185001-194912;195001-201412,./HadGEM3-GC31-LL/historical/rlut_Amon_HadGEM3-GC31-LL_historical_r37i1p1f3_gn_185001-194912.nc;./HadGEM3-GC31-LL/historical/rlut_Amon_HadGEM3-GC31-LL_historical_r37i1p1f3_gn_195001-201412.nc,Amon;Amon,gn;gn,185001-194912;195001-201412,./HadGEM3-GC31-LL/historical/rsut_Amon_HadGEM3-GC31-LL_historical_r37i1p1f3_gn_185001-194912.nc;./HadGEM3-GC31-LL/historical/rsut_Amon_HadGEM3-GC31-LL_historical_r37i1p1f3_gn_195001-201412.nc,Amon;Amon,gn;gn,185001-194912;195001-201412
HadGEM3-GC31-LL,historical,r38i1p1f3,ambiguous,,tas;rsdt;rlut;rsut,./HadGEM3-GC31-LL/historical/tas_Amon_HadGEM3-GC31-LL_historical_r38i1p1f3_gn_185001-194912.nc;./HadGEM3-GC31-LL/historical/tas_Amon_HadGEM3-GC31-LL_historical_r38i1p1f3_gn_195001-201412.nc,Amon;Amon,gn;gn,185001-194912;195001-201412,./HadGEM3-GC31-LL/historical/rsdt_Amon_HadGEM3-GC31-LL_historical_r38i1p1f3_gn_185001-194912.nc;./HadGEM3-GC31-LL/historical/rsdt_Amon_HadGEM3-GC31-LL_historical_r38i1p1f3_gn_195001-201412.nc,Amon;Amon,gn;gn,185001-194912;195001-201412,./HadGEM3-GC31-LL/historical/rlut_Amon_HadGEM3-GC31-LL_historical_r38i1p1f3_gn_185001-194912.nc;./HadGEM3-GC31-LL/historical/rlut_Amon_HadGEM3-GC31-LL_historical_r38i1p1f3_gn_195001-201412.nc,Amon;Amon,gn;gn,185001-194912;195001-201412,./HadGEM3-GC31-LL/historical/rsut_Amon_HadGEM3-GC31-LL_historical_r38i1p1f3_gn_185001-194912.nc;./HadGEM3-GC31-LL/historical/rsut_Amon_HadGEM3-GC31-LL_historical_r38i1p1f3_gn_195001-201412.nc,Amon;Amon,gn;gn,185001-194912;195001-201412
HadGEM3-GC31-LL,historical,r39i1p1f3,ambiguous,,tas;rsdt;rlut;rsut,./HadGEM3-GC31-LL/historical/tas_Amon_HadGEM3-GC31-LL_historical_r39i1p1f3_gn_185001-194912.nc;./HadGEM3-GC31-LL/historical/tas_Amon_HadGEM3-GC31-LL_historical_r39i1p1f3_gn_195001-201412.nc,Amon;Amon,gn;gn,185001-194912;195001-201412,./HadGEM3-GC31-LL/historical/rsdt_Amon_HadGEM3-GC31-LL_historical_r39i1p1f3_gn_185001-194912.nc;./HadGEM3-GC31-LL/historical/rsdt_Amon_HadGEM3-GC31-LL_historical_r39i1p1f3_gn_195001-201412.nc,Amon;Amon,gn;gn,185001-194912;195001-201412,./HadGEM3-GC31-LL/historical/rlut_Amon_HadGEM3-GC31-LL_historical_r39i1p1f3_gn_185001-194912.nc;./HadGEM3-GC31-LL/historical/rlut_Amon_HadGEM3-GC31-LL_historical_r39i1p1f3_gn_195001-201412.nc,Amon;Amon,gn;gn,185001-194912;195001-201412,./HadGEM3-GC31-LL/historical/rsut_Amon_HadGEM3-GC31-LL_historical_r39i1p1f3_gn_185001-194912.nc;./HadGEM3-GC31-LL/historical/rsut_Amon_HadGEM3-GC31-LL_historical_r39i1p1f3_gn_195001-201412.nc,Amon;Amon,gn;gn,185001-194912;195001-201412
HadGEM3-GC31-LL,historical,r3i1p1f3,ambiguous,,tas;rsdt;rlut;rsut,./HadGEM3-GC31-LL/historical/tas_Amon_HadGEM3-GC31-LL_historical_r3i1p1f3_gn_185001-194912.nc;./HadGEM3-GC31-LL/historical/tas_Amon_HadGEM3-GC31-LL_historical_r3i1p1f3_gn_195001-201412.nc,Amon;Amon,gn;gn,185001-194912;195001-201412,./HadGEM3-GC31-LL/historical/rsdt_Amon_HadGEM3-GC31-LL_historical_r3i1p1f3_gn_185001-194912.nc;./HadGEM3-GC31-LL/historical/rsdt_Amon_HadGEM3-GC31-LL_historical_r3i1p1f3_gn_195001-201412.nc,Amon;Amon,gn;gn,185001-194912;195001-201412,./HadGEM3-GC31-LL/historical/rlut_Amon_HadGEM3-GC31-LL_historical_r3i1p1f3_gn_185001-194912.nc;./HadGEM3-GC31-LL/historical/rlut_Amon_HadGEM3-GC31-LL_historical_r3i1p1f3_gn_195001-201412.nc,Amon;Amon,gn;gn,185001-194912;195001-201412,./HadGEM3-GC31-LL/historical/rsut_Amon_HadGEM3-GC31-LL_historical_r3i1p1f3_gn_185001-194912.nc;./HadGEM3-GC31-LL/historical/rsut_Amon_HadGEM3-GC31-LL_historical_r3i1p1f3_gn_195001-201412.nc,Amon;Amon,gn;gn,185001-194912;195001-201412
HadGEM3-GC31-LL,historical,r40i1p1f3,ambiguous,,tas;rsdt;rlut;rsut,./HadGEM3-GC31-LL/historical/tas_Amon_HadGEM3-GC31-LL_historical_r40i1p1f3_gn_185001-194912.nc;./HadGEM3-GC31-LL/historical/tas_Amon_HadGEM3-GC31-LL_historical_r40i1p1f3_gn_195001-201412.nc,Amon;Amon,gn;gn,185001-194912;195001-201412,./HadGEM3-GC31-LL/historical/rsdt_Amon_HadGEM3-GC31-LL_historical_r40i1p1f3_gn_185001-194912.nc;./HadGEM3-GC31-LL/historical/rsdt_Amon_HadGEM3-GC31-LL_historical_r40i1p1f3_gn_195001-201412.nc,Amon;Amon,gn;gn,185001-194912;195001-201412,./HadGEM3-GC31-LL/historical/rlut_Amon_HadGEM3-GC31-LL_historical_r40i1p1f3_gn_185001-194912.nc;./HadGEM3-GC31-LL/historical/rlut_Amon_HadGEM3-GC31-LL_historical_r40i1p1f3_gn_195001-201412.nc,Amon;Amon,gn;gn,185001-194912;195001-201412,./HadGEM3-GC31-LL/historical/rsut_Amon_HadGEM3-GC31-LL_historical_r40i1p1f3_gn_185001-194912.nc;./HadGEM3-GC31-LL/historical/rsut_Amon_HadGEM3-GC31-LL_historical_r40i1p1f3_gn_195001-201412.nc,Amon;Amon,gn;gn,185001-194912;195001-201412
HadGEM3-GC31-LL,historical,r41i1p1f3,ambiguous,,tas;rsdt;rlut;rsut,./HadGEM3-GC31-LL/historical/tas_Amon_HadGEM3-GC31-LL_historical_r41i1p1f3_gn_185001-194912.nc;./HadGEM3-GC31-LL/historical/tas_Amon_HadGEM3-GC31-LL_historical_r41i1p1f3_gn_195001-201412.nc,Amon;Amon,gn;gn,185001-194912;195001-201412,./HadGEM3-GC31-LL/historical/rsdt_Amon_HadGEM3-GC31-LL_historical_r41i1p1f3_gn_185001-194912.nc;./HadGEM3-GC31-LL/historical/rsdt_Amon_HadGEM3-GC31-LL_historical_r41i1p1f3_gn_195001-201412.nc,Amon;Amon,gn;gn,185001-194912;195001-201412,./HadGEM3-GC31-LL/historical/rlut_Amon_HadGEM3-GC31-LL_historical_r41i1p1f3_gn_185001-194912.nc;./HadGEM3-GC31-LL/historical/rlut_Amon_HadGEM3-GC31-LL_historical_r41i1p1f3_gn_195001-201412.nc,Amon;Amon,gn;gn,185001-194912;195001-201412,./HadGEM3-GC31-LL/historical/rsut_Amon_HadGEM3-GC31-LL_historical_r41i1p1f3_gn_185001-194912.nc;./HadGEM3-GC31-LL/historical/rsut_Amon_HadGEM3-GC31-LL_historical_r41i1p1f3_gn_195001-201412.nc,Amon;Amon,gn;gn,185001-194912;195001-201412
HadGEM3-GC31-LL,historical,r42i1p1f3,ambiguous,,tas;rsdt;rlut;rsut,./HadGEM3-GC31-LL/historical/tas_Amon_HadGEM3-GC31-LL_historical_r42i1p1f3_gn_185001-194912.nc;./HadGEM3-GC31-LL/historical/tas_Amon_HadGEM3-GC31-LL_historical_r42i1p1f3_gn_195001-201412.nc,Amon;Amon,gn;gn,185001-194912;195001-201412,./HadGEM3-GC31-LL/historical/rsdt_Amon_HadGEM3-GC31-LL_historical_r42i1p1f3_gn_185001-194912.nc;./HadGEM3-GC31-LL/historical/rsdt_Amon_HadGEM3-GC31-LL_historical_r42i1p1f3_gn_195001-201412.nc,Amon;Amon,gn;gn,185001-194912;195001-201412,./HadGEM3-GC31-LL/historical/rlut_Amon_HadGEM3-GC31-LL_historical_r42i1p1f3_gn_185001-194912.nc;./HadGEM3-GC31-LL/historical/rlut_Amon_HadGEM3-GC31-LL_historical_r42i1p1f3_gn_195001-201412.nc,Amon;Amon,gn;gn,185001-194912;195001-201412,./HadGEM3-GC31-LL/historical/rsut_Amon_HadGEM3-GC31-LL_historical_r42i1p1f3_gn_185001-194912.nc;./HadGEM3-GC31-LL/historical/rsut_Amon_HadGEM3-GC31-LL_historical_r42i1p1f3_gn_195001-201412.nc,Amon;Amon,gn;gn,185001-194912;195001-201412
HadGEM3-GC31-LL,historical,r43i1p1f3,ambiguous,,tas;rsdt;rlut;rsut,./HadGEM3-GC31-LL/historical/tas_Amon_HadGEM3-GC31-LL_historical_r43i1p1f3_gn_185001-194912.nc;./HadGEM3-GC31-LL/historical/tas_Amon_HadGEM3-GC31-LL_historical_r43i1p1f3_gn_195001-201412.nc,Amon;Amon,gn;gn,185001-194912;195001-201412,./HadGEM3-GC31-LL/historical/rsdt_Amon_HadGEM3-GC31-LL_historical_r43i1p1f3_gn_185001-194912.nc;./HadGEM3-GC31-LL/historical/rsdt_Amon_HadGEM3-GC31-LL_historical_r43i1p1f3_gn_195001-201412.nc,Amon;Amon,gn;gn,185001-194912;195001-201412,./HadGEM3-GC31-LL/historical/rlut_Amon_HadGEM3-GC31-LL_historical_r43i1p1f3_gn_185001-194912.nc;./HadGEM3-GC31-LL/historical/rlut_Amon_HadGEM3-GC31-LL_historical_r43i1p1f3_gn_195001-201412.nc,Amon;Amon,gn;gn,185001-194912;195001-201412,./HadGEM3-GC31-LL/historical/rsut_Amon_HadGEM3-GC31-LL_historical_r43i1p1f3_gn_185001-194912.nc;./HadGEM3-GC31-LL/historical/rsut_Amon_HadGEM3-GC31-LL_historical_r43i1p1f3_gn_195001-201412.nc,Amon;Amon,gn;gn,185001-194912;195001-201412
HadGEM3-GC31-LL,historical,r44i1p1f3,ambiguous,,tas;rsdt;rlut;rsut,./HadGEM3-GC31-LL/historical/tas_Amon_HadGEM3-GC31-LL_historical_r44i1p1f3_gn_185001-194912.nc;./HadGEM3-GC31-LL/historical/tas_Amon_HadGEM3-GC31-LL_historical_r44i1p1f3_gn_195001-201412.nc,Amon;Amon,gn;gn,185001-194912;195001-201412,./HadGEM3-GC31-LL/historical/rsdt_Amon_HadGEM3-GC31-LL_historical_r44i1p1f3_gn_185001-194912.nc;./HadGEM3-GC31-LL/historical/rsdt_Amon_HadGEM3-GC31-LL_historical_r44i1p1f3_gn_195001-201412.nc,Amon;Amon,gn;gn,185001-194912;195001-201412,./HadGEM3-GC31-LL/historical/rlut_Amon_HadGEM3-GC31-LL_historical_r44i1p1f3_gn_185001-194912.nc;./HadGEM3-GC31-LL/historical/rlut_Amon_HadGEM3-GC31-LL_historical_r44i1p1f3_gn_195001-201412.nc,Amon;Amon,gn;gn,185001-194912;195001-201412,./HadGEM3-GC31-LL/historical/rsut_Amon_HadGEM3-GC31-LL_historical_r44i1p1f3_gn_185001-194912.nc;./HadGEM3-GC31-LL/historical/rsut_Amon_HadGEM3-GC31-LL_historical_r44i1p1f3_gn_195001-201412.nc,Amon;Amon,gn;gn,185001-194912;195001-201412
HadGEM3-GC31-LL,historical,r45i1p1f3,ambiguous,,tas;rsdt;rlut;rsut,./HadGEM3-GC31-LL/historical/tas_Amon_HadGEM3-GC31-LL_historical_r45i1p1f3_gn_185001-194912.nc;./HadGEM3-GC31-LL/historical/tas_Amon_HadGEM3-GC31-LL_historical_r45i1p1f3_gn_195001-201412.nc,Amon;Amon,gn;gn,185001-194912;195001-201412,./HadGEM3-GC31-LL/historical/rsdt_Amon_HadGEM3-GC31-LL_historical_r45i1p1f3_gn_185001-194912.nc;./HadGEM3-GC31-LL/historical/rsdt_Amon_HadGEM3-GC31-LL_historical_r45i1p1f3_gn_195001-201412.nc,Amon;Amon,gn;gn,185001-194912;195001-201412,./HadGEM3-GC31-LL/historical/rlut_Amon_HadGEM3-GC31-LL_historical_r45i1p1f3_gn_185001-194912.nc;./HadGEM3-GC31-LL/historical/rlut_Amon_HadGEM3-GC31-LL_historical_r45i1p1f3_gn_195001-201412.nc,Amon;Amon,gn;gn,185001-194912;195001-201412,./HadGEM3-GC31-LL/historical/rsut_Amon_HadGEM3-GC31-LL_historical_r45i1p1f3_gn_185001-194912.nc;./HadGEM3-GC31-LL/historical/rsut_Amon_HadGEM3-GC31-LL_historical_r45i1p1f3_gn_195001-201412.nc,Amon;Amon,gn;gn,185001-194912;195001-201412
HadGEM3-GC31-LL,historical,r46i1p1f3,ambiguous,,tas;rsdt;rlut;rsut,./HadGEM3-GC31-LL/historical/tas_Amon_HadGEM3-GC31-LL_historical_r46i1p1f3_gn_185001-194912.nc;./HadGEM3-GC31-LL/historical/tas_Amon_HadGEM3-GC31-LL_historical_r46i1p1f3_gn_195001-201412.nc,Amon;Amon,gn;gn,185001-194912;195001-201412,./HadGEM3-GC31-LL/historical/rsdt_Amon_HadGEM3-GC31-LL_historical_r46i1p1f3_gn_185001-194912.nc;./HadGEM3-GC31-LL/historical/rsdt_Amon_HadGEM3-GC31-LL_historical_r46i1p1f3_gn_195001-201412.nc,Amon;Amon,gn;gn,185001-194912;195001-201412,./HadGEM3-GC31-LL/historical/rlut_Amon_HadGEM3-GC31-LL_historical_r46i1p1f3_gn_185001-194912.nc;./HadGEM3-GC31-LL/historical/rlut_Amon_HadGEM3-GC31-LL_historical_r46i1p1f3_gn_195001-201412.nc,Amon;Amon,gn;gn,185001-194912;195001-201412,./HadGEM3-GC31-LL/historical/rsut_Amon_HadGEM3-GC31-LL_historical_r46i1p1f3_gn_185001-194912.nc;./HadGEM3-GC31-LL/historical/rsut_Amon_HadGEM3-GC31-LL_historical_r46i1p1f3_gn_195001-201412.nc,Amon;Amon,gn;gn,185001-194912;195001-201412
HadGEM3-GC31-LL,historical,r47i1p1f3,ambiguous,,tas;rsdt;rlut;rsut,./HadGEM3-GC31-LL/historical/tas_Amon_HadGEM3-GC31-LL_historical_r47i1p1f3_gn_185001-194912.nc;./HadGEM3-GC31-LL/historical/tas_Amon_HadGEM3-GC31-LL_historical_r47i1p1f3_gn_195001-201412.nc,Amon;Amon,gn;gn,185001-194912;195001-201412,./HadGEM3-GC31-LL/historical/rsdt_Amon_HadGEM3-GC31-LL_historical_r47i1p1f3_gn_185001-194912.nc;./HadGEM3-GC31-LL/historical/rsdt_Amon_HadGEM3-GC31-LL_historical_r47i1p1f3_gn_195001-201412.nc,Amon;Amon,gn;gn,185001-194912;195001-201412,./HadGEM3-GC31-LL/historical/rlut_Amon_HadGEM3-GC31-LL_historical_r47i1p1f3_gn_185001-194912.nc;./HadGEM3-GC31-LL/historical/rlut_Amon_HadGEM3-GC31-LL_historical_r47i1p1f3_gn_195001-201412.nc,Amon;Amon,gn;gn,185001-194912;195001-201412,./HadGEM3-GC31-LL/historical/rsut_Amon_HadGEM3-GC31-LL_historical_r47i1p1f3_gn_185001-194912.nc;./HadGEM3-GC31-LL/historical/rsut_Amon_HadGEM3-GC31-LL_historical_r47i1p1f3_gn_195001-201412.nc,Amon;Amon,gn;gn,185001-194912;195001-201412
HadGEM3-GC31-LL,historical,r48i1p1f3,ambiguous,,tas;rsdt;rlut;rsut,./HadGEM3-GC31-LL/historical/tas_Amon_HadGEM3-GC31-LL_historical_r48i1p1f3_gn_185001-194912.nc;./HadGEM3-GC31-LL/historical/tas_Amon_HadGEM3-GC31-LL_historical_r48i1p1f3_gn_195001-201412.nc,Amon;Amon,gn;gn,185001-194912;195001-201412,./HadGEM3-GC31-LL/historical/rsdt_Amon_HadGEM3-GC31-LL_historical_r48i1p1f3_gn_185001-194912.nc;./HadGEM3-GC31-LL/historical/rsdt_Amon_HadGEM3-GC31-LL_historical_r48i1p1f3_gn_195001-201412.nc,Amon;Amon,gn;gn,185001-194912;195001-201412,./HadGEM3-GC31-LL/historical/rlut_Amon_HadGEM3-GC31-LL_historical_r48i1p1f3_gn_185001-194912.nc;./HadGEM3-GC31-LL/historical/rlut_Amon_HadGEM3-GC31-LL_historical_r48i1p1f3_gn_195001-201412.nc,Amon;Amon,gn;gn,185001-194912;195001-201412,./HadGEM3-GC31-LL/historical/rsut_Amon_HadGEM3-GC31-LL_historical_r48i1p1f3_gn_185001-194912.nc;./HadGEM3-GC31-LL/historical/rsut_Amon_HadGEM3-GC31-LL_historical_r48i1p1f3_gn_195001-201412.nc,Amon;Amon,gn;gn,185001-194912;195001-201412
HadGEM3-GC31-LL,historical,r49i1p1f3,ambiguous,,tas;rsdt;rlut;rsut,./HadGEM3-GC31-LL/historical/tas_Amon_HadGEM3-GC31-LL_historical_r49i1p1f3_gn_185001-194912.nc;./HadGEM3-GC31-LL/historical/tas_Amon_HadGEM3-GC31-LL_historical_r49i1p1f3_gn_195001-201412.nc,Amon;Amon,gn;gn,185001-194912;195001-201412,./HadGEM3-GC31-LL/historical/rsdt_Amon_HadGEM3-GC31-LL_historical_r49i1p1f3_gn_185001-194912.nc;./HadGEM3-GC31-LL/historical/rsdt_Amon_HadGEM3-GC31-LL_historical_r49i1p1f3_gn_195001-201412.nc,Amon;Amon,gn;gn,185001-194912;195001-201412,./HadGEM3-GC31-LL/historical/rlut_Amon_HadGEM3-GC31-LL_historical_r49i1p1f3_gn_185001-194912.nc;./HadGEM3-GC31-LL/historical/rlut_Amon_HadGEM3-GC31-LL_historical_r49i1p1f3_gn_195001-201412.nc,Amon;Amon,gn;gn,185001-194912;195001-201412,./HadGEM3-GC31-LL/historical/rsut_Amon_HadGEM3-GC31-LL_historical_r49i1p1f3_gn_185001-194912.nc;./HadGEM3-GC31-LL/historical/rsut_Amon_HadGEM3-GC31-LL_historical_r49i1p1f3_gn_195001-201412.nc,Amon;Amon,gn;gn,185001-194912;195001-201412
HadGEM3-GC31-LL,historical,r4i1p1f3,ambiguous,,tas;rsdt;rlut;rsut,./HadGEM3-GC31-LL/historical/tas_Amon_HadGEM3-GC31-LL_historical_r4i1p1f3_gn_185001-194912.nc;./HadGEM3-GC31-LL/historical/tas_Amon_HadGEM3-GC31-LL_historical_r4i1p1f3_gn_195001-201412.nc,Amon;Amon,gn;gn,185001-194912;195001-201412,./HadGEM3-GC31-LL/historical/rsdt_Amon_HadGEM3-GC31-LL_historical_r4i1p1f3_gn_185001-194912.nc;./HadGEM3-GC31-LL/historical/rsdt_Amon_HadGEM3-GC31-LL_historical_r4i1p1f3_gn_195001-201412.nc,Amon;Amon,gn;gn,185001-194912;195001-201412,./HadGEM3-GC31-LL/historical/rlut_Amon_HadGEM3-GC31-LL_historical_r4i1p1f3_gn_185001-194912.nc;./HadGEM3-GC31-LL/historical/rlut_Amon_HadGEM3-GC31-LL_historical_r4i1p1f3_gn_195001-201412.nc,Amon;Amon,gn;gn,185001-194912;195001-201412,./HadGEM3-GC31-LL/historical/rsut_Amon_HadGEM3-GC31-LL_historical_r4i1p1f3_gn_185001-194912.nc;./HadGEM3-GC31-LL/historical/rsut_Amon_HadGEM3-GC31-LL_historical_r4i1p1f3_gn_195001-201412.nc,Amon;Amon,gn;gn,185001-194912;195001-201412
HadGEM3-GC31-LL,historical,r50i1p1f3,ambiguous,,tas;rsdt;rlut;rsut,./HadGEM3-GC31-LL/historical/tas_Amon_HadGEM3-GC31-LL_historical_r50i1p1f3_gn_185001-194912.nc;./HadGEM3-GC31-LL/historical/tas_Amon_HadGEM3-GC31-LL_historical_r50i1p1f3_gn_195001-201412.nc,Amon;Amon,gn;gn,185001-194912;195001-201412,./HadGEM3-GC31-LL/historical/rsdt_Amon_HadGEM3-GC31-LL_historical_r50i1p1f3_gn_185001-194912.nc;./HadGEM3-GC31-LL/historical/rsdt_Amon_HadGEM3-GC31-LL_historical_r50i1p1f3_gn_195001-201412.nc,Amon;Amon,gn;gn,185001-194912;195001-201412,./HadGEM3-GC31-LL/historical/rlut_Amon_HadGEM3-GC31-LL_historical_r50i1p1f3_gn_185001-194912.nc;./HadGEM3-GC31-LL/historical/rlut_Amon_HadGEM3-GC31-LL_historical_r50i1p1f3_gn_195001-201412.nc,Amon;Amon,gn;gn,185001-194912;195001-201412,./HadGEM3-GC31-LL/historical/rsut_Amon_HadGEM3-GC31-LL_historical_r50i1p1f3_gn_185001-194912.nc;./HadGEM3-GC31-LL/historical/rsut_Amon_HadGEM3-GC31-LL_historical_r50i1p1f3_gn_195001-201412.nc,Amon;Amon,gn;gn,185001-194912;195001-201412
HadGEM3-GC31-LL,historical,r51i1p1f3,ambiguous,,tas;rsdt;rlut;rsut,./HadGEM3-GC31-LL/historical/tas_Amon_HadGEM3-GC31-LL_historical_r51i1p1f3_gn_185001-194912.nc;./HadGEM3-GC31-LL/historical/tas_Amon_HadGEM3-GC31-LL_historical_r51i1p1f3_gn_195001-201412.nc,Amon;Amon,gn;gn,185001-194912;195001-201412,./HadGEM3-GC31-LL/historical/rsdt_Amon_HadGEM3-GC31-LL_historical_r51i1p1f3_gn_185001-194912.nc;./HadGEM3-GC31-LL/historical/rsdt_Amon_HadGEM3-GC31-LL_historical_r51i1p1f3_gn_195001-201412.nc,Amon;Amon,gn;gn,185001-194912;195001-201412,./HadGEM3-GC31-LL/historical/rlut_Amon_HadGEM3-GC31-LL_historical_r51i1p1f3_gn_185001-194912.nc;./HadGEM3-GC31-LL/historical/rlut_Amon_HadGEM3-GC31-LL_historical_r51i1p1f3_gn_195001-201412.nc,Amon;Amon,gn;gn,185001-194912;195001-201412,./HadGEM3-GC31-LL/historical/rsut_Amon_HadGEM3-GC31-LL_historical_r51i1p1f3_gn_185001-194912.nc;./HadGEM3-GC31-LL/historical/rsut_Amon_HadGEM3-GC31-LL_historical_r51i1p1f3_gn_195001-201412.nc,Amon;Amon,gn;gn,185001-194912;195001-201412
HadGEM3-GC31-LL,historical,r52i1p1f3,ambiguous,,tas;rsdt;rlut;rsut,./HadGEM3-GC31-LL/historical/tas_Amon_HadGEM3-GC31-LL_historical_r52i1p1f3_gn_185001-194912.nc;./HadGEM3-GC31-LL/historical/tas_Amon_HadGEM3-GC31-LL_historical_r52i1p1f3_gn_195001-201412.nc,Amon;Amon,gn;gn,185001-194912;195001-201412,./HadGEM3-GC31-LL/historical/rsdt_Amon_HadGEM3-GC31-LL_historical_r52i1p1f3_gn_185001-194912.nc;./HadGEM3-GC31-LL/historical/rsdt_Amon_HadGEM3-GC31-LL_historical_r52i1p1f3_gn_195001-201412.nc,Amon;Amon,gn;gn,185001-194912;195001-201412,./HadGEM3-GC31-LL/historical/rlut_Amon_HadGEM3-GC31-LL_historical_r52i1p1f3_gn_185001-194912.nc;./HadGEM3-GC31-LL/historical/rlut_Amon_HadGEM3-GC31-LL_historical_r52i1p1f3_gn_195001-201412.nc,Amon;Amon,gn;gn,185001-194912;195001-201412,./HadGEM3-GC31-LL/historical/rsut_Amon_HadGEM3-GC31-LL_historical_r52i1p1f3_gn_185001-194912.nc;./HadGEM3-GC31-LL/historical/rsut_Amon_HadGEM3-GC31-LL_historical_r52i1p1f3_gn_195001-201412.nc,Amon;Amon,gn;gn,185001-194912;195001-201412
HadGEM3-GC31-LL,historical,r53i1p1f3,ambiguous,,tas;rsdt;rlut;rsut,./HadGEM3-GC31-LL/historical/tas_Amon_HadGEM3-GC31-LL_historical_r53i1p1f3_gn_185001-194912.nc;./HadGEM3-GC31-LL/historical/tas_Amon_HadGEM3-GC31-LL_historical_r53i1p1f3_gn_195001-201412.nc,Amon;Amon,gn;gn,185001-194912;195001-201412,./HadGEM3-GC31-LL/historical/rsdt_Amon_HadGEM3-GC31-LL_historical_r53i1p1f3_gn_185001-194912.nc;./HadGEM3-GC31-LL/historical/rsdt_Amon_HadGEM3-GC31-LL_historical_r53i1p1f3_gn_195001-201412.nc,Amon;Amon,gn;gn,185001-194912;195001-201412,./HadGEM3-GC31-LL/historical/rlut_Amon_HadGEM3-GC31-LL_historical_r53i1p1f3_gn_185001-194912.nc;./HadGEM3-GC31-LL/historical/rlut_Amon_HadGEM3-GC31-LL_historical_r53i1p1f3_gn_195001-201412.nc,Amon;Amon,gn;gn,185001-194912;195001-201412,./HadGEM3-GC31-LL/historical/rsut_Amon_HadGEM3-GC31-LL_historical_r53i1p1f3_gn_185001-194912.nc;./HadGEM3-GC31-LL/historical/rsut_Amon_HadGEM3-GC31-LL_historical_r53i1p1f3_gn_195001-201412.nc,Amon;Amon,gn;gn,185001-194912;195001-201412
HadGEM3-GC31-LL,historical,r54i1p1f3,ambiguous,,tas;rsdt;rlut;rsut,./HadGEM3-GC31-LL/historical/tas_Amon_HadGEM3-GC31-LL_historical_r54i1p1f3_gn_185001-194912.nc;./HadGEM3-GC31-LL/historical/tas_Amon_HadGEM3-GC31-LL_historical_r54i1p1f3_gn_195001-201412.nc,Amon;Amon,gn;gn,185001-194912;195001-201412,./HadGEM3-GC31-LL/historical/rsdt_Amon_HadGEM3-GC31-LL_historical_r54i1p1f3_gn_185001-194912.nc;./HadGEM3-GC31-LL/historical/rsdt_Amon_HadGEM3-GC31-LL_historical_r54i1p1f3_gn_195001-201412.nc,Amon;Amon,gn;gn,185001-194912;195001-201412,./HadGEM3-GC31-LL/historical/rlut_Amon_HadGEM3-GC31-LL_historical_r54i1p1f3_gn_185001-194912.nc;./HadGEM3-GC31-LL/historical/rlut_Amon_HadGEM3-GC31-LL_historical_r54i1p1f3_gn_195001-201412.nc,Amon;Amon,gn;gn,185001-194912;195001-201412,./HadGEM3-GC31-LL/historical/rsut_Amon_HadGEM3-GC31-LL_historical_r54i1p1f3_gn_185001-194912.nc;./HadGEM3-GC31-LL/historical/rsut_Amon_HadGEM3-GC31-LL_historical_r54i1p1f3_gn_195001-201412.nc,Amon;Amon,gn;gn,185001-194912;195001-201412
HadGEM3-GC31-LL,historical,r55i1p1f3,ambiguous,,tas;rsdt;rlut;rsut,./HadGEM3-GC31-LL/historical/tas_Amon_HadGEM3-GC31-LL_historical_r55i1p1f3_gn_185001-194912.nc;./HadGEM3-GC31-LL/historical/tas_Amon_HadGEM3-GC31-LL_historical_r55i1p1f3_gn_195001-201412.nc,Amon;Amon,gn;gn,185001-194912;195001-201412,./HadGEM3-GC31-LL/historical/rsdt_Amon_HadGEM3-GC31-LL_historical_r55i1p1f3_gn_185001-194912.nc;./HadGEM3-GC31-LL/historical/rsdt_Amon_HadGEM3-GC31-LL_historical_r55i1p1f3_gn_195001-201412.nc,Amon;Amon,gn;gn,185001-194912;195001-201412,./HadGEM3-GC31-LL/historical/rlut_Amon_HadGEM3-GC31-LL_historical_r55i1p1f3_gn_185001-194912.nc;./HadGEM3-GC31-LL/historical/rlut_Amon_HadGEM3-GC31-LL_historical_r55i1p1f3_gn_195001-201412.nc,Amon;Amon,gn;gn,185001-194912;195001-201412,./HadGEM3-GC31-LL/historical/rsut_Amon_HadGEM3-GC31-LL_historical_r55i1p1f3_gn_185001-194912.nc;./HadGEM3-GC31-LL/historical/rsut_Amon_HadGEM3-GC31-LL_historical_r55i1p1f3_gn_195001-201412.nc,Amon;Amon,gn;gn,185001-194912;195001-201412
HadGEM3-GC31-LL,historical,r56i1p1f3,ambiguous,,tas;rsdt;rlut;rsut,./HadGEM3-GC31-LL/historical/tas_Amon_HadGEM3-GC31-LL_historical_r56i1p1f3_gn_185001-194912.nc;./HadGEM3-GC31-LL/historical/tas_Amon_HadGEM3-GC31-LL_historical_r56i1p1f3_gn_195001-201412.nc,Amon;Amon,gn;gn,185001-194912;195001-201412,./HadGEM3-GC31-LL/historical/rsdt_Amon_HadGEM3-GC31-LL_historical_r56i1p1f3_gn_185001-194912.nc;./HadGEM3-GC31-LL/historical/rsdt_Amon_HadGEM3-GC31-LL_historical_r56i1p1f3_gn_195001-201412.nc,Amon;Amon,gn;gn,185001-194912;195001-201412,./HadGEM3-GC31-LL/historical/rlut_Amon_HadGEM3-GC31-LL_historical_r56i1p1f3_gn_185001-194912.nc;./HadGEM3-GC31-LL/historical/rlut_Amon_HadGEM3-GC31-LL_historical_r56i1p1f3_gn_195001-201412.nc,Amon;Amon,gn;gn,185001-194912;195001-201412,./HadGEM3-GC31-LL/historical/rsut_Amon_HadGEM3-GC31-LL_historical_r56i1p1f3_gn_185001-194912.nc;./HadGEM3-GC31-LL/historical/rsut_Amon_HadGEM3-GC31-LL_historical_r56i1p1f3_gn_195001-201412.nc,Amon;Amon,gn;gn,185001-194912;195001-201412
HadGEM3-GC31-LL,historical,r57i1p1f3,ambiguous,,tas;rsdt;rlut;rsut,./HadGEM3-GC31-LL/historical/tas_Amon_HadGEM3-GC31-LL_historical_r57i1p1f3_gn_185001-194912.nc;./HadGEM3-GC31-LL/historical/tas_Amon_HadGEM3-GC31-LL_historical_r57i1p1f3_gn_195001-201412.nc,Amon;Amon,gn;gn,185001-194912;195001-201412,./HadGEM3-GC31-LL/historical/rsdt_Amon_HadGEM3-GC31-LL_historical_r57i1p1f3_gn_185001-194912.nc;./HadGEM3-GC31-LL/historical/rsdt_Amon_HadGEM3-GC31-LL_historical_r57i1p1f3_gn_195001-201412.nc,Amon;Amon,gn;gn,185001-194912;195001-201412,./HadGEM3-GC31-LL/historical/rlut_Amon_HadGEM3-GC31-LL_historical_r57i1p1f3_gn_185001-194912.nc;./HadGEM3-GC31-LL/historical/rlut_Amon_HadGEM3-GC31-LL_historical_r57i1p1f3_gn_195001-201412.nc,Amon;Amon,gn;gn,185001-194912;195001-201412,./HadGEM3-GC31-LL/historical/rsut_Amon_HadGEM3-GC31-LL_historical_r57i1p1f3_gn_185001-194912.nc;./HadGEM3-GC31-LL/historical/rsut_Amon_HadGEM3-GC31-LL_historical_r57i1p1f3_gn_195001-201412.nc,Amon;Amon,gn;gn,185001-194912;195001-201412
HadGEM3-GC31-LL,historical,r58i1p1f3,ambiguous,,tas;rsdt;rlut;rsut,./HadGEM3-GC31-LL/historical/tas_Amon_HadGEM3-GC31-LL_historical_r58i1p1f3_gn_185001-194912.nc;./HadGEM3-GC31-LL/historical/tas_Amon_HadGEM3-GC31-LL_historical_r58i1p1f3_gn_195001-201412.nc,Amon;Amon,gn;gn,185001-194912;195001-201412,./HadGEM3-GC31-LL/historical/rsdt_Amon_HadGEM3-GC31-LL_historical_r58i1p1f3_gn_185001-194912.nc;./HadGEM3-GC31-LL/historical/rsdt_Amon_HadGEM3-GC31-LL_historical_r58i1p1f3_gn_195001-201412.nc,Amon;Amon,gn;gn,185001-194912;195001-201412,./HadGEM3-GC31-LL/historical/rlut_Amon_HadGEM3-GC31-LL_historical_r58i1p1f3_gn_185001-194912.nc;./HadGEM3-GC31-LL/historical/rlut_Amon_HadGEM3-GC31-LL_historical_r58i1p1f3_gn_195001-201412.nc,Amon;Amon,gn;gn,185001-194912;195001-201412,./HadGEM3-GC31-LL/historical/rsut_Amon_HadGEM3-GC31-LL_historical_r58i1p1f3_gn_185001-194912.nc;./HadGEM3-GC31-LL/historical/rsut_Amon_HadGEM3-GC31-LL_historical_r58i1p1f3_gn_195001-201412.nc,Amon;Amon,gn;gn,185001-194912;195001-201412
HadGEM3-GC31-LL,historical,r59i1p1f3,ambiguous,,tas;rsdt;rlut;rsut,./HadGEM3-GC31-LL/historical/tas_Amon_HadGEM3-GC31-LL_historical_r59i1p1f3_gn_185001-194912.nc;./HadGEM3-GC31-LL/historical/tas_Amon_HadGEM3-GC31-LL_historical_r59i1p1f3_gn_195001-201412.nc,Amon;Amon,gn;gn,185001-194912;195001-201412,./HadGEM3-GC31-LL/historical/rsdt_Amon_HadGEM3-GC31-LL_historical_r59i1p1f3_gn_185001-194912.nc;./HadGEM3-GC31-LL/historical/rsdt_Amon_HadGEM3-GC31-LL_historical_r59i1p1f3_gn_195001-201412.nc,Amon;Amon,gn;gn,185001-194912;195001-201412,./HadGEM3-GC31-LL/historical/rlut_Amon_HadGEM3-GC31-LL_historical_r59i1p1f3_gn_185001-194912.nc;./HadGEM3-GC31-LL/historical/rlut_Amon_HadGEM3-GC31-LL_historical_r59i1p1f3_gn_195001-201412.nc,Amon;Amon,gn;gn,185001-194912;195001-201412,./HadGEM3-GC31-LL/historical/rsut_Amon_HadGEM3-GC31-LL_historical_r59i1p1f3_gn_185001-194912.nc;./HadGEM3-GC31-LL/historical/rsut_Amon_HadGEM3-GC31-LL_historical_r59i1p1f3_gn_195001-201412.nc,Amon;Amon,gn;gn,185001-194912;195001-201412
HadGEM3-GC31-LL,historical,r5i1p1f3,ambiguous,,tas;rsdt;rlut;rsut,./HadGEM3-GC31-LL/historical/tas_Amon_HadGEM3-GC31-LL_historical_r5i1p1f3_gn_185001-194912.nc;./HadGEM3-GC31-LL/historical/tas_Amon_HadGEM3-GC31-LL_historical_r5i1p1f3_gn_195001-201412.nc,Amon;Amon,gn;gn,185001-194912;195001-201412,./HadGEM3-GC31-LL/historical/rsdt_Amon_HadGEM3-GC31-LL_historical_r5i1p1f3_gn_185001-194912.nc;./HadGEM3-GC31-LL/historical/rsdt_Amon_HadGEM3-GC31-LL_historical_r5i1p1f3_gn_195001-201412.nc,Amon;Amon,gn;gn,185001-194912;195001-201412,./HadGEM3-GC31-LL/historical/rlut_Amon_HadGEM3-GC31-LL_historical_r5i1p1f3_gn_185001-194912.nc;./HadGEM3-GC31-LL/historical/rlut_Amon_HadGEM3-GC31-LL_historical_r5i1p1f3_gn_195001-201412.nc,Amon;Amon,gn;gn,185001-194912;195001-201412,./HadGEM3-GC31-LL/historical/rsut_Amon_HadGEM3-GC31-LL_historical_r5i1p1f3_gn_185001-194912.nc;./HadGEM3-GC31-LL/historical/rsut_Amon_HadGEM3-GC31-LL_historical_r5i1p1f3_gn_195001-201412.nc,Amon;Amon,gn;gn,185001-194912;195001-201412
HadGEM3-GC31-LL,historical,r60i1p1f3,ambiguous,,tas;rsdt;rlut;rsut,./HadGEM3-GC31-LL/historical/tas_Amon_HadGEM3-GC31-LL_historical_r60i1p1f3_gn_185001-194912.nc;./HadGEM3-GC31-LL/historical/tas_Amon_HadGEM3-GC31-LL_historical_r60i1p1f3_gn_195001-201412.nc,Amon;Amon,gn;gn,185001-194912;195001-201412,./HadGEM3-GC31-LL/historical/rsdt_Amon_HadGEM3-GC31-LL_historical_r60i1p1f3_gn_185001-194912.nc;./HadGEM3-GC31-LL/historical/rsdt_Amon_HadGEM3-GC31-LL_historical_r60i1p1f3_gn_195001-201412.nc,Amon;Amon,gn;gn,185001-194912;195001-201412,./HadGEM3-GC31-LL/historical/rlut_Amon_HadGEM3-GC31-LL_historical_r60i1p1f3_gn_185001-194912.nc;./HadGEM3-GC31-LL/historical/rlut_Amon_HadGEM3-GC31-LL_historical_r60i1p1f3_gn_195001-201412.nc,Amon;Amon,gn;gn,185001-194912;195001-201412,./HadGEM3-GC31-LL/historical/rsut_Amon_HadGEM3-GC31-LL_historical_r60i1p1f3_gn_185001-194912.nc;./HadGEM3-GC31-LL/historical/rsut_Amon_HadGEM3-GC31-LL_historical_r60i1p1f3_gn_195001-201412.nc,Amon;Amon,gn;gn,185001-194912;195001-201412
HadGEM3-GC31-LL,piClim-histall,r1i1p1f3,ambiguous,tas,rsdt;rlut;rsut,,,,,./HadGEM3-GC31-LL/piClim-histall/rsdt_Amon_HadGEM3-GC31-LL_piClim-histall_r1i1p1f3_gn_185001-194912.nc;./HadGEM3-GC31-LL/piClim-histall/rsdt_Amon_HadGEM3-GC31-LL_piClim-histall_r1i1p1f3_gn_195001-204912.nc;./HadGEM3-GC31-LL/piClim-histall/rsdt_Amon_HadGEM3-GC31-LL_piClim-histall_r1i1p1f3_gn_205001-209912.nc,Amon;Amon;Amon,gn;gn;gn,185001-194912;195001-204912;205001-209912,./HadGEM3-GC31-LL/piClim-histall/rlut_Amon_HadGEM3-GC31-LL_piClim-histall_r1i1p1f3_gn_185001-194912.nc;./HadGEM3-GC31-LL/piClim-histall/rlut_Amon_HadGEM3-GC31-LL_piClim-histall_r1i1p1f3_gn_195001-204912.nc;./HadGEM3-GC31-LL/piClim-histall/rlut_Amon_HadGEM3-GC31-LL_piClim-histall_r1i1p1f3_gn_205001-209912.nc,Amon;Amon;Amon,gn;gn;gn,185001-194912;195001-204912;205001-209912,./HadGEM3-GC31-LL/piClim-histall/rsut_Amon_HadGEM3-GC31-LL_piClim-histall_r1i1p1f3_gn_185001-194912.nc;./HadGEM3-GC31-LL/piClim-histall/rsut_Amon_HadGEM3-GC31-LL_piClim-histall_r1i1p1f3_gn_195001-204912.nc;./HadGEM3-GC31-LL/piClim-histall/rsut_Amon_HadGEM3-GC31-LL_piClim-histall_r1i1p1f3_gn_205001-209912.nc,Amon;Amon;Amon,gn;gn;gn,185001-194912;195001-204912;205001-209912
HadGEM3-GC31-LL,piClim-histall,r2i1p1f3,ambiguous,tas,rsdt;rlut;rsut,,,,,./HadGEM3-GC31-LL/piClim-histall/rsdt_Amon_HadGEM3-GC31-LL_piClim-histall_r2i1p1f3_gn_185001-194912.nc;./HadGEM3-GC31-LL/piClim-histall/rsdt_Amon_HadGEM3-GC31-LL_piClim-histall_r2i1p1f3_gn_195001-204912.nc;./HadGEM3-GC31-LL/piClim-histall/rsdt_Amon_HadGEM3-GC31-LL_piClim-histall_r2i1p1f3_gn_205001-209912.nc,Amon;Amon;Amon,gn;gn;gn,185001-194912;195001-204912;205001-209912,./HadGEM3-GC31-LL/piClim-histall/rlut_Amon_HadGEM3-GC31-LL_piClim-histall_r2i1p1f3_gn_185001-194912.nc;./HadGEM3-GC31-LL/piClim-histall/rlut_Amon_HadGEM3-GC31-LL_piClim-histall_r2i1p1f3_gn_195001-204912.nc;./HadGEM3-GC31-LL/piClim-histall/rlut_Amon_HadGEM3-GC31-LL_piClim-histall_r2i1p1f3_gn_205001-209912.nc,Amon;Amon;Amon,gn;gn;gn,185001-194912;195001-204912;205001-209912,./HadGEM3-GC31-LL/piClim-histall/rsut_Amon_HadGEM3-GC31-LL_piClim-histall_r2i1p1f3_gn_185001-194912.nc;./HadGEM3-GC31-LL/piClim-histall/rsut_Amon_HadGEM3-GC31-LL_piClim-histall_r2i1p1f3_gn_195001-204912.nc;./HadGEM3-GC31-LL/piClim-histall/rsut_Amon_HadGEM3-GC31-LL_piClim-histall_r2i1p1f3_gn_205001-209912.nc,Amon;Amon;Amon,gn;gn;gn,185001-194912;195001-204912;205001-209912
HadGEM3-GC31-LL,piClim-histall,r3i1p1f3,ambiguous,tas,rsdt;rlut;rsut,,,,,./HadGEM3-GC31-LL/piClim-histall/rsdt_Amon_HadGEM3-GC31-LL_piClim-histall_r3i1p1f3_gn_185001-194912.nc;./HadGEM3-GC31-LL/piClim-histall/rsdt_Amon_HadGEM3-GC31-LL_piClim-histall_r3i1p1f3_gn_195001-204912.nc;./HadGEM3-GC31-LL/piClim-histall/rsdt_Amon_HadGEM3-GC31-LL_piClim-histall_r3i1p1f3_gn_205001-209912.nc,Amon;Amon;Amon,gn;gn;gn,185001-194912;195001-204912;205001-209912,./HadGEM3-GC31-LL/piClim-histall/rlut_Amon_HadGEM3-GC31-LL_piClim-histall_r3i1p1f3_gn_185001-194912.nc;./HadGEM3-GC31-LL/piClim-histall/rlut_Amon_HadGEM3-GC31-LL_piClim-histall_r3i1p1f3_gn_195001-204912.nc;./HadGEM3-GC31-LL/piClim-histall/rlut_Amon_HadGEM3-GC31-LL_piClim-histall_r3i1p1f3_gn_205001-209912.nc,Amon;Amon;Amon,gn;gn;gn,185001-194912;195001-204912;205001-209912,./HadGEM3-GC31-LL/piClim-histall/rsut_Amon_HadGEM3-GC31-LL_piClim-histall_r3i1p1f3_gn_185001-194912.nc;./HadGEM3-GC31-LL/piClim-histall/rsut_Amon_HadGEM3-GC31-LL_piClim-histall_r3i1p1f3_gn_195001-204912.nc;./HadGEM3-GC31-LL/piClim-histall/rsut_Amon_HadGEM3-GC31-LL_piClim-histall_r3i1p1f3_gn_205001-209912.nc,Amon;Amon;Amon,gn;gn;gn,185001-194912;195001-204912;205001-209912
HadGEM3-GC31-LL,ssp245,r11i1p1f3,complete,,,./HadGEM3-GC31-LL/ssp245/tas_Amon_HadGEM3-GC31-LL_ssp245_r11i1p1f3_gn_201501-202012.nc,Amon,gn,201501-202012,./HadGEM3-GC31-LL/ssp245/rsdt_Amon_HadGEM3-GC31-LL_ssp245_r11i1p1f3_gn_201501-202012.nc,Amon,gn,201501-202012,./HadGEM3-GC31-LL/ssp245/rlut_Amon_HadGEM3-GC31-LL_ssp245_r11i1p1f3_gn_201501-202012.nc,Amon,gn,201501-202012,./HadGEM3-GC31-LL/ssp245/rsut_Amon_HadGEM3-GC31-LL_ssp245_r11i1p1f3_gn_201501-202012.nc,Amon,gn,201501-202012
HadGEM3-GC31-LL,ssp245,r12i1p1f3,complete,,,./HadGEM3-GC31-LL/ssp245/tas_Amon_HadGEM3-GC31-LL_ssp245_r12i1p1f3_gn_201501-202012.nc,Amon,gn,201501-202012,./HadGEM3-GC31-LL/ssp245/rsdt_Amon_HadGEM3-GC31-LL_ssp245_r12i1p1f3_gn_201501-202012.nc,Amon,gn,201501-202012,./HadGEM3-GC31-LL/ssp245/rlut_Amon_HadGEM3-GC31-LL_ssp245_r12i1p1f3_gn_201501-202012.nc,Amon,gn,201501-202012,./HadGEM3-GC31-LL/ssp245/rsut_Amon_HadGEM3-GC31-LL_ssp245_r12i1p1f3_gn_201501-202012.nc,Amon,gn,201501-202012
HadGEM3-GC31-LL,ssp245,r13i1p1f3,complete,,,./HadGEM3-GC31-LL/ssp245/tas_Amon_HadGEM3-GC31-LL_ssp245_r13i1p1f3_gn_201501-202012.nc,Amon,gn,201501-202012,./HadGEM3-GC31-LL/ssp245/rsdt_Amon_HadGEM3-GC31-LL_ssp245_r13i1p1f3_gn_201501-202012.nc,Amon,gn,201501-202012,./HadGEM3-GC31-LL/ssp245/rlut_Amon_HadGEM3-GC31-LL_ssp245_r13i1p1f3_gn_201501-202012.nc,Amon,gn,201501-202012,./HadGEM3-GC31-LL/ssp245/rsut_Amon_HadGEM3-GC31-LL_ssp245_r13i1p1f3_gn_201501-202012.nc,Amon,gn,201501-202012
HadGEM3-GC31-LL,ssp245,r14i1p1f3,complete,,,./HadGEM3-GC31-LL/ssp245/tas_Amon_HadGEM3-GC31-LL_ssp245_r14i1p1f3_gn_201501-202012.nc,Amon,gn,201501-202012,./HadGEM3-GC31-LL/ssp245/rsdt_Amon_HadGEM3-GC31-LL_ssp245_r14i1p1f3_gn_201501-202012.nc,Amon,gn,201501-202012,./HadGEM3-GC31-LL/ssp245/rlut_Amon_HadGEM3-GC31-LL_ssp245_r14i1p1f3_gn_201501-202012.nc,Amon,gn,201501-202012,./HadGEM3-GC31-LL/ssp245/rsut_Amon_HadGEM3-GC31-LL_ssp245_r14i1p1f3_gn_201501-202012.nc,Amon,gn,201501-202012
HadGEM3-GC31-LL,ssp245,r15i1p1f3,complete,,,./HadGEM3-GC31-LL/ssp245/tas_Amon_HadGEM3-GC31-LL_ssp245_r15i1p1f3_gn_201501-202012.nc,Amon,gn,201501-202012,./HadGEM3-GC31-LL/ssp245/rsdt_Amon_HadGEM3-GC31-LL_ssp245_r15i1p1f3_gn_201501-202012.nc,Amon,gn,201501-202012,./HadGEM3-GC31-LL/ssp245/rlut_Amon_HadGEM3-GC31-LL_ssp245_r15i1p1f3_gn_201501-202012.nc,Amon,gn,201501-202012,./HadGEM3-GC31-LL/ssp245/rsut_Amon_HadGEM3-GC31-LL_ssp245_r15i1p1f3_gn_201501-202012.nc,Amon,gn,201501-202012
HadGEM3-GC31-LL,ssp245,r16i1p1f3,complete,,,./HadGEM3-GC31-LL/ssp245/tas_Amon_HadGEM3-GC31-LL_ssp245_r16i1p1f3_gn_201501-202012.nc,Amon,gn,201501-202012,./HadGEM3-GC31-LL/ssp245/rsdt_Amon_HadGEM3-GC31-LL_ssp245_r16i1p1f3_gn_201501-202012.nc,Amon,gn,201501-202012,./HadGEM3-GC31-LL/ssp245/rlut_Amon_HadGEM3-GC31-LL_ssp245_r16i1p1f3_gn_201501-202012.nc,Amon,gn,201501-202012,./HadGEM3-GC31-LL/ssp245/rsut_Amon_HadGEM3-GC31-LL_ssp245_r16i1p1f3_gn_201501-202012.nc,Amon,gn,201501-202012
HadGEM3-GC31-LL,ssp245,r17i1p1f3,complete,,,./HadGEM3-GC31-LL/ssp245/tas_Amon_HadGEM3-GC31-LL_ssp245_r17i1p1f3_gn_201501-202012.nc,Amon,gn,201501-202012,./HadGEM3-GC31-LL/ssp245/rsdt_Amon_HadGEM3-GC31-LL_ssp245_r17i1p1f3_gn_201501-202012.nc,Amon,gn,201501-202012,./HadGEM3-GC31-LL/ssp245/rlut_Amon_HadGEM3-GC31-LL_ssp245_r17i1p1f3_gn_201501-202012.nc,Amon,gn,201501-202012,./HadGEM3-GC31-LL/ssp245/rsut_Amon_HadGEM3-GC31-LL_ssp245_r17i1p1f3_gn_201501-202012.nc,Amon,gn,201501-202012
HadGEM3-GC31-LL,ssp245,r18i1p1f3,complete,,,./HadGEM3-GC31-LL/ssp245/tas_Amon_HadGEM3-GC31-LL_ssp245_r18i1p1f3_gn_201501-202012.nc,Amon,gn,201501-202012,./HadGEM3-GC31-LL/ssp245/rsdt_Amon_HadGEM3-GC31-LL_ssp245_r18i1p1f3_gn_201501-202012.nc,Amon,gn,201501-202012,./HadGEM3-GC31-LL/ssp245/rlut_Amon_HadGEM3-GC31-LL_ssp245_r18i1p1f3_gn_201501-202012.nc,Amon,gn,201501-202012,./HadGEM3-GC31-LL/ssp245/rsut_Amon_HadGEM3-GC31-LL_ssp245_r18i1p1f3_gn_201501-202012.nc,Amon,gn,201501-202012
HadGEM3-GC31-LL,ssp245,r19i1p1f3,complete,,,./HadGEM3-GC31-LL/ssp245/tas_Amon_HadGEM3-GC31-LL_ssp245_r19i1p1f3_gn_201501-202012.nc,Amon,gn,201501-202012,./HadGEM3-GC31-LL/ssp245/rsdt_Amon_HadGEM3-GC31-LL_ssp245_r19i1p1f3_gn_201501-202012.nc,Amon,gn,201501-202012,./HadGEM3-GC31-LL/ssp245/rlut_Amon_HadGEM3-GC31-LL_ssp245_r19i1p1f3_gn_201501-202012.nc,Amon,gn,201501-202012,./HadGEM3-GC31-LL/ssp245/rsut_Amon_HadGEM3-GC31-LL_ssp245_r19i1p1f3_gn_201501-202012.nc,Amon,gn,201501-202012
HadGEM3-GC31-LL,ssp245,r1i1p1f3,ambiguous,,tas;rsdt;rlut;rsut,./HadGEM3-GC31-LL/ssp245/tas_Amon_HadGEM3-GC31-LL_ssp245_r1i1p1f3_gn_201501-204912.nc;./HadGEM3-GC31-LL/ssp245/tas_Amon_HadGEM3-GC31-LL_ssp245_r1i1p1f3_gn_205001-210012.nc,Amon;Amon,gn;gn,201501-204912;205001-210012,./HadGEM3-GC31-LL/ssp245/rsdt_Amon_HadGEM3-GC31-LL_ssp245_r1i1p1f3_gn_201501-204912.nc;./HadGEM3-GC31-LL/ssp245/rsdt_Amon_HadGEM3-GC31-LL_ssp245_r1i1p1f3_gn_205001-210012.nc,Amon;Amon,gn;gn,201501-204912;205001-210012,./HadGEM3-GC31-LL/ssp245/rlut_Amon_HadGEM3-GC31-LL_ssp245_r1i1p1f3_gn_201501-204912.nc;./HadGEM3-GC31-LL/ssp245/rlut_Amon_HadGEM3-GC31-LL_ssp245_r1i1p1f3_gn_205001-210012.nc,Amon;Amon,gn;gn,201501-204912;205001-210012,./HadGEM3-GC31-LL/ssp245/rsut_Amon_HadGEM3-GC31-LL_ssp245_r1i1p1f3_gn_201501-204912.nc;./HadGEM3-GC31-LL/ssp245/rsut_Amon_HadGEM3-GC31-LL_ssp245_r1i1p1f3_gn_205001-210012.nc,Amon;Amon,gn;gn,201501-204912;205001-210012
HadGEM3-GC31-LL,ssp245,r20i1p1f3,complete,,,./HadGEM3-GC31-LL/ssp245/tas_Amon_HadGEM3-GC31-LL_ssp245_r20i1p1f3_gn_201501-202012.nc,Amon,gn,201501-202012,./HadGEM3-GC31-LL/ssp245/rsdt_Amon_HadGEM3-GC31-LL_ssp245_r20i1p1f3_gn_201501-202012.nc,Amon,gn,201501-202012,./HadGEM3-GC31-LL/ssp245/rlut_Amon_HadGEM3-GC31-LL_ssp245_r20i1p1f3_gn_201501-202012.nc,Amon,gn,201501-202012,./HadGEM3-GC31-LL/ssp245/rsut_Amon_HadGEM3-GC31-LL_ssp245_r20i1p1f3_gn_201501-202012.nc,Amon,gn,201501-202012
HadGEM3-GC31-LL,ssp245,r21i1p1f3,complete,,,./HadGEM3-GC31-LL/ssp245/tas_Amon_HadGEM3-GC31-LL_ssp245_r21i1p1f3_gn_201501-202012.nc,Amon,gn,201501-202012,./HadGEM3-GC31-LL/ssp245/rsdt_Amon_HadGEM3-GC31-LL_ssp245_r21i1p1f3_gn_201501-202012.nc,Amon,gn,201501-202012,./HadGEM3-GC31-LL/ssp245/rlut_Amon_HadGEM3-GC31-LL_ssp245_r21i1p1f3_gn_201501-202012.nc,Amon,gn,201501-202012,./HadGEM3-GC31-LL/ssp245/rsut_Amon_HadGEM3-GC31-LL_ssp245_r21i1p1f3_gn_201501-202012.nc,Amon,gn,201501-202012
HadGEM3-GC31-LL,ssp245,r22i1p1f3,complete,,,./HadGEM3-GC31-LL/ssp245/tas_Amon_HadGEM3-GC31-LL_ssp245_r22i1p1f3_gn_201501-202012.nc,Amon,gn,201501-202012,./HadGEM3-GC31-LL/ssp245/rsdt_Amon_HadGEM3-GC31-LL_ssp245_r22i1p1f3_gn_201501-202012.nc,Amon,gn,201501-202012,./HadGEM3-GC31-LL/ssp245/rlut_Amon_HadGEM3-GC31-LL_ssp245_r22i1p1f3_gn_201501-202012.nc,Amon,gn,201501-202012,./HadGEM3-GC31-LL/ssp245/rsut_Amon_HadGEM3-GC31-LL_ssp245_r22i1p1f3_gn_201501-202012.nc,Amon,gn,201501-202012
HadGEM3-GC31-LL,ssp245,r23i1p1f3,complete,,,./HadGEM3-GC31-LL/ssp245/tas_Amon_HadGEM3-GC31-LL_ssp245_r23i1p1f3_gn_201501-202012.nc,Amon,gn,201501-202012,./HadGEM3-GC31-LL/ssp245/rsdt_Amon_HadGEM3-GC31-LL_ssp245_r23i1p1f3_gn_201501-202012.nc,Amon,gn,201501-202012,./HadGEM3-GC31-LL/ssp245/rlut_Amon_HadGEM3-GC31-LL_ssp245_r23i1p1f3_gn_201501-202012.nc,Amon,gn,201501-202012,./HadGEM3-GC31-LL/ssp245/rsut_Amon_HadGEM3-GC31-LL_ssp245_r23i1p1f3_gn_201501-202012.nc,Amon,gn,201501-202012
HadGEM3-GC31-LL,ssp245,r24i1p1f3,complete,,,./HadGEM3-GC31-LL/ssp245/tas_Amon_HadGEM3-GC31-LL_ssp245_r24i1p1f3_gn_201501-202012.nc,Amon,gn,201501-202012,./HadGEM3-GC31-LL/ssp245/rsdt_Amon_HadGEM3-GC31-LL_ssp245_r24i1p1f3_gn_201501-202012.nc,Amon,gn,201501-202012,./HadGEM3-GC31-LL/ssp245/rlut_Amon_HadGEM3-GC31-LL_ssp245_r24i1p1f3_gn_201501-202012.nc,Amon,gn,201501-202012,./HadGEM3-GC31-LL/ssp245/rsut_Amon_HadGEM3-GC31-LL_ssp245_r24i1p1f3_gn_201501-202012.nc,Amon,gn,201501-202012
HadGEM3-GC31-LL,ssp245,r25i1p1f3,complete,,,./HadGEM3-GC31-LL/ssp245/tas_Amon_HadGEM3-GC31-LL_ssp245_r25i1p1f3_gn_201501-202012.nc,Amon,gn,201501-202012,./HadGEM3-GC31-LL/ssp245/rsdt_Amon_HadGEM3-GC31-LL_ssp245_r25i1p1f3_gn_201501-202012.nc,Amon,gn,201501-202012,./HadGEM3-GC31-LL/ssp245/rlut_Amon_HadGEM3-GC31-LL_ssp245_r25i1p1f3_gn_201501-202012.nc,Amon,gn,201501-202012,./HadGEM3-GC31-LL/ssp245/rsut_Amon_HadGEM3-GC31-LL_ssp245_r25i1p1f3_gn_201501-202012.nc,Amon,gn,201501-202012
HadGEM3-GC31-LL,ssp245,r26i1p1f3,complete,,,./HadGEM3-GC31-LL/ssp245/tas_Amon_HadGEM3-GC31-LL_ssp245_r26i1p1f3_gn_201501-202012.nc,Amon,gn,201501-202012,./HadGEM3-GC31-LL/ssp245/rsdt_Amon_HadGEM3-GC31-LL_ssp245_r26i1p1f3_gn_201501-202012.nc,Amon,gn,201501-202012,./HadGEM3-GC31-LL/ssp245/rlut_Amon_HadGEM3-GC31-LL_ssp245_r26i1p1f3_gn_201501-202012.nc,Amon,gn,201501-202012,./HadGEM3-GC31-LL/ssp245/rsut_Amon_HadGEM3-GC31-LL_ssp245_r26i1p1f3_gn_201501-202012.nc,Amon,gn,201501-202012
HadGEM3-GC31-LL,ssp245,r27i1p1f3,complete,,,./HadGEM3-GC31-LL/ssp245/tas_Amon_HadGEM3-GC31-LL_ssp245_r27i1p1f3_gn_201501-202012.nc,Amon,gn,201501-202012,./HadGEM3-GC31-LL/ssp245/rsdt_Amon_HadGEM3-GC31-LL_ssp245_r27i1p1f3_gn_201501-202012.nc,Amon,gn,201501-202012,./HadGEM3-GC31-LL/ssp245/rlut_Amon_HadGEM3-GC31-LL_ssp245_r27i1p1f3_gn_201501-202012.nc,Amon,gn,201501-202012,./HadGEM3-GC31-LL/ssp245/rsut_Amon_HadGEM3-GC31-LL_ssp245_r27i1p1f3_gn_201501-202012.nc,Amon,gn,201501-202012
HadGEM3-GC31-LL,ssp245,r28i1p1f3,complete,,,./HadGEM3-GC31-LL/ssp245/tas_Amon_HadGEM3-GC31-LL_ssp245_r28i1p1f3_gn_201501-202012.nc,Amon,gn,201501-202012,./HadGEM3-GC31-LL/ssp245/rsdt_Amon_HadGEM3-GC31-LL_ssp245_r28i1p1f3_gn_201501-202012.nc,Amon,gn,201501-202012,./HadGEM3-GC31-LL/ssp245/rlut_Amon_HadGEM3-GC31-LL_ssp245_r28i1p1f3_gn_201501-202012.nc,Amon,gn,201501-202012,./HadGEM3-GC31-LL/ssp245/rsut_Amon_HadGEM3-GC31-LL_ssp245_r28i1p1f3_gn_201501-202012.nc,Amon,gn,201501-202012
HadGEM3-GC31-LL,ssp245,r29i1p1f3,complete,,,./HadGEM3-GC31-LL/ssp245/tas_Amon_HadGEM3-GC31-LL_ssp245_r29i1p1f3_gn_201501-202012.nc,Amon,gn,201501-202012,./HadGEM3-GC31-LL/ssp245/rsdt_Amon_HadGEM3-GC31-LL_ssp245_r29i1p1f3_gn_201501-202012.nc,Amon,gn,201501-202012,./HadGEM3-GC31-LL/ssp245/rlut_Amon_HadGEM3-GC31-LL_ssp245_r29i1p1f3_gn_201501-202012.nc,Amon,gn,201501-202012,./HadGEM3-GC31-LL/ssp245/rsut_Amon_HadGEM3-GC31-LL_ssp245_r29i1p1f3_gn_201501-202012.nc,Amon,gn,201501-202012
HadGEM3-GC31-LL,ssp245,r2i1p1f3,ambiguous,,tas;rsdt;rlut;rsut,./HadGEM3-GC31-LL/ssp245/tas_Amon_HadGEM3-GC31-LL_ssp245_r2i1p1f3_gn_201501-202012.nc;./HadGEM3-GC31-LL/ssp245/tas_Amon_HadGEM3-GC31-LL_ssp245_r2i1p1f3_gn_202101-204912.nc;./HadGEM3-GC31-LL/ssp245/tas_Amon_HadGEM3-GC31-LL_ssp245_r2i1p1f3_gn_205001-210012.nc,Amon;Amon;Amon,gn;gn;gn,201501-202012;202101-204912;205001-210012,./HadGEM3-GC31-LL/ssp245/rsdt_Amon_HadGEM3-GC31-LL_ssp245_r2i1p1f3_gn_201501-202012.nc;./HadGEM3-GC31-LL/ssp245/rsdt_Amon_HadGEM3-GC31-LL_ssp245_r2i1p1f3_gn_202101-204912.nc;./HadGEM3-GC31-LL/ssp245/rsdt_Amon_HadGEM3-GC31-LL_ssp245_r2i1p1f3_gn_205001-210012.nc,Amon;Amon;Amon,gn;gn;gn,201501-202012;202101-204912;205001-210012,./HadGEM3-GC31-LL/ssp245/rlut_Amon_HadGEM3-GC31-LL_ssp245_r2i1p1f3_gn_201501-202012.nc;./HadGEM3-GC31-LL/ssp245/rlut_Amon_HadGEM3-GC31-LL_ssp245_r2i1p1f3_gn_202101-204912.nc;./HadGEM3-GC31-LL/ssp245/rlut_Amon_HadGEM3-GC31-LL_ssp245_r2i1p1f3_gn_205001-210012.nc,Amon;Amon;Amon,gn;gn;gn,201501-202012;202101-204912;205001-210012,./HadGEM3-GC31-LL/ssp245/rsut_Amon_HadGEM3-GC31-LL_ssp245_r2i1p1f3_gn_201501-202012.nc;./HadGEM3-GC31-LL/ssp245/rsut_Amon_HadGEM3-GC31-LL_ssp245_r2i1p1f3_gn_202101-204912.nc;./HadGEM3-GC31-LL/ssp245/rsut_Amon_HadGEM3-GC31-LL_ssp245_r2i1p1f3_gn_205001-210012.nc,Amon;Amon;Amon,gn;gn;gn,201501-202012;202101-204912;205001-210012
HadGEM3-GC31-LL,ssp245,r30i1p1f3,complete,,,./HadGEM3-GC31-LL/ssp245/tas_Amon_HadGEM3-GC31-LL_ssp245_r30i1p1f3_gn_201501-202012.nc,Amon,gn,201501-202012,./HadGEM3-GC31-LL/ssp245/rsdt_Amon_HadGEM3-GC31-LL_ssp245_r30i1p1f3_gn_201501-202012.nc,Amon,gn,201501-202012,./HadGEM3-GC31-LL/ssp245/rlut_Amon_HadGEM3-GC31-LL_ssp245_r30i1p1f3_gn_201501-202012.nc,Amon,gn,201501-202012,./HadGEM3-GC31-LL/ssp245/rsut_Amon_HadGEM3-GC31-LL_ssp245_r30i1p1f3_gn_201501-202012.nc,Amon,gn,201501-202012
HadGEM3-GC31-LL,ssp245,r31i1p1f3,complete,,,./HadGEM3-GC31-LL/ssp245/tas_Amon_HadGEM3-GC31-LL_ssp245_r31i1p1f3_gn_201501-202012.nc,Amon,gn,201501-202012,./HadGEM3-GC31-LL/ssp245/rsdt_Amon_HadGEM3-GC31-LL_ssp245_r31i1p1f3_gn_201501-202012.nc,Amon,gn,201501-202012,./HadGEM3-GC31-LL/ssp245/rlut_Amon_HadGEM3-GC31-LL_ssp245_r31i1p1f3_gn_201501-202012.nc,Amon,gn,201501-202012,./HadGEM3-GC31-LL/ssp245/rsut_Amon_HadGEM3-GC31-LL_ssp245_r31i1p1f3_gn_201501-202012.nc,Amon,gn,201501-202012
HadGEM3-GC31-LL,ssp245,r32i1p1f3,complete,,,./HadGEM3-GC31-LL/ssp245/tas_Amon_HadGEM3-GC31-LL_ssp245_r32i1p1f3_gn_201501-202012.nc,Amon,gn,201501-202012,./HadGEM3-GC31-LL/ssp245/rsdt_Amon_HadGEM3-GC31-LL_ssp245_r32i1p1f3_gn_201501-202012.nc,Amon,gn,201501-202012,./HadGEM3-GC31-LL/ssp245/rlut_Amon_HadGEM3-GC31-LL_ssp245_r32i1p1f3_gn_201501-202012.nc,Amon,gn,201501-202012,./HadGEM3-GC31-LL/ssp245/rsut_Amon_HadGEM3-GC31-LL_ssp245_r32i1p1f3_gn_201501-202012.nc,Amon,gn,201501-202012
HadGEM3-GC31-LL,ssp245,r33i1p1f3,complete,,,./HadGEM3-GC31-LL/ssp245/tas_Amon_HadGEM3-GC31-LL_ssp245_r33i1p1f3_gn_201501-202012.nc,Amon,gn,201501-202012,./HadGEM3-GC31-LL/ssp245/rsdt_Amon_HadGEM3-GC31-LL_ssp245_r33i1p1f3_gn_201501-202012.nc,Amon,gn,201501-202012,./HadGEM3-GC31-LL/ssp245/rlut_Amon_HadGEM3-GC31-LL_ssp245_r33i1p1f3_gn_201501-202012.nc,Amon,gn,201501-202012,./HadGEM3-GC31-LL/ssp245/rsut_Amon_HadGEM3-GC31-LL_ssp245_r33i1p1f3_gn_201501-202012.nc,Amon,gn,201501-202012
HadGEM3-GC31-LL,ssp245,r34i1p1f3,complete,,,./HadGEM3-GC31-LL/ssp245/tas_Amon_HadGEM3-GC31-LL_ssp245_r34i1p1f3_gn_201501-202012.nc,Amon,gn,201501-202012,./HadGEM3-GC31-LL/ssp245/rsdt_Amon_HadGEM3-GC31-LL_ssp245_r34i1p1f3_gn_201501-202012.nc,Amon,gn,201501-202012,./HadGEM3-GC31-LL/ssp245/rlut_Amon_HadGEM3-GC31-LL_ssp245_r34i1p1f3_gn_201501-202012.nc,Amon,gn,201501-202012,./HadGEM3-GC31-LL/ssp245/rsut_Amon_HadGEM3-GC31-LL_ssp245_r34i1p1f3_gn_201501-202012.nc,Amon,gn,201501-202012
HadGEM3-GC31-LL,ssp245,r35i1p1f3,complete,,,./HadGEM3-GC31-LL/ssp245/tas_Amon_HadGEM3-GC31-LL_ssp245_r35i1p1f3_gn_201501-202012.nc,Amon,gn,201501-202012,./HadGEM3-GC31-LL/ssp245/rsdt_Amon_HadGEM3-GC31-LL_ssp245_r35i1p1f3_gn_201501-202012.nc,Amon,gn,201501-202012,./HadGEM3-GC31-LL/ssp245/rlut_Amon_HadGEM3-GC31-LL_ssp245_r35i1p1f3_gn_201501-202012.nc,Amon,gn,201501-202012,./HadGEM3-GC31-LL/ssp245/rsut_Amon_HadGEM3-GC31-LL_ssp245_r35i1p1f3_gn_201501-202012.nc,Amon,gn,201501-202012
HadGEM3-GC31-LL,ssp245,r36i1p1f3,complete,,,./HadGEM3-GC31-LL/ssp245/tas_Amon_HadGEM3-GC31-LL_ssp245_r36i1p1f3_gn_201501-202012.nc,Amon,gn,201501-202012,./HadGEM3-GC31-LL/ssp245/rsdt_Amon_HadGEM3-GC31-LL_ssp245_r36i1p1f3_gn_201501-202012.nc,Amon,gn,201501-202012,./HadGEM3-GC31-LL/ssp245/rlut_Amon_HadGEM3-GC31-LL_ssp245_r36i1p1f3_gn_201501-202012.nc,Amon,gn,201501-202012,./HadGEM3-GC31-LL/ssp245/rsut_Amon_HadGEM3-GC31-LL_ssp245_r36i1p1f3_gn_201501-202012.nc,Amon,gn,201501-202012
HadGEM3-GC31-LL,ssp245,r37i1p1f3,complete,,,./HadGEM3-GC31-LL/ssp245/tas_Amon_HadGEM3-GC31-LL_ssp245_r37i1p1f3_gn_201501-202012.nc,Amon,gn,201501-202012,./HadGEM3-GC31-LL/ssp245/rsdt_Amon_HadGEM3-GC31-LL_ssp245_r37i1p1f3_gn_201501-202012.nc,Amon,gn,201501-202012,./HadGEM3-GC31-LL/ssp245/rlut_Amon_HadGEM3-GC31-LL_ssp245_r37i1p1f3_gn_201501-202012.nc,Amon,gn,201501-202012,./HadGEM3-GC31-LL/ssp245/rsut_Amon_HadGEM3-GC31-LL_ssp245_r37i1p1f3_gn_201501-202012.nc,Amon,gn,201501-202012
HadGEM3-GC31-LL,ssp245,r38i1p1f3,complete,,,./HadGEM3-GC31-LL/ssp245/tas_Amon_HadGEM3-GC31-LL_ssp245_r38i1p1f3_gn_201501-202012.nc,Amon,gn,201501-202012,./HadGEM3-GC31-LL/ssp245/rsdt_Amon_HadGEM3-GC31-LL_ssp245_r38i1p1f3_gn_201501-202012.nc,Amon,gn,201501-202012,./HadGEM3-GC31-LL/ssp245/rlut_Amon_HadGEM3-GC31-LL_ssp245_r38i1p1f3_gn_201501-202012.nc,Amon,gn,201501-202012,./HadGEM3-GC31-LL/ssp245/rsut_Amon_HadGEM3-GC31-LL_ssp245_r38i1p1f3_gn_201501-202012.nc,Amon,gn,201501-202012
HadGEM3-GC31-LL,ssp245,r39i1p1f3,complete,,,./HadGEM3-GC31-LL/ssp245/tas_Amon_HadGEM3-GC31-LL_ssp245_r39i1p1f3_gn_201501-202012.nc,Amon,gn,201501-202012,./HadGEM3-GC31-LL/ssp245/rsdt_Amon_HadGEM3-GC31-LL_ssp245_r39i1p1f3_gn_201501-202012.nc,Amon,gn,201501-202012,./HadGEM3-GC31-LL/ssp245/rlut_Amon_HadGEM3-GC31-LL_ssp245_r39i1p1f3_gn_201501-202012.nc,Amon,gn,201501-202012,./HadGEM3-GC31-LL/ssp245/rsut_Amon_HadGEM3-GC31-LL_ssp245_r39i1p1f3_gn_201501-202012.nc,Amon,gn,201501-202012
HadGEM3-GC31-LL,ssp245,r3i1p1f3,ambiguous,,tas;rsdt;rlut;rsut,./HadGEM3-GC31-LL/ssp245/tas_Amon_HadGEM3-GC31-LL_ssp245_r3i1p1f3_gn_201501-202012.nc;./HadGEM3-GC31-LL/ssp245/tas_Amon_HadGEM3-GC31-LL_ssp245_r3i1p1f3_gn_202101-204912.nc;./HadGEM3-GC31-LL/ssp245/tas_Amon_HadGEM3-GC31-LL_ssp245_r3i1p1f3_gn_205001-210012.nc,Amon;Amon;Amon,gn;gn;gn,201501-202012;202101-204912;205001-210012,./HadGEM3-GC31-LL/ssp245/rsdt_Amon_HadGEM3-GC31-LL_ssp245_r3i1p1f3_gn_201501-202012.nc;./HadGEM3-GC31-LL/ssp245/rsdt_Amon_HadGEM3-GC31-LL_ssp245_r3i1p1f3_gn_202101-204912.nc;./HadGEM3-GC31-LL/ssp245/rsdt_Amon_HadGEM3-GC31-LL_ssp245_r3i1p1f3_gn_205001-210012.nc,Amon;Amon;Amon,gn;gn;gn,201501-202012;202101-204912;205001-210012,./HadGEM3-GC31-LL/ssp245/rlut_Amon_HadGEM3-GC31-LL_ssp245_r3i1p1f3_gn_201501-202012.nc;./HadGEM3-GC31-LL/ssp245/rlut_Amon_HadGEM3-GC31-LL_ssp245_r3i1p1f3_gn_202101-204912.nc;./HadGEM3-GC31-LL/ssp245/rlut_Amon_HadGEM3-GC31-LL_ssp245_r3i1p1f3_gn_205001-210012.nc,Amon;Amon;Amon,gn;gn;gn,201501-202012;202101-204912;205001-210012,./HadGEM3-GC31-LL/ssp245/rsut_Amon_HadGEM3-GC31-LL_ssp245_r3i1p1f3_gn_201501-202012.nc;./HadGEM3-GC31-LL/ssp245/rsut_Amon_HadGEM3-GC31-LL_ssp245_r3i1p1f3_gn_202101-204912.nc;./HadGEM3-GC31-LL/ssp245/rsut_Amon_HadGEM3-GC31-LL_ssp245_r3i1p1f3_gn_205001-210012.nc,Amon;Amon;Amon,gn;gn;gn,201501-202012;202101-204912;205001-210012
HadGEM3-GC31-LL,ssp245,r40i1p1f3,complete,,,./HadGEM3-GC31-LL/ssp245/tas_Amon_HadGEM3-GC31-LL_ssp245_r40i1p1f3_gn_201501-202012.nc,Amon,gn,201501-202012,./HadGEM3-GC31-LL/ssp245/rsdt_Amon_HadGEM3-GC31-LL_ssp245_r40i1p1f3_gn_201501-202012.nc,Amon,gn,201501-202012,./HadGEM3-GC31-LL/ssp245/rlut_Amon_HadGEM3-GC31-LL_ssp245_r40i1p1f3_gn_201501-202012.nc,Amon,gn,201501-202012,./HadGEM3-GC31-LL/ssp245/rsut_Amon_HadGEM3-GC31-LL_ssp245_r40i1p1f3_gn_201501-202012.nc,Amon,gn,201501-202012
HadGEM3-GC31-LL,ssp245,r41i1p1f3,complete,,,./HadGEM3-GC31-LL/ssp245/tas_Amon_HadGEM3-GC31-LL_ssp245_r41i1p1f3_gn_201501-202012.nc,Amon,gn,201501-202012,./HadGEM3-GC31-LL/ssp245/rsdt_Amon_HadGEM3-GC31-LL_ssp245_r41i1p1f3_gn_201501-202012.nc,Amon,gn,201501-202012,./HadGEM3-GC31-LL/ssp245/rlut_Amon_HadGEM3-GC31-LL_ssp245_r41i1p1f3_gn_201501-202012.nc,Amon,gn,201501-202012,./HadGEM3-GC31-LL/ssp245/rsut_Amon_HadGEM3-GC31-LL_ssp245_r41i1p1f3_gn_201501-202012.nc,Amon,gn,201501-202012
HadGEM3-GC31-LL,ssp245,r42i1p1f3,complete,,,./HadGEM3-GC31-LL/ssp245/tas_Amon_HadGEM3-GC31-LL_ssp245_r42i1p1f3_gn_201501-202012.nc,Amon,gn,201501-202012,./HadGEM3-GC31-LL/ssp245/rsdt_Amon_HadGEM3-GC31-LL_ssp245_r42i1p1f3_gn_201501-202012.nc,Amon,gn,201501-202012,./HadGEM3-GC31-LL/ssp245/rlut_Amon_HadGEM3-GC31-LL_ssp245_r42i1p1f3_gn_201501-202012.nc,Amon,gn,201501-202012,./HadGEM3-GC31-LL/ssp245/rsut_Amon_HadGEM3-GC31-LL_ssp245_r42i1p1f3_gn_201501-202012.nc,Amon,gn,201501-202012
HadGEM3-GC31-LL,ssp245,r43i1p1f3,complete,,,./HadGEM3-GC31-LL/ssp245/tas_Amon_HadGEM3-GC31-LL_ssp245_r43i1p1f3_gn_201501-202012.nc,Amon,gn,201501-202012,./HadGEM3-GC31-LL/ssp245/rsdt_Amon_HadGEM3-GC31-LL_ssp245_r43i1p1f3_gn_201501-202012.nc,Amon,gn,201501-202012,./HadGEM3-GC31-LL/ssp245/rlut_Amon_HadGEM3-GC31-LL_ssp245_r43i1p1f3_gn_201501-202012.nc,Amon,gn,201501-202012,./HadGEM3-GC31-LL/ssp245/rsut_Amon_HadGEM3-GC31-LL_ssp245_r43i1p1f3_gn_201501-202012.nc,Amon,gn,201501-202012
HadGEM3-GC31-LL,ssp245,r44i1p1f3,complete,,,./HadGEM3-GC31-LL/ssp245/tas_Amon_HadGEM3-GC31-LL_ssp245_r44i1p1f3_gn_201501-202012.nc,Amon,gn,201501-202012,./HadGEM3-GC31-LL/ssp245/rsdt_Amon_HadGEM3-GC31-LL_ssp245_r44i1p1f3_gn_201501-202012.nc,Amon,gn,201501-202012,./HadGEM3-GC31-LL/ssp245/rlut_Amon_HadGEM3-GC31-LL_ssp245_r44i1p1f3_gn_201501-202012.nc,Amon,gn,201501-202012,./HadGEM3-GC31-LL/ssp245/rsut_Amon_HadGEM3-GC31-LL_ssp245_r44i1p1f3_gn_201501-202012.nc,Amon,gn,201501-202012
HadGEM3-GC31-LL,ssp245,r45i1p1f3,complete,,,./HadGEM3-GC31-LL/ssp245/tas_Amon_HadGEM3-GC31-LL_ssp245_r45i1p1f3_gn_201501-202012.nc,Amon,gn,201501-202012,./HadGEM3-GC31-LL/ssp245/rsdt_Amon_HadGEM3-GC31-LL_ssp245_r45i1p1f3_gn_201501-202012.nc,Amon,gn,201501-202012,./HadGEM3-GC31-LL/ssp245/rlut_Amon_HadGEM3-GC31-LL_ssp245_r45i1p1f3_gn_201501-202012.nc,Amon,gn,201501-202012,./HadGEM3-GC31-LL/ssp245/rsut_Amon_HadGEM3-GC31-LL_ssp245_r45i1p1f3_gn_201501-202012.nc,Amon,gn,201501-202012
HadGEM3-GC31-LL,ssp245,r46i1p1f3,complete,,,./HadGEM3-GC31-LL/ssp245/tas_Amon_HadGEM3-GC31-LL_ssp245_r46i1p1f3_gn_201501-202012.nc,Amon,gn,201501-202012,./HadGEM3-GC31-LL/ssp245/rsdt_Amon_HadGEM3-GC31-LL_ssp245_r46i1p1f3_gn_201501-202012.nc,Amon,gn,201501-202012,./HadGEM3-GC31-LL/ssp245/rlut_Amon_HadGEM3-GC31-LL_ssp245_r46i1p1f3_gn_201501-202012.nc,Amon,gn,201501-202012,./HadGEM3-GC31-LL/ssp245/rsut_Amon_HadGEM3-GC31-LL_ssp245_r46i1p1f3_gn_201501-202012.nc,Amon,gn,201501-202012
HadGEM3-GC31-LL,ssp245,r47i1p1f3,complete,,,./HadGEM3-GC31-LL/ssp245/tas_Amon_HadGEM3-GC31-LL_ssp245_r47i1p1f3_gn_201501-202012.nc,Amon,gn,201501-202012,./HadGEM3-GC31-LL/ssp245/rsdt_Amon_HadGEM3-GC31-LL_ssp245_r47i1p1f3_gn_201501-202012.nc,Amon,gn,201501-202012,./HadGEM3-GC31-LL/ssp245/rlut_Amon_HadGEM3-GC31-LL_ssp245_r47i1p1f3_gn_201501-202012.nc,Amon,gn,201501-202012,./HadGEM3-GC31-LL/ssp245/rsut_Amon_HadGEM3-GC31-LL_ssp245_r47i1p1f3_gn_201501-202012.nc,Amon,gn,201501-202012
HadGEM3-GC31-LL,ssp245,r48i1p1f3,complete,,,./HadGEM3-GC31-LL/ssp245/tas_Amon_HadGEM3-GC31-LL_ssp245_r48i1p1f3_gn_201501-202012.nc,Amon,gn,201501-202012,./HadGEM3-GC31-LL/ssp245/rsdt_Amon_HadGEM3-GC31-LL_ssp245_r48i1p1f3_gn_201501-202012.nc,Amon,gn,201501-202012,./HadGEM3-GC31-LL/ssp245/rlut_Amon_HadGEM3-GC31-LL_ssp245_r48i1p1f3_gn_201501-202012.nc,Amon,gn,201501-202012,./HadGEM3-GC31-LL/ssp245/rsut_Amon_HadGEM3-GC31-LL_ssp245_r48i1p1f3_gn_201501-202012.nc,Amon,gn,201501-202012
HadGEM3-GC31-LL,ssp245,r49i1p1f3,complete,,,./HadGEM3-GC31-LL/ssp245/tas_Amon_HadGEM3-GC31-LL_ssp245_r49i1p1f3_gn_201501-202012.nc,Amon,gn,201501-202012,./HadGEM3-GC31-LL/ssp245/rsdt_Amon_HadGEM3-GC31-LL_ssp245_r49i1p1f3_gn_201501-202012.nc,Amon,gn,201501-202012,./HadGEM3-GC31-LL/ssp245/rlut_Amon_HadGEM3-GC31-LL_ssp245_r49i1p1f3_gn_201501-202012.nc,Amon,gn,201501-202012,./HadGEM3-GC31-LL/ssp245/rsut_Amon_HadGEM3-GC31-LL_ssp245_r49i1p1f3_gn_201501-202012.nc,Amon,gn,201501-202012
HadGEM3-GC31-LL,ssp245,r4i1p1f3,ambiguous,,tas;rsdt;rlut;rsut,./HadGEM3-GC31-LL/ssp245/tas_Amon_HadGEM3-GC31-LL_ssp245_r4i1p1f3_gn_201501-202012.nc;./HadGEM3-GC31-LL/ssp245/tas_Amon_HadGEM3-GC31-LL_ssp245_r4i1p1f3_gn_202101-204912.nc;./HadGEM3-GC31-LL/ssp245/tas_Amon_HadGEM3-GC31-LL_ssp245_r4i1p1f3_gn_205001-210012.nc,Amon;Amon;Amon,gn;gn;gn,201501-202012;202101-204912;205001-210012,./HadGEM3-GC31-LL/ssp245/rsdt_Amon_HadGEM3-GC31-LL_ssp245_r4i1p1f3_gn_201501-202012.nc;./HadGEM3-GC31-LL/ssp245/rsdt_Amon_HadGEM3-GC31-LL_ssp245_r4i1p1f3_gn_202101-204912.nc;./HadGEM3-GC31-LL/ssp245/rsdt_Amon_HadGEM3-GC31-LL_ssp245_r4i1p1f3_gn_205001-210012.nc,Amon;Amon;Amon,gn;gn;gn,201501-202012;202101-204912;205001-210012,./HadGEM3-GC31-LL/ssp245/rlut_Amon_HadGEM3-GC31-LL_ssp245_r4i1p1f3_gn_201501-202012.nc;./HadGEM3-GC31-LL/ssp245/rlut_Amon_HadGEM3-GC31-LL_ssp245_r4i1p1f3_gn_202101-204912.nc;./HadGEM3-GC31-LL/ssp245/rlut_Amon_HadGEM3-GC31-LL_ssp245_r4i1p1f3_gn_205001-210012.nc,Amon;Amon;Amon,gn;gn;gn,201501-202012;202101-204912;205001-210012,./HadGEM3-GC31-LL/ssp245/rsut_Amon_HadGEM3-GC31-LL_ssp245_r4i1p1f3_gn_201501-202012.nc;./HadGEM3-GC31-LL/ssp245/rsut_Amon_HadGEM3-GC31-LL_ssp245_r4i1p1f3_gn_202101-204912.nc;./HadGEM3-GC31-LL/ssp245/rsut_Amon_HadGEM3-GC31-LL_ssp245_r4i1p1f3_gn_205001-210012.nc,Amon;Amon;Amon,gn;gn;gn,201501-202012;202101-204912;205001-210012
HadGEM3-GC31-LL,ssp245,r50i1p1f3,complete,,,./HadGEM3-GC31-LL/ssp245/tas_Amon_HadGEM3-GC31-LL_ssp245_r50i1p1f3_gn_201501-202012.nc,Amon,gn,201501-202012,./HadGEM3-GC31-LL/ssp245/rsdt_Amon_HadGEM3-GC31-LL_ssp245_r50i1p1f3_gn_201501-202012.nc,Amon,gn,201501-202012,./HadGEM3-GC31-LL/ssp245/rlut_Amon_HadGEM3-GC31-LL_ssp245_r50i1p1f3_gn_201501-202012.nc,Amon,gn,201501-202012,./HadGEM3-GC31-LL/ssp245/rsut_Amon_HadGEM3-GC31-LL_ssp245_r50i1p1f3_gn_201501-202012.nc,Amon,gn,201501-202012
HadGEM3-GC31-LL,ssp245,r51i1p1f3,complete,,,./HadGEM3-GC31-LL/ssp245/tas_Amon_HadGEM3-GC31-LL_ssp245_r51i1p1f3_gn_201501-202012.nc,Amon,gn,201501-202012,./HadGEM3-GC31-LL/ssp245/rsdt_Amon_HadGEM3-GC31-LL_ssp245_r51i1p1f3_gn_201501-202012.nc,Amon,gn,201501-202012,./HadGEM3-GC31-LL/ssp245/rlut_Amon_HadGEM3-GC31-LL_ssp245_r51i1p1f3_gn_201501-202012.nc,Amon,gn,201501-202012,./HadGEM3-GC31-LL/ssp245/rsut_Amon_HadGEM3-GC31-LL_ssp245_r51i1p1f3_gn_201501-202012.nc,Amon,gn,201501-202012
HadGEM3-GC31-LL,ssp245,r52i1p1f3,complete,,,./HadGEM3-GC31-LL/ssp245/tas_Amon_HadGEM3-GC31-LL_ssp245_r52i1p1f3_gn_201501-202012.nc,Amon,gn,201501-202012,./HadGEM3-GC31-LL/ssp245/rsdt_Amon_HadGEM3-GC31-LL_ssp245_r52i1p1f3_gn_201501-202012.nc,Amon,gn,201501-202012,./HadGEM3-GC31-LL/ssp245/rlut_Amon_HadGEM3-GC31-LL_ssp245_r52i1p1f3_gn_201501-202012.nc,Amon,gn,201501-202012,./HadGEM3-GC31-LL/ssp245/rsut_Amon_HadGEM3-GC31-LL_ssp245_r52i1p1f3_gn_201501-202012.nc,Amon,gn,201501-202012
HadGEM3-GC31-LL,ssp245,r53i1p1f3,complete,,,./HadGEM3-GC31-LL/ssp245/tas_Amon_HadGEM3-GC31-LL_ssp245_r53i1p1f3_gn_201501-202012.nc,Amon,gn,201501-202012,./HadGEM3-GC31-LL/ssp245/rsdt_Amon_HadGEM3-GC31-LL_ssp245_r53i1p1f3_gn_201501-202012.nc,Amon,gn,201501-202012,./HadGEM3-GC31-LL/ssp245/rlut_Amon_HadGEM3-GC31-LL_ssp245_r53i1p1f3_gn_201501-202012.nc,Amon,gn,201501-202012,./HadGEM3-GC31-LL/ssp245/rsut_Amon_HadGEM3-GC31-LL_ssp245_r53i1p1f3_gn_201501-202012.nc,Amon,gn,201501-202012
HadGEM3-GC31-LL,ssp245,r54i1p1f3,complete,,,./HadGEM3-GC31-LL/ssp245/tas_Amon_HadGEM3-GC31-LL_ssp245_r54i1p1f3_gn_201501-202012.nc,Amon,gn,201501-202012,./HadGEM3-GC31-LL/ssp245/rsdt_Amon_HadGEM3-GC31-LL_ssp245_r54i1p1f3_gn_201501-202012.nc,Amon,gn,201501-202012,./HadGEM3-GC31-LL/ssp245/rlut_Amon_HadGEM3-GC31-LL_ssp245_r54i1p1f3_gn_201501-202012.nc,Amon,gn,201501-202012,./HadGEM3-GC31-LL/ssp245/rsut_Amon_HadGEM3-GC31-LL_ssp245_r54i1p1f3_gn_201501-202012.nc,Amon,gn,201501-202012
HadGEM3-GC31-LL,ssp245,r55i1p1f3,complete,,,./HadGEM3-GC31-LL/ssp245/tas_Amon_HadGEM3-GC31-LL_ssp245_r55i1p1f3_gn_201501-202012.nc,Amon,gn,201501-202012,./HadGEM3-GC31-LL/ssp245/rsdt_Amon_HadGEM3-GC31-LL_ssp245_r55i1p1f3_gn_201501-202012.nc,Amon,gn,201501-202012,./HadGEM3-GC31-LL/ssp245/rlut_Amon_HadGEM3-GC31-LL_ssp245_r55i1p1f3_gn_201501-202012.nc,Amon,gn,201501-202012,./HadGEM3-GC31-LL/ssp245/rsut_Amon_HadGEM3-GC31-LL_ssp245_r55i1p1f3_gn_201501-202012.nc,Amon,gn,201501-202012
HadGEM3-GC31-LL,ssp245,r56i1p1f3,complete,,,./HadGEM3-GC31-LL/ssp245/tas_Amon_HadGEM3-GC31-LL_ssp245_r56i1p1f3_gn_201501-202012.nc,Amon,gn,201501-202012,./HadGEM3-GC31-LL/ssp245/rsdt_Amon_HadGEM3-GC31-LL_ssp245_r56i1p1f3_gn_201501-202012.nc,Amon,gn,201501-202012,./HadGEM3-GC31-LL/ssp245/rlut_Amon_HadGEM3-GC31-LL_ssp245_r56i1p1f3_gn_201501-202012.nc,Amon,gn,201501-202012,./HadGEM3-GC31-LL/ssp245/rsut_Amon_HadGEM3-GC31-LL_ssp245_r56i1p1f3_gn_201501-202012.nc,Amon,gn,201501-202012
HadGEM3-GC31-LL,ssp245,r57i1p1f3,complete,,,./HadGEM3-GC31-LL/ssp245/tas_Amon_HadGEM3-GC31-LL_ssp245_r57i1p1f3_gn_201501-202012.nc,Amon,gn,201501-202012,./HadGEM3-GC31-LL/ssp245/rsdt_Amon_HadGEM3-GC31-LL_ssp245_r57i1p1f3_gn_201501-202012.nc,Amon,gn,201501-202012,./HadGEM3-GC31-LL/ssp245/rlut_Amon_HadGEM3-GC31-LL_ssp245_r57i1p1f3_gn_201501-202012.nc,Amon,gn,201501-202012,./HadGEM3-GC31-LL/ssp245/rsut_Amon_HadGEM3-GC31-LL_ssp245_r57i1p1f3_gn_201501-202012.nc,Amon,gn,201501-202012
HadGEM3-GC31-LL,ssp245,r58i1p1f3,complete,,,./HadGEM3-GC31-LL/ssp245/tas_Amon_HadGEM3-GC31-LL_ssp245_r58i1p1f3_gn_201501-202012.nc,Amon,gn,201501-202012,./HadGEM3-GC31-LL/ssp245/rsdt_Amon_HadGEM3-GC31-LL_ssp245_r58i1p1f3_gn_201501-202012.nc,Amon,gn,201501-202012,./HadGEM3-GC31-LL/ssp245/rlut_Amon_HadGEM3-GC31-LL_ssp245_r58i1p1f3_gn_201501-202012.nc,Amon,gn,201501-202012,./HadGEM3-GC31-LL/ssp245/rsut_Amon_HadGEM3-GC31-LL_ssp245_r58i1p1f3_gn_201501-202012.nc,Amon,gn,201501-202012
HadGEM3-GC31-LL,ssp245,r59i1p1f3,complete,,,./HadGEM3-GC31-LL/ssp245/tas_Amon_HadGEM3-GC31-LL_ssp245_r59i1p1f3_gn_201501-202012.nc,Amon,gn,201501-202012,./HadGEM3-GC31-LL/ssp245/rsdt_Amon_HadGEM3-GC31-LL_ssp245_r59i1p1f3_gn_201501-202012.nc,Amon,gn,201501-202012,./HadGEM3-GC31-LL/ssp245/rlut_Amon_HadGEM3-GC31-LL_ssp245_r59i1p1f3_gn_201501-202012.nc,Amon,gn,201501-202012,./HadGEM3-GC31-LL/ssp245/rsut_Amon_HadGEM3-GC31-LL_ssp245_r59i1p1f3_gn_201501-202012.nc,Amon,gn,201501-202012
HadGEM3-GC31-LL,ssp245,r5i1p1f3,ambiguous,,tas;rsdt;rlut;rsut,./HadGEM3-GC31-LL/ssp245/tas_Amon_HadGEM3-GC31-LL_ssp245_r5i1p1f3_gn_201501-204912.nc;./HadGEM3-GC31-LL/ssp245/tas_Amon_HadGEM3-GC31-LL_ssp245_r5i1p1f3_gn_205001-210012.nc,Amon;Amon,gn;gn,201501-204912;205001-210012,./HadGEM3-GC31-LL/ssp245/rsdt_Amon_HadGEM3-GC31-LL_ssp245_r5i1p1f3_gn_201501-204912.nc;./HadGEM3-GC31-LL/ssp245/rsdt_Amon_HadGEM3-GC31-LL_ssp245_r5i1p1f3_gn_205001-210012.nc,Amon;Amon,gn;gn,201501-204912;205001-210012,./HadGEM3-GC31-LL/ssp245/rlut_Amon_HadGEM3-GC31-LL_ssp245_r5i1p1f3_gn_201501-204912.nc;./HadGEM3-GC31-LL/ssp245/rlut_Amon_HadGEM3-GC31-LL_ssp245_r5i1p1f3_gn_205001-210012.nc,Amon;Amon,gn;gn,201501-204912;205001-210012,./HadGEM3-GC31-LL/ssp245/rsut_Amon_HadGEM3-GC31-LL_ssp245_r5i1p1f3_gn_201501-204912.nc;./HadGEM3-GC31-LL/ssp245/rsut_Amon_HadGEM3-GC31-LL_ssp245_r5i1p1f3_gn_205001-210012.nc,Amon;Amon,gn;gn,201501-204912;205001-210012
HadGEM3-GC31-LL,ssp245,r60i1p1f3,complete,,,./HadGEM3-GC31-LL/ssp245/tas_Amon_HadGEM3-GC31-LL_ssp245_r60i1p1f3_gn_201501-202012.nc,Amon,gn,201501-202012,./HadGEM3-GC31-LL/ssp245/rsdt_Amon_HadGEM3-GC31-LL_ssp245_r60i1p1f3_gn_201501-202012.nc,Amon,gn,201501-202012,./HadGEM3-GC31-LL/ssp245/rlut_Amon_HadGEM3-GC31-LL_ssp245_r60i1p1f3_gn_201501-202012.nc,Amon,gn,201501-202012,./HadGEM3-GC31-LL/ssp245/rsut_Amon_HadGEM3-GC31-LL_ssp245_r60i1p1f3_gn_201501-202012.nc,Amon,gn,201501-202012
IITM-ESM,amip-hist,r1i1p1f1,ambiguous,,tas;rsdt;rlut;rsut,./IITM-ESM/amip-hist/tas_Amon_IITM-ESM_amip-hist_r1i1p1f1_gn_187001-187912.nc;./IITM-ESM/amip-hist/tas_Amon_IITM-ESM_amip-hist_r1i1p1f1_gn_188001-188912.nc;./IITM-ESM/amip-hist/tas_Amon_IITM-ESM_amip-hist_r1i1p1f1_gn_189001-189912.nc;./IITM-ESM/amip-hist/tas_Amon_IITM-ESM_amip-hist_r1i1p1f1_gn_190001-190912.nc;./IITM-ESM/amip-hist/tas_Amon_IITM-ESM_amip-hist_r1i1p1f1_gn_191001-191912.nc;./IITM-ESM/amip-hist/tas_Amon_IITM-ESM_amip-hist_r1i1p1f1_gn_192001-192912.nc;./IITM-ESM/amip-hist/tas_Amon_IITM-ESM_amip-hist_r1i1p1f1_gn_193001-193912.nc;./IITM-ESM/amip-hist/tas_Amon_IITM-ESM_amip-hist_r1i1p1f1_gn_194001-194912.nc;./IITM-ESM/amip-hist/tas_Amon_IITM-ESM_amip-hist_r1i1p1f1_gn_195001-195912.nc;./IITM-ESM/amip-hist/tas_Amon_IITM-ESM_amip-hist_r1i1p1f1_gn_196001-196912.nc;./IITM-ESM/amip-hist/tas_Amon_IITM-ESM_amip-hist_r1i1p1f1_gn_197001-197912.nc;./IITM-ESM/amip-hist/tas_Amon_IITM-ESM_amip-hist_r1i1p1f1_gn_198001-198912.nc;./IITM-ESM/amip-hist/tas_Amon_IITM-ESM_amip-hist_r1i1p1f1_gn_199001-199912.nc;./IITM-ESM/amip-hist/tas_Amon_IITM-ESM_amip-hist_r1i1p1f1_gn_200001-200912.nc;./IITM-ESM/amip-hist/tas_Amon_IITM-ESM_amip-hist_r1i1p1f1_gn_201001-201412.nc,Amon;Amon;Amon;Amon;Amon;Amon;Amon;Amon;Amon;Amon;Amon;Amon;Amon;Amon;Amon,gn;gn;gn;gn;gn;gn;gn;gn;gn;gn;gn;gn;gn;gn;gn,187001-187912;188001-188912;189001-189912;190001-190912;191001-191912;192001-192912;193001-193912;194001-194912;195001-195912;196001-196912;197001-197912;198001-198912;199001-199912;200001-200912;201001-201412,./IITM-ESM/amip-hist/rsdt_Amon_IITM-ESM_amip-hist_r1i1p1f1_gn_187001-187912.nc;./IITM-ESM/amip-hist/rsdt_Amon_IITM-ESM_amip-hist_r1i1p1f1_gn_188001-188912.nc;./IITM-ESM/amip-hist/rsdt_Amon_IITM-ESM_amip-hist_r1i1p1f1_gn_189001-189912.nc;./IITM-ESM/amip-hist/rsdt_Amon_IITM-ESM_amip-hist_r1i1p1f1_gn_190001-190912.nc;./IITM-ESM/amip-hist/rsdt_Amon_IITM-ESM_amip-hist_r1i1p1f1_gn_191001-191912.nc;./IITM-ESM/amip-hist/rsdt_Amon_IITM-ESM_amip-hist_r1i1p1f1_gn_192001-192912.nc;./IITM-ESM/amip-hist/rsdt_Amon_IITM-ESM_amip-hist_r1i1p1f1_gn_193001-193912.nc;./IITM-ESM/amip-hist/rsdt_Amon_IITM-ESM_amip-hist_r1i1p1f1_gn_194001-194912.nc;./IITM-ESM/amip-hist/rsdt_Amon_IITM-ESM_amip-hist_r1i1p1f1_gn_195001-195912.nc;./IITM-ESM/amip-hist/rsdt_Amon_IITM-ESM_amip-hist_r1i1p1f1_gn_196001-196912.nc;./IITM-ESM/amip-hist/rsdt_Amon_IITM-ESM_amip-hist_r1i1p1f1_gn_197001-197912.nc;./IITM-ESM/amip-hist/rsdt_Amon_IITM-ESM_amip-hist_r1i1p1f1_gn_198001-198912.nc;./IITM-ESM/amip-hist/rsdt_Amon_IITM-ESM_amip-hist_r1i1p1f1_gn_199001-199912.nc;./IITM-ESM/amip-hist/rsdt_Amon_IITM-ESM_amip-hist_r1i1p1f1_gn_200001-200912.nc;./IITM-ESM/amip-hist/rsdt_Amon_IITM-ESM_amip-hist_r1i1p1f1_gn_201001-201412.nc,Amon;Amon;Amon;Amon;Amon;Amon;Amon;Amon;Amon;Amon;Amon;Amon;Amon;Amon;Amon,gn;gn;gn;gn;gn;gn;gn;gn;gn;gn;gn;gn;gn;gn;gn,187001-187912;188001-188912;189001-189912;190001-190912;191001-191912;192001-192912;193001-193912;194001-194912;195001-195912;196001-196912;197001-197912;198001-198912;199001-199912;200001-200912;201001-201412,./IITM-ESM/amip-hist/rlut_Amon_IITM-ESM_amip-hist_r1i1p1f1_gn_187001-187912.nc;./IITM-ESM/amip-hist/rlut_Amon_IITM-ESM_amip-hist_r1i1p1f1_gn_188001-188912.nc;./IITM-ESM/amip-hist/rlut_Amon_IITM-ESM_amip-hist_r1i1p1f1_gn_189001-189912.nc;./IITM-ESM/amip-hist/rlut_Amon_IITM-ESM_amip-hist_r1i1p1f1_gn_190001-190912.nc;./IITM-ESM/amip-hist/rlut_Amon_IITM-ESM_amip-hist_r1i1p1f1_gn_191001-191912.nc;./IITM-ESM/amip-hist/rlut_Amon_IITM-ESM_amip-hist_r1i1p1f1_gn_192001-192912.nc;./IITM-ESM/amip-hist/rlut_Amon_IITM-ESM_amip-hist_r1i1p1f1_gn_193001-193912.nc;./IITM-ESM/amip-hist/rlut_Amon_IITM-ESM_amip-hist_r1i1p1f1_gn_194001-194912.nc;./IITM-ESM/amip-hist/rlut_Amon_IITM-ESM_amip-hist_r1i1p1f1_gn_195001-195912.nc;./IITM-ESM/amip-hist/rlut_Amon_IITM-ESM_amip-hist_r1i1p1f1_gn_196001-196912.nc;./IITM-ESM/amip-hist/rlut_Amon_IITM-ESM_amip-hist_r1i1p1f1_gn_197001-197912.nc;./IITM-ESM/amip-hist/rlut_Amon_IITM-ESM_amip-hist_r1i1p1f1_gn_198001-198912.nc;./IITM-ESM/amip-hist/rlut_Amon_IITM-ESM_amip-hist_r1i1p1f1_gn_199001-199912.nc;./IITM-ESM/amip-hist/rlut_Amon_IITM-ESM_amip-hist_r1i1p1f1_gn_200001-200912.nc;./IITM-ESM/amip-hist/rlut_Amon_IITM-ESM_amip-hist_r1i1p1f1_gn_201001-201412.nc,Amon;Amon;Amon;Amon;Amon;Amon;Amon;Amon;Amon;Amon;Amon;Amon;Amon;Amon;Amon,gn;gn;gn;gn;gn;gn;gn;gn;gn;gn;gn;gn;gn;gn;gn,187001-187912;188001-188912;189001-189912;190001-190912;191001-191912;192001-192912;193001-193912;194001-194912;195001-195912;196001-196912;197001-197912;198001-198912;199001-199912;200001-200912;201001-201412,./IITM-ESM/amip-hist/rsut_Amon_IITM-ESM_amip-hist_r1i1p1f1_gn_187001-187912.nc;./IITM-ESM/amip-hist/rsut_Amon_IITM-ESM_amip-hist_r1i1p1f1_gn_188001-188912.nc;./IITM-ESM/amip-hist/rsut_Amon_IITM-ESM_amip-hist_r1i1p1f1_gn_189001-189912.nc;./IITM-ESM/amip-hist/rsut_Amon_IITM-ESM_amip-hist_r1i1p1f1_gn_190001-190912.nc;./IITM-ESM/amip-hist/rsut_Amon_IITM-ESM_amip-hist_r1i1p1f1_gn_191001-191912.nc;./IITM-ESM/amip-hist/rsut_Amon_IITM-ESM_amip-hist_r1i1p1f1_gn_192001-192912.nc;./IITM-ESM/amip-hist/rsut_Amon_IITM-ESM_amip-hist_r1i1p1f1_gn_193001-193912.nc;./IITM-ESM/amip-hist/rsut_Amon_IITM-ESM_amip-hist_r1i1p1f1_gn_194001-194912.nc;./IITM-ESM/amip-hist/rsut_Amon_IITM-ESM_amip-hist_r1i1p1f1_gn_195001-195912.nc;./IITM-ESM/amip-hist/rsut_Amon_IITM-ESM_amip-hist_r1i1p1f1_gn_196001-196912.nc;./IITM-ESM/amip-hist/rsut_Amon_IITM-ESM_amip-hist_r1i1p1f1_gn_197001-197912.nc;./IITM-ESM/amip-hist/rsut_Amon_IITM-ESM_amip-hist_r1i1p1f1_gn_198001-198912.nc;./IITM-ESM/amip-hist/rsut_Amon_IITM-ESM_amip-hist_r1i1p1f1_gn_199001-199912.nc;./IITM-ESM/amip-hist/rsut_Amon_IITM-ESM_amip-hist_r1i1p1f1_gn_200001-200912.nc;./IITM-ESM/amip-hist/rsut_Amon_IITM-ESM_amip-hist_r1i1p1f1_gn_201001-201412.nc,Amon;Amon;Amon;Amon;Amon;Amon;Amon;Amon;Amon;Amon;Amon;Amon;Amon;Amon;Amon,gn;gn;gn;gn;gn;gn;gn;gn;gn;gn;gn;gn;gn;gn;gn,187001-187912;188001-188912;189001-189912;190001-190912;191001-191912;192001-192912;193001-193912;194001-194912;195001-195912;196001-196912;197001-197912;198001-198912;199001-199912;200001-200912;201001-201412
IPSL-CM6A-LR,amip-hist,r1i1p1f1,complete,,,./IPSL-CM6A-LR/amip-hist/tas_Amon_IPSL-CM6A-LR_amip-hist_r1i1p1f1_gr_187001-201412.nc,Amon,gr,187001-201412,./IPSL-CM6A-LR/amip-hist/rsdt_Amon_IPSL-CM6A-LR_amip-hist_r1i1p1f1_gr_187001-201412.nc,Amon,gr,187001-201412,./IPSL-CM6A-LR/amip-hist/rlut_Amon_IPSL-CM6A-LR_amip-hist_r1i1p1f1_gr_187001-201412.nc,Amon,gr,187001-201412,./IPSL-CM6A-LR/amip-hist/rsut_Amon_IPSL-CM6A-LR_amip-hist_r1i1p1f1_gr_187001-201412.nc,Amon,gr,187001-201412
IPSL-CM6A-LR,amip-hist,r2i1p1f1,complete,,,./IPSL-CM6A-LR/amip-hist/tas_Amon_IPSL-CM6A-LR_amip-hist_r2i1p1f1_gr_187001-201412.nc,Amon,gr,187001-201412,./IPSL-CM6A-LR/amip-hist/rsdt_Amon_IPSL-CM6A-LR_amip-hist_r2i1p1f1_gr_187001-201412.nc,Amon,gr,187001-201412,./IPSL-CM6A-LR/amip-hist/rlut_Amon_IPSL-CM6A-LR_amip-hist_r2i1p1f1_gr_187001-201412.nc,Amon,gr,187001-201412,./IPSL-CM6A-LR/amip-hist/rsut_Amon_IPSL-CM6A-LR_amip-hist_r2i1p1f1_gr_187001-201412.nc,Amon,gr,187001-201412
IPSL-CM6A-LR,amip-hist,r3i1p1f1,complete,,,./IPSL-CM6A-LR/amip-hist/tas_Amon_IPSL-CM6A-LR_amip-hist_r3i1p1f1_gr_187001-201412.nc,Amon,gr,187001-201412,./IPSL-CM6A-LR/amip-hist/rsdt_Amon_IPSL-CM6A-LR_amip-hist_r3i1p1f1_gr_187001-201412.nc,Amon,gr,187001-201412,./IPSL-CM6A-LR/amip-hist/rlut_Amon_IPSL-CM6A-LR_amip-hist_r3i1p1f1_gr_187001-201412.nc,Amon,gr,187001-201412,./IPSL-CM6A-LR/amip-hist/rsut_Amon_IPSL-CM6A-LR_amip-hist_r3i1p1f1_gr_187001-201412.nc,Amon,gr,187001-201412
IPSL-CM6A-LR,amip-piForcing,r1i1p1f1,complete,,,./IPSL-CM6A-LR/amip-piForcing/tas_Amon_IPSL-CM6A-LR_amip-piForcing_r1i1p1f1_gr_187001-201412.nc,Amon,gr,187001-201412,./IPSL-CM6A-LR/amip-piForcing/rsdt_Amon_IPSL-CM6A-LR_amip-piForcing_r1i1p1f1_gr_187001-201412.nc,Amon,gr,187001-201412,./IPSL-CM6A-LR/amip-piForcing/rlut_Amon_IPSL-CM6A-LR_amip-piForcing_r1i1p1f1_gr_187001-201412.nc,Amon,gr,187001-201412,./IPSL-CM6A-LR/amip-piForcing/rsut_Amon_IPSL-CM6A-LR_amip-piForcing_r1i1p1f1_gr_187001-201412.nc,Amon,gr,187001-201412
IPSL-CM6A-LR,historical,r10i1p1f1,complete,,,./IPSL-CM6A-LR/historical/tas_Amon_IPSL-CM6A-LR_historical_r10i1p1f1_gr_185001-201412.nc,Amon,gr,185001-201412,./IPSL-CM6A-LR/historical/rsdt_Amon_IPSL-CM6A-LR_historical_r10i1p1f1_gr_185001-201412.nc,Amon,gr,185001-201412,./IPSL-CM6A-LR/historical/rlut_Amon_IPSL-CM6A-LR_historical_r10i1p1f1_gr_185001-201412.nc,Amon,gr,185001-201412,./IPSL-CM6A-LR/historical/rsut_Amon_IPSL-CM6A-LR_historical_r10i1p1f1_gr_185001-201412.nc,Amon,gr,185001-201412
IPSL-CM6A-LR,historical,r11i1p1f1,complete,,,./IPSL-CM6A-LR/historical/tas_Amon_IPSL-CM6A-LR_historical_r11i1p1f1_gr_185001-201412.nc,Amon,gr,185001-201412,./IPSL-CM6A-LR/historical/rsdt_Amon_IPSL-CM6A-LR_historical_r11i1p1f1_gr_185001-201412.nc,Amon,gr,185001-201412,./IPSL-CM6A-LR/historical/rlut_Amon_IPSL-CM6A-LR_historical_r11i1p1f1_gr_185001-201412.nc,Amon,gr,185001-201412,./IPSL-CM6A-LR/historical/rsut_Amon_IPSL-CM6A-LR_historical_r11i1p1f1_gr_185001-201412.nc,Amon,gr,185001-201412
IPSL-CM6A-LR,historical,r12i1p1f1,complete,,,./IPSL-CM6A-LR/historical/tas_Amon_IPSL-CM6A-LR_historical_r12i1p1f1_gr_185001-201412.nc,Amon,gr,185001-201412,./IPSL-CM6A-LR/historical/rsdt_Amon_IPSL-CM6A-LR_historical_r12i1p1f1_gr_185001-201412.nc,Amon,gr,185001-201412,./IPSL-CM6A-LR/historical/rlut_Amon_IPSL-CM6A-LR_historical_r12i1p1f1_gr_185001-201412.nc,Amon,gr,185001-201412,./IPSL-CM6A-LR/historical/rsut_Amon_IPSL-CM6A-LR_historical_r12i1p1f1_gr_185001-201412.nc,Amon,gr,185001-201412
IPSL-CM6A-LR,historical,r13i1p1f1,complete,,,./IPSL-CM6A-LR/historical/tas_Amon_IPSL-CM6A-LR_historical_r13i1p1f1_gr_185001-201412.nc,Amon,gr,185001-201412,./IPSL-CM6A-LR/historical/rsdt_Amon_IPSL-CM6A-LR_historical_r13i1p1f1_gr_185001-201412.nc,Amon,gr,185001-201412,./IPSL-CM6A-LR/historical/rlut_Amon_IPSL-CM6A-LR_historical_r13i1p1f1_gr_185001-201412.nc,Amon,gr,185001-201412,./IPSL-CM6A-LR/historical/rsut_Amon_IPSL-CM6A-LR_historical_r13i1p1f1_gr_185001-201412.nc,Amon,gr,185001-201412
IPSL-CM6A-LR,historical,r14i1p1f1,complete,,,./IPSL-CM6A-LR/historical/tas_Amon_IPSL-CM6A-LR_historical_r14i1p1f1_gr_185001-201412.nc,Amon,gr,185001-201412,./IPSL-CM6A-LR/historical/rsdt_Amon_IPSL-CM6A-LR_historical_r14i1p1f1_gr_185001-201412.nc,Amon,gr,185001-201412,./IPSL-CM6A-LR/historical/rlut_Amon_IPSL-CM6A-LR_historical_r14i1p1f1_gr_185001-201412.nc,Amon,gr,185001-201412,./IPSL-CM6A-LR/historical/rsut_Amon_IPSL-CM6A-LR_historical_r14i1p1f1_gr_185001-201412.nc,Amon,gr,185001-201412
IPSL-CM6A-LR,historical,r15i1p1f1,complete,,,./IPSL-CM6A-LR/historical/tas_Amon_IPSL-CM6A-LR_historical_r15i1p1f1_gr_185001-201412.nc,Amon,gr,185001-201412,./IPSL-CM6A-LR/historical/rsdt_Amon_IPSL-CM6A-LR_historical_r15i1p1f1_gr_185001-201412.nc,Amon,gr,185001-201412,./IPSL-CM6A-LR/historical/rlut_Amon_IPSL-CM6A-LR_historical_r15i1p1f1_gr_185001-201412.nc,Amon,gr,185001-201412,./IPSL-CM6A-LR/historical/rsut_Amon_IPSL-CM6A-LR_historical_r15i1p1f1_gr_185001-201412.nc,Amon,gr,185001-201412
IPSL-CM6A-LR,historical,r16i1p1f1,complete,,,./IPSL-CM6A-LR/historical/tas_Amon_IPSL-CM6A-LR_historical_r16i1p1f1_gr_185001-201412.nc,Amon,gr,185001-201412,./IPSL-CM6A-LR/historical/rsdt_Amon_IPSL-CM6A-LR_historical_r16i1p1f1_gr_185001-201412.nc,Amon,gr,185001-201412,./IPSL-CM6A-LR/historical/rlut_Amon_IPSL-CM6A-LR_historical_r16i1p1f1_gr_185001-201412.nc,Amon,gr,185001-201412,./IPSL-CM6A-LR/historical/rsut_Amon_IPSL-CM6A-LR_historical_r16i1p1f1_gr_185001-201412.nc,Amon,gr,185001-201412
IPSL-CM6A-LR,historical,r17i1p1f1,complete,,,./IPSL-CM6A-LR/historical/tas_Amon_IPSL-CM6A-LR_historical_r17i1p1f1_gr_185001-201412.nc,Amon,gr,185001-201412,./IPSL-CM6A-LR/historical/rsdt_Amon_IPSL-CM6A-LR_historical_r17i1p1f1_gr_185001-201412.nc,Amon,gr,185001-201412,./IPSL-CM6A-LR/historical/rlut_Amon_IPSL-CM6A-LR_historical_r17i1p1f1_gr_185001-201412.nc,Amon,gr,185001-201412,./IPSL-CM6A-LR/historical/rsut_Amon_IPSL-CM6A-LR_historical_r17i1p1f1_gr_185001-201412.nc,Amon,gr,185001-201412
IPSL-CM6A-LR,historical,r18i1p1f1,complete,,,./IPSL-CM6A-LR/historical/tas_Amon_IPSL-CM6A-LR_historical_r18i1p1f1_gr_185001-201412.nc,Amon,gr,185001-201412,./IPSL-CM6A-LR/historical/rsdt_Amon_IPSL-CM6A-LR_historical_r18i1p1f1_gr_185001-201412.nc,Amon,gr,185001-201412,./IPSL-CM6A-LR/historical/rlut_Amon_IPSL-CM6A-LR_historical_r18i1p1f1_gr_185001-201412.nc,Amon,gr,185001-201412,./IPSL-CM6A-LR/historical/rsut_Amon_IPSL-CM6A-LR_historical_r18i1p1f1_gr_185001-201412.nc,Amon,gr,185001-201412
IPSL-CM6A-LR,historical,r19i1p1f1,complete,,,./IPSL-CM6A-LR/historical/tas_Amon_IPSL-CM6A-LR_historical_r19i1p1f1_gr_185001-201412.nc,Amon,gr,185001-201412,./IPSL-CM6A-LR/historical/rsdt_Amon_IPSL-CM6A-LR_historical_r19i1p1f1_gr_185001-201412.nc,Amon,gr,185001-201412,./IPSL-CM6A-LR/historical/rlut_Amon_IPSL-CM6A-LR_historical_r19i1p1f1_gr_185001-201412.nc,Amon,gr,185001-201412,./IPSL-CM6A-LR/historical/rsut_Amon_IPSL-CM6A-LR_historical_r19i1p1f1_gr_185001-201412.nc,Amon,gr,185001-201412
IPSL-CM6A-LR,historical,r1i1p1f1,complete,,,./IPSL-CM6A-LR/historical/tas_Amon_IPSL-CM6A-LR_historical_r1i1p1f1_gr_185001-201412.nc,Amon,gr,185001-201412,./IPSL-CM6A-LR/historical/rsdt_Amon_IPSL-CM6A-LR_historical_r1i1p1f1_gr_185001-201412.nc,Amon,gr,185001-201412,./IPSL-CM6A-LR/historical/rlut_Amon_IPSL-CM6A-LR_historical_r1i1p1f1_gr_185001-201412.nc,Amon,gr,185001-201412,./IPSL-CM6A-LR/historical/rsut_Amon_IPSL-CM6A-LR_historical_r1i1p1f1_gr_185001-201412.nc,Amon,gr,185001-201412
IPSL-CM6A-LR,historical,r20i1p1f1,complete,,,./IPSL-CM6A-LR/historical/tas_Amon_IPSL-CM6A-LR_historical_r20i1p1f1_gr_185001-201412.nc,Amon,gr,185001-201412,./IPSL-CM6A-LR/historical/rsdt_Amon_IPSL-CM6A-LR_historical_r20i1p1f1_gr_185001-201412.nc,Amon,gr,185001-201412,./IPSL-CM6A-LR/historical/rlut_Amon_IPSL-CM6A-LR_historical_r20i1p1f1_gr_185001-201412.nc,Amon,gr,185001-201412,./IPSL-CM6A-LR/historical/rsut_Amon_IPSL-CM6A-LR_historical_r20i1p1f1_gr_185001-201412.nc,Amon,gr,185001-201412
IPSL-CM6A-LR,historical,r21i1p1f1,complete,,,./IPSL-CM6A-LR/historical/tas_Amon_IPSL-CM6A-LR_historical_r21i1p1f1_gr_185001-201412.nc,Amon,gr,185001-201412,./IPSL-CM6A-LR/historical/rsdt_Amon_IPSL-CM6A-LR_historical_r21i1p1f1_gr_185001-201412.nc,Amon,gr,185001-201412,./IPSL-CM6A-LR/historical/rlut_Amon_IPSL-CM6A-LR_historical_r21i1p1f1_gr_185001-201412.nc,Amon,gr,185001-201412,./IPSL-CM6A-LR/historical/rsut_Amon_IPSL-CM6A-LR_historical_r21i1p1f1_gr_185001-201412.nc,Amon,gr,185001-201412
IPSL-CM6A-LR,historical,r22i1p1f1,complete,,,./IPSL-CM6A-LR/historical/tas_Amon_IPSL-CM6A-LR_historical_r22i1p1f1_gr_185001-201412.nc,Amon,gr,185001-201412,./IPSL-CM6A-LR/historical/rsdt_Amon_IPSL-CM6A-LR_historical_r22i1p1f1_gr_185001-201412.nc,Amon,gr,185001-201412,./IPSL-CM6A-LR/historical/rlut_Amon_IPSL-CM6A-LR_historical_r22i1p1f1_gr_185001-201412.nc,Amon,gr,185001-201412,./IPSL-CM6A-LR/historical/rsut_Amon_IPSL-CM6A-LR_historical_r22i1p1f1_gr_185001-201412.nc,Amon,gr,185001-201412
IPSL-CM6A-LR,historical,r23i1p1f1,complete,,,./IPSL-CM6A-LR/historical/tas_Amon_IPSL-CM6A-LR_historical_r23i1p1f1_gr_185001-201412.nc,Amon,gr,185001-201412,./IPSL-CM6A-LR/historical/rsdt_Amon_IPSL-CM6A-LR_historical_r23i1p1f1_gr_185001-201412.nc,Amon,gr,185001-201412,./IPSL-CM6A-LR/historical/rlut_Amon_IPSL-CM6A-LR_historical_r23i1p1f1_gr_185001-201412.nc,Amon,gr,185001-201412,./IPSL-CM6A-LR/historical/rsut_Amon_IPSL-CM6A-LR_historical_r23i1p1f1_gr_185001-201412.nc,Amon,gr,185001-201412
IPSL-CM6A-LR,historical,r24i1p1f1,complete,,,./IPSL-CM6A-LR/historical/tas_Amon_IPSL-CM6A-LR_historical_r24i1p1f1_gr_185001-201412.nc,Amon,gr,185001-201412,./IPSL-CM6A-LR/historical/rsdt_Amon_IPSL-CM6A-LR_historical_r24i1p1f1_gr_185001-201412.nc,Amon,gr,185001-201412,./IPSL-CM6A-LR/historical/rlut_Amon_IPSL-CM6A-LR_historical_r24i1p1f1_gr_185001-201412.nc,Amon,gr,185001-201412,./IPSL-CM6A-LR/historical/rsut_Amon_IPSL-CM6A-LR_historical_r24i1p1f1_gr_185001-201412.nc,Amon,gr,185001-201412
IPSL-CM6A-LR,historical,r25i1p1f1,complete,,,./IPSL-CM6A-LR/historical/tas_Amon_IPSL-CM6A-LR_historical_r25i1p1f1_gr_185001-201412.nc,Amon,gr,185001-201412,./IPSL-CM6A-LR/historical/rsdt_Amon_IPSL-CM6A-LR_historical_r25i1p1f1_gr_185001-201412.nc,Amon,gr,185001-201412,./IPSL-CM6A-LR/historical/rlut_Amon_IPSL-CM6A-LR_historical_r25i1p1f1_gr_185001-201412.nc,Amon,gr,185001-201412,./IPSL-CM6A-LR/historical/rsut_Amon_IPSL-CM6A-LR_historical_r25i1p1f1_gr_185001-201412.nc,Amon,gr,185001-201412
IPSL-CM6A-LR,historical,r26i1p1f1,complete,,,./IPSL-CM6A-LR/historical/tas_Amon_IPSL-CM6A-LR_historical_r26i1p1f1_gr_185001-201412.nc,Amon,gr,185001-201412,./IPSL-CM6A-LR/historical/rsdt_Amon_IPSL-CM6A-LR_historical_r26i1p1f1_gr_185001-201412.nc,Amon,gr,185001-201412,./IPSL-CM6A-LR/historical/rlut_Amon_IPSL-CM6A-LR_historical_r26i1p1f1_gr_185001-201412.nc,Amon,gr,185001-201412,./IPSL-CM6A-LR/historical/rsut_Amon_IPSL-CM6A-LR_historical_r26i1p1f1_gr_185001-201412.nc,Amon,gr,185001-201412
IPSL-CM6A-LR,historical,r27i1p1f1,complete,,,./IPSL-CM6A-LR/historical/tas_Amon_IPSL-CM6A-LR_historical_r27i1p1f1_gr_185001-201412.nc,Amon,gr,185001-201412,./IPSL-CM6A-LR/historical/rsdt_Amon_IPSL-CM6A-LR_historical_r27i1p1f1_gr_185001-201412.nc,Amon,gr,185001-201412,./IPSL-CM6A-LR/historical/rlut_Amon_IPSL-CM6A-LR_historical_r27i1p1f1_gr_185001-201412.nc,Amon,gr,185001-201412,./IPSL-CM6A-LR/historical/rsut_Amon_IPSL-CM6A-LR_historical_r27i1p1f1_gr_185001-201412.nc,Amon,gr,185001-201412
IPSL-CM6A-LR,historical,r28i1p1f1,complete,,,./IPSL-CM6A-LR/historical/tas_Amon_IPSL-CM6A-LR_historical_r28i1p1f1_gr_185001-201412.nc,Amon,gr,185001-201412,./IPSL-CM6A-LR/historical/rsdt_Amon_IPSL-CM6A-LR_historical_r28i1p1f1_gr_185001-201412.nc,Amon,gr,185001-201412,./IPSL-CM6A-LR/historical/rlut_Amon_IPSL-CM6A-LR_historical_r28i1p1f1_gr_185001-201412.nc,Amon,gr,185001-201412,./IPSL-CM6A-LR/historical/rsut_Amon_IPSL-CM6A-LR_historical_r28i1p1f1_gr_185001-201412.nc,Amon,gr,185001-201412
IPSL-CM6A-LR,historical,r29i1p1f1,complete,,,./IPSL-CM6A-LR/historical/tas_Amon_IPSL-CM6A-LR_historical_r29i1p1f1_gr_185001-201412.nc,Amon,gr,185001-201412,./IPSL-CM6A-LR/historical/rsdt_Amon_IPSL-CM6A-LR_historical_r29i1p1f1_gr_185001-201412.nc,Amon,gr,185001-201412,./IPSL-CM6A-LR/historical/rlut_Amon_IPSL-CM6A-LR_historical_r29i1p1f1_gr_185001-201412.nc,Amon,gr,185001-201412,./IPSL-CM6A-LR/historical/rsut_Amon_IPSL-CM6A-LR_historical_r29i1p1f1_gr_185001-201412.nc,Amon,gr,185001-201412
IPSL-CM6A-LR,historical,r2i1p1f1,complete,,,./IPSL-CM6A-LR/historical/tas_Amon_IPSL-CM6A-LR_historical_r2i1p1f1_gr_185001-201412.nc,Amon,gr,185001-201412,./IPSL-CM6A-LR/historical/rsdt_Amon_IPSL-CM6A-LR_historical_r2i1p1f1_gr_185001-201412.nc,Amon,gr,185001-201412,./IPSL-CM6A-LR/historical/rlut_Amon_IPSL-CM6A-LR_historical_r2i1p1f1_gr_185001-201412.nc,Amon,gr,185001-201412,./IPSL-CM6A-LR/historical/rsut_Amon_IPSL-CM6A-LR_historical_r2i1p1f1_gr_185001-201412.nc,Amon,gr,185001-201412
IPSL-CM6A-LR,historical,r30i1p1f1,complete,,,./IPSL-CM6A-LR/historical/tas_Amon_IPSL-CM6A-LR_historical_r30i1p1f1_gr_185001-201412.nc,Amon,gr,185001-201412,./IPSL-CM6A-LR/historical/rsdt_Amon_IPSL-CM6A-LR_historical_r30i1p1f1_gr_185001-201412.nc,Amon,gr,185001-201412,./IPSL-CM6A-LR/historical/rlut_Amon_IPSL-CM6A-LR_historical_r30i1p1f1_gr_185001-201412.nc,Amon,gr,185001-201412,./IPSL-CM6A-LR/historical/rsut_Amon_IPSL-CM6A-LR_historical_r30i1p1f1_gr_185001-201412.nc,Amon,gr,185001-201412
IPSL-CM6A-LR,historical,r31i1p1f1,complete,,,./IPSL-CM6A-LR/historical/tas_Amon_IPSL-CM6A-LR_historical_r31i1p1f1_gr_185001-201412.nc,Amon,gr,185001-201412,./IPSL-CM6A-LR/historical/rsdt_Amon_IPSL-CM6A-LR_historical_r31i1p1f1_gr_185001-201412.nc,Amon,gr,185001-201412,./IPSL-CM6A-LR/historical/rlut_Amon_IPSL-CM6A-LR_historical_r31i1p1f1_gr_185001-201412.nc,Amon,gr,185001-201412,./IPSL-CM6A-LR/historical/rsut_Amon_IPSL-CM6A-LR_historical_r31i1p1f1_gr_185001-201412.nc,Amon,gr,185001-201412
IPSL-CM6A-LR,historical,r32i1p1f1,complete,,,./IPSL-CM6A-LR/historical/tas_Amon_IPSL-CM6A-LR_historical_r32i1p1f1_gr_185001-201412.nc,Amon,gr,185001-201412,./IPSL-CM6A-LR/historical/rsdt_Amon_IPSL-CM6A-LR_historical_r32i1p1f1_gr_185001-201412.nc,Amon,gr,185001-201412,./IPSL-CM6A-LR/historical/rlut_Amon_IPSL-CM6A-LR_historical_r32i1p1f1_gr_185001-201412.nc,Amon,gr,185001-201412,./IPSL-CM6A-LR/historical/rsut_Amon_IPSL-CM6A-LR_historical_r32i1p1f1_gr_185001-201412.nc,Amon,gr,185001-201412
IPSL-CM6A-LR,historical,r33i1p1f1,complete,,,./IPSL-CM6A-LR/historical/tas_Amon_IPSL-CM6A-LR_historical_r33i1p1f1_gr_185001-201412.nc,Amon,gr,185001-201412,./IPSL-CM6A-LR/historical/rsdt_Amon_IPSL-CM6A-LR_historical_r33i1p1f1_gr_185001-201412.nc,Amon,gr,185001-201412,./IPSL-CM6A-LR/historical/rlut_Amon_IPSL-CM6A-LR_historical_r33i1p1f1_gr_185001-201412.nc,Amon,gr,185001-201412,./IPSL-CM6A-LR/historical/rsut_Amon_IPSL-CM6A-LR_historical_r33i1p1f1_gr_185001-201412.nc,Amon,gr,185001-201412
IPSL-CM6A-LR,historical,r3i1p1f1,complete,,,./IPSL-CM6A-LR/historical/tas_Amon_IPSL-CM6A-LR_historical_r3i1p1f1_gr_185001-201412.nc,Amon,gr,185001-201412,./IPSL-CM6A-LR/historical/rsdt_Amon_IPSL-CM6A-LR_historical_r3i1p1f1_gr_185001-201412.nc,Amon,gr,185001-201412,./IPSL-CM6A-LR/historical/rlut_Amon_IPSL-CM6A-LR_historical_r3i1p1f1_gr_185001-201412.nc,Amon,gr,185001-201412,./IPSL-CM6A-LR/historical/rsut_Amon_IPSL-CM6A-LR_historical_r3i1p1f1_gr_185001-201412.nc,Amon,gr,185001-201412
IPSL-CM6A-LR,historical,r4i1p1f1,complete,,,./IPSL-CM6A-LR/historical/tas_Amon_IPSL-CM6A-LR_historical_r4i1p1f1_gr_185001-201412.nc,Amon,gr,185001-201412,./IPSL-CM6A-LR/historical/rsdt_Amon_IPSL-CM6A-LR_historical_r4i1p1f1_gr_185001-201412.nc,Amon,gr,185001-201412,./IPSL-CM6A-LR/historical/rlut_Amon_IPSL-CM6A-LR_historical_r4i1p1f1_gr_185001-201412.nc,Amon,gr,185001-201412,./IPSL-CM6A-LR/historical/rsut_Amon_IPSL-CM6A-LR_historical_r4i1p1f1_gr_185001-201412.nc,Amon,gr,185001-201412
IPSL-CM6A-LR,historical,r5i1p1f1,complete,,,./IPSL-CM6A-LR/historical/tas_Amon_IPSL-CM6A-LR_historical_r5i1p1f1_gr_185001-201412.nc,Amon,gr,185001-201412,./IPSL-CM6A-LR/historical/rsdt_Amon_IPSL-CM6A-LR_historical_r5i1p1f1_gr_185001-201412.nc,Amon,gr,185001-201412,./IPSL-CM6A-LR/historical/rlut_Amon_IPSL-CM6A-LR_historical_r5i1p1f1_gr_185001-201412.nc,Amon,gr,185001-201412,./IPSL-CM6A-LR/historical/rsut_Amon_IPSL-CM6A-LR_historical_r5i1p1f1_gr_185001-201412.nc,Amon,gr,185001-201412
IPSL-CM6A-LR,historical,r6i1p1f1,complete,,,./IPSL-CM6A-LR/historical/tas_Amon_IPSL-CM6A-LR_historical_r6i1p1f1_gr_185001-201412.nc,Amon,gr,185001-201412,./IPSL-CM6A-LR/historical/rsdt_Amon_IPSL-CM6A-LR_historical_r6i1p1f1_gr_185001-201412.nc,Amon,gr,185001-201412,./IPSL-CM6A-LR/historical/rlut_Amon_IPSL-CM6A-LR_historical_r6i1p1f1_gr_185001-201412.nc,Amon,gr,185001-201412,./IPSL-CM6A-LR/historical/rsut_Amon_IPSL-CM6A-LR_historical_r6i1p1f1_gr_185001-201412.nc,Amon,gr,185001-201412
IPSL-CM6A-LR,historical,r7i1p1f1,complete,,,./IPSL-CM6A-LR/historical/tas_Amon_IPSL-CM6A-LR_historical_r7i1p1f1_gr_185001-201412.nc,Amon,gr,185001-201412,./IPSL-CM6A-LR/historical/rsdt_Amon_IPSL-CM6A-LR_historical_r7i1p1f1_gr_185001-201412.nc,Amon,gr,185001-201412,./IPSL-CM6A-LR/historical/rlut_Amon_IPSL-CM6A-LR_historical_r7i1p1f1_gr_185001-201412.nc,Amon,gr,185001-201412,./IPSL-CM6A-LR/historical/rsut_Amon_IPSL-CM6A-LR_historical_r7i1p1f1_gr_185001-201412.nc,Amon,gr,185001-201412
IPSL-CM6A-LR,historical,r8i1p1f1,complete,,,./IPSL-CM6A-LR/historical/tas_Amon_IPSL-CM6A-LR_historical_r8i1p1f1_gr_185001-201412.nc,Amon,gr,185001-201412,./IPSL-CM6A-LR/historical/rsdt_Amon_IPSL-CM6A-LR_historical_r8i1p1f1_gr_185001-201412.nc,Amon,gr,185001-201412,./IPSL-CM6A-LR/historical/rlut_Amon_IPSL-CM6A-LR_historical_r8i1p1f1_gr_185001-201412.nc,Amon,gr,185001-201412,./IPSL-CM6A-LR/historical/rsut_Amon_IPSL-CM6A-LR_historical_r8i1p1f1_gr_185001-201412.nc,Amon,gr,185001-201412
IPSL-CM6A-LR,historical,r9i1p1f1,complete,,,./IPSL-CM6A-LR/historical/tas_Amon_IPSL-CM6A-LR_historical_r9i1p1f1_gr_185001-201412.nc,Amon,gr,185001-201412,./IPSL-CM6A-LR/historical/rsdt_Amon_IPSL-CM6A-LR_historical_r9i1p1f1_gr_185001-201412.nc,Amon,gr,185001-201412,./IPSL-CM6A-LR/historical/rlut_Amon_IPSL-CM6A-LR_historical_r9i1p1f1_gr_185001-201412.nc,Amon,gr,185001-201412,./IPSL-CM6A-LR/historical/rsut_Amon_IPSL-CM6A-LR_historical_r9i1p1f1_gr_185001-201412.nc,Amon,gr,185001-201412
IPSL-CM6A-LR,piClim-histall,r1i1p1f1,incomplete,tas,,,,,,./IPSL-CM6A-LR/piClim-histall/rsdt_Amon_IPSL-CM6A-LR_piClim-histall_r1i1p1f1_gr_185001-210012.nc,Amon,gr,185001-210012,./IPSL-CM6A-LR/piClim-histall/rlut_Amon_IPSL-CM6A-LR_piClim-histall_r1i1p1f1_gr_185001-210012.nc,Amon,gr,185001-210012,./IPSL-CM6A-LR/piClim-histall/rsut_Amon_IPSL-CM6A-LR_piClim-histall_r1i1p1f1_gr_185001-210012.nc,Amon,gr,185001-210012
IPSL-CM6A-LR,piClim-histall,r2i1p1f1,incomplete,tas,,,,,,./IPSL-CM6A-LR/piClim-histall/rsdt_Amon_IPSL-CM6A-LR_piClim-histall_r2i1p1f1_gr_185001-210012.nc,Amon,gr,185001-210012,./IPSL-CM6A-LR/piClim-histall/rlut_Amon_IPSL-CM6A-LR_piClim-histall_r2i1p1f1_gr_185001-210012.nc,Amon,gr,185001-210012,./IPSL-CM6A-LR/piClim-histall/rsut_Amon_IPSL-CM6A-LR_piClim-histall_r2i1p1f1_gr_185001-210012.nc,Amon,gr,185001-210012
IPSL-CM6A-LR,piClim-histall,r3i1p1f1,incomplete,tas,,,,,,./IPSL-CM6A-LR/piClim-histall/rsdt_Amon_IPSL-CM6A-LR_piClim-histall_r3i1p1f1_gr_185001-210012.nc,Amon,gr,185001-210012,./IPSL-CM6A-LR/piClim-histall/rlut_Amon_IPSL-CM6A-LR_piClim-histall_r3i1p1f1_gr_185001-210012.nc,Amon,gr,185001-210012,./IPSL-CM6A-LR/piClim-histall/rsut_Amon_IPSL-CM6A-LR_piClim-histall_r3i1p1f1_gr_185001-210012.nc,Amon,gr,185001-210012
MIROC6,abrupt-4xCO2,r1i1p1f1,ambiguous,rsdt;rlut;rsut,tas,./MIROC6/abrupt-4xCO2/tas_Amon_MIROC6_abrupt-4xCO2_r1i1p1f1_gn_320001-329912.nc;./MIROC6/abrupt-4xCO2/tas_Amon_MIROC6_abrupt-4xCO2_r1i1p1f1_gn_330001-334912.nc;./MIROC6/abrupt-4xCO2/tas_Amon_MIROC6_abrupt-4xCO2_r1i1p1f1_gn_335001-344912.nc,Amon;Amon;Amon,gn;gn;gn,320001-329912;330001-334912;335001-344912,,,,,,,,,,,,
MIROC6,amip-hist,r1i1p1f1,ambiguous,,tas;rsdt;rlut;rsut,./MIROC6/amip-hist/tas_Amon_MIROC6_amip-hist_r1i1p1f1_gn_187001-196912.nc;./MIROC6/amip-hist/tas_Amon_MIROC6_amip-hist_r1i1p1f1_gn_197001-201412.nc,Amon;Amon,gn;gn,187001-196912;197001-201412,./MIROC6/amip-hist/rsdt_Amon_MIROC6_amip-hist_r1i1p1f1_gn_187001-196912.nc;./MIROC6/amip-hist/rsdt_Amon_MIROC6_amip-hist_r1i1p1f1_gn_197001-201412.nc,Amon;Amon,gn;gn,187001-196912;197001-201412,./MIROC6/amip-hist/rlut_Amon_MIROC6_amip-hist_r1i1p1f1_gn_187001-196912.nc;./MIROC6/amip-hist/rlut_Amon_MIROC6_amip-hist_r1i1p1f1_gn_197001-201412.nc,Amon;Amon,gn;gn,187001-196912;197001-201412,./MIROC6/amip-hist/rsut_Amon_MIROC6_amip-hist_r1i1p1f1_gn_187001-196912.nc;./MIROC6/amip-hist/rsut_Amon_MIROC6_amip-hist_r1i1p1f1_gn_197001-201412.nc,Amon;Amon,gn;gn,187001-196912;197001-201412
MIROC6,amip-hist,r2i1p1f1,ambiguous,,tas;rsdt;rlut;rsut,./MIROC6/amip-hist/tas_Amon_MIROC6_amip-hist_r2i1p1f1_gn_187001-196912.nc;./MIROC6/amip-hist/tas_Amon_MIROC6_amip-hist_r2i1p1f1_gn_197001-201412.nc,Amon;Amon,gn;gn,187001-196912;197001-201412,./MIROC6/amip-hist/rsdt_Amon_MIROC6_amip-hist_r2i1p1f1_gn_187001-196912.nc;./MIROC6/amip-hist/rsdt_Amon_MIROC6_amip-hist_r2i1p1f1_gn_197001-201412.nc,Amon;Amon,gn;gn,187001-196912;197001-201412,./MIROC6/amip-hist/rlut_Amon_MIROC6_amip-hist_r2i1p1f1_gn_187001-196912.nc;./MIROC6/amip-hist/rlut_Amon_MIROC6_amip-hist_r2i1p1f1_gn_197001-201412.nc,Amon;Amon,gn;gn,187001-196912;197001-201412,./MIROC6/amip-hist/rsut_Amon_MIROC6_amip-hist_r2i1p1f1_gn_187001-196912.nc;./MIROC6/amip-hist/rsut_Amon_MIROC6_amip-hist_r2i1p1f1_gn_197001-201412.nc,Amon;Amon,gn;gn,187001-196912;197001-201412
MIROC6,amip-hist,r3i1p1f1,ambiguous,,tas;rsdt;rlut;rsut,./MIROC6/amip-hist/tas_Amon_MIROC6_amip-hist_r3i1p1f1_gn_187001-196912.nc;./MIROC6/amip-hist/tas_Amon_MIROC6_amip-hist_r3i1p1f1_gn_197001-201412.nc,Amon;Amon,gn;gn,187001-196912;197001-201412,./MIROC6/amip-hist/rsdt_Amon_MIROC6_amip-hist_r3i1p1f1_gn_187001-196912.nc;./MIROC6/amip-hist/rsdt_Amon_MIROC6_amip-hist_r3i1p1f1_gn_197001-201412.nc,Amon;Amon,gn;gn,187001-196912;197001-201412,./MIROC6/amip-hist/rlut_Amon_MIROC6_amip-hist_r3i1p1f1_gn_187001-196912.nc;./MIROC6/amip-hist/rlut_Amon_MIROC6_amip-hist_r3i1p1f1_gn_197001-201412.nc,Amon;Amon,gn;gn,187001-196912;197001-201412,./MIROC6/amip-hist/rsut_Amon_MIROC6_amip-hist_r3i1p1f1_gn_187001-196912.nc;./MIROC6/amip-hist/rsut_Amon_MIROC6_amip-hist_r3i1p1f1_gn_197001-201412.nc,Amon;Amon,gn;gn,187001-196912;197001-201412
MIROC6,amip-hist,r4i1p1f1,ambiguous,,tas;rsdt;rlut;rsut,./MIROC6/amip-hist/tas_Amon_MIROC6_amip-hist_r4i1p1f1_gn_187001-196912.nc;./MIROC6/amip-hist/tas_Amon_MIROC6_amip-hist_r4i1p1f1_gn_197001-201412.nc,Amon;Amon,gn;gn,187001-196912;197001-201412,./MIROC6/amip-hist/rsdt_Amon_MIROC6_amip-hist_r4i1p1f1_gn_187001-196912.nc;./MIROC6/amip-hist/rsdt_Amon_MIROC6_amip-hist_r4i1p1f1_gn_197001-201412.nc,Amon;Amon,gn;gn,187001-196912;197001-201412,./MIROC6/amip-hist/rlut_Amon_MIROC6_amip-hist_r4i1p1f1_gn_187001-196912.nc;./MIROC6/amip-hist/rlut_Amon_MIROC6_amip-hist_r4i1p1f1_gn_197001-201412.nc,Amon;Amon,gn;gn,187001-196912;197001-201412,./MIROC6/amip-hist/rsut_Amon_MIROC6_amip-hist_r4i1p1f1_gn_187001-196912.nc;./MIROC6/amip-hist/rsut_Amon_MIROC6_amip-hist_r4i1p1f1_gn_197001-201412.nc,Amon;Amon,gn;gn,187001-196912;197001-201412
MIROC6,amip-hist,r5i1p1f1,ambiguous,,tas;rsdt;rlut;rsut,./MIROC6/amip-hist/tas_Amon_MIROC6_amip-hist_r5i1p1f1_gn_187001-196912.nc;./MIROC6/amip-hist/tas_Amon_MIROC6_amip-hist_r5i1p1f1_gn_197001-201412.nc,Amon;Amon,gn;gn,187001-196912;197001-201412,./MIROC6/amip-hist/rsdt_Amon_MIROC6_amip-hist_r5i1p1f1_gn_187001-196912.nc;./MIROC6/amip-hist/rsdt_Amon_MIROC6_amip-hist_r5i1p1f1_gn_197001-201412.nc,Amon;Amon,gn;gn,187001-196912;197001-201412,./MIROC6/amip-hist/rlut_Amon_MIROC6_amip-hist_r5i1p1f1_gn_187001-196912.nc;./MIROC6/amip-hist/rlut_Amon_MIROC6_amip-hist_r5i1p1f1_gn_197001-201412.nc,Amon;Amon,gn;gn,187001-196912;197001-201412,./MIROC6/amip-hist/rsut_Amon_MIROC6_amip-hist_r5i1p1f1_gn_187001-196912.nc;./MIROC6/amip-hist/rsut_Amon_MIROC6_amip-hist_r5i1p1f1_gn_197001-201412.nc,Amon;Amon,gn;gn,187001-196912;197001-201412
MIROC6,amip-piForcing,r1i1p1f1,ambiguous,,tas;rsdt;rlut;rsut,./MIROC6/amip-piForcing/tas_Amon_MIROC6_amip-piForcing_r1i1p1f1_gn_187001-196912.nc;./MIROC6/amip-piForcing/tas_Amon_MIROC6_amip-piForcing_r1i1p1f1_gn_197001-201412.nc,Amon;Amon,gn;gn,187001-196912;197001-201412,./MIROC6/amip-piForcing/rsdt_Amon_MIROC6_amip-piForcing_r1i1p1f1_gn_187001-196912.nc;./MIROC6/amip-piForcing/rsdt_Amon_MIROC6_amip-piForcing_r1i1p1f1_gn_197001-201412.nc,Amon;Amon,gn;gn,187001-196912;197001-201412,./MIROC6/amip-piForcing/rlut_Amon_MIROC6_amip-piForcing_r1i1p1f1_gn_187001-196912.nc;./MIROC6/amip-piForcing/rlut_Amon_MIROC6_amip-piForcing_r1i1p1f1_gn_197001-201412.nc,Amon;Amon,gn;gn,187001-196912;197001-201412,./MIROC6/amip-piForcing/rsut_Amon_MIROC6_amip-piForcing_r1i1p1f1_gn_187001-196912.nc;./MIROC6/amip-piForcing/rsut_Amon_MIROC6_amip-piForcing_r1i1p1f1_gn_197001-201412.nc,Amon;Amon,gn;gn,187001-196912;197001-201412
MIROC6,historical,r10i1p1f1,ambiguous,,tas;rsdt;rlut;rsut,./MIROC6/historical/tas_Amon_MIROC6_historical_r10i1p1f1_gn_185001-194912.nc;./MIROC6/historical/tas_Amon_MIROC6_historical_r10i1p1f1_gn_195001-201412.nc,Amon;Amon,gn;gn,185001-194912;195001-201412,./MIROC6/historical/rsdt_Amon_MIROC6_historical_r10i1p1f1_gn_185001-194912.nc;./MIROC6/historical/rsdt_Amon_MIROC6_historical_r10i1p1f1_gn_195001-201412.nc,Amon;Amon,gn;gn,185001-194912;195001-201412,./MIROC6/historical/rlut_Amon_MIROC6_historical_r10i1p1f1_gn_185001-194912.nc;./MIROC6/historical/rlut_Amon_MIROC6_historical_r10i1p1f1_gn_195001-201412.nc,Amon;Amon,gn;gn,185001-194912;195001-201412,./MIROC6/historical/rsut_Amon_MIROC6_historical_r10i1p1f1_gn_185001-194912.nc;./MIROC6/historical/rsut_Amon_MIROC6_historical_r10i1p1f1_gn_195001-201412.nc,Amon;Amon,gn;gn,185001-194912;195001-201412
MIROC6,historical,r11i1p1f1,ambiguous,,tas;rsdt;rlut;rsut,./MIROC6/historical/tas_Amon_MIROC6_historical_r11i1p1f1_gn_185001-194912.nc;./MIROC6/historical/tas_Amon_MIROC6_historical_r11i1p1f1_gn_195001-201412.nc,Amon;Amon,gn;gn,185001-194912;195001-201412,./MIROC6/historical/rsdt_Amon_MIROC6_historical_r11i1p1f1_gn_185001-194912.nc;./MIROC6/historical/rsdt_Amon_MIROC6_historical_r11i1p1f1_gn_195001-201412.nc,Amon;Amon,gn;gn,185001-194912;195001-201412,./MIROC6/historical/rlut_Amon_MIROC6_historical_r11i1p1f1_gn_185001-194912.nc;./MIROC6/historical/rlut_Amon_MIROC6_historical_r11i1p1f1_gn_195001-201412.nc,Amon;Amon,gn;gn,185001-194912;195001-201412,./MIROC6/historical/rsut_Amon_MIROC6_historical_r11i1p1f1_gn_185001-194912.nc;./MIROC6/historical/rsut_Amon_MIROC6_historical_r11i1p1f1_gn_195001-201412.nc,Amon;Amon,gn;gn,185001-194912;195001-201412
MIROC6,historical,r12i1p1f1,ambiguous,,tas;rsdt;rlut;rsut,./MIROC6/historical/tas_Amon_MIROC6_historical_r12i1p1f1_gn_185001-194912.nc;./MIROC6/historical/tas_Amon_MIROC6_historical_r12i1p1f1_gn_195001-201412.nc,Amon;Amon,gn;gn,185001-194912;195001-201412,./MIROC6/historical/rsdt_Amon_MIROC6_historical_r12i1p1f1_gn_185001-194912.nc;./MIROC6/historical/rsdt_Amon_MIROC6_historical_r12i1p1f1_gn_195001-201412.nc,Amon;Amon,gn;gn,185001-194912;195001-201412,./MIROC6/historical/rlut_Amon_MIROC6_historical_r12i1p1f1_gn_185001-194912.nc;./MIROC6/historical/rlut_Amon_MIROC6_historical_r12i1p1f1_gn_195001-201412.nc,Amon;Amon,gn;gn,185001-194912;195001-201412,./MIROC6/historical/rsut_Amon_MIROC6_historical_r12i1p1f1_gn_185001-194912.nc;./MIROC6/historical/rsut_Amon_MIROC6_historical_r12i1p1f1_gn_195001-201412.nc,Amon;Amon,gn;gn,185001-194912;195001-201412
MIROC6,historical,r13i1p1f1,ambiguous,,tas;rsdt;rlut;rsut,./MIROC6/historical/tas_Amon_MIROC6_historical_r13i1p1f1_gn_185001-194912.nc;./MIROC6/historical/tas_Amon_MIROC6_historical_r13i1p1f1_gn_195001-201412.nc,Amon;Amon,gn;gn,185001-194912;195001-201412,./MIROC6/historical/rsdt_Amon_MIROC6_historical_r13i1p1f1_gn_185001-194912.nc;./MIROC6/historical/rsdt_Amon_MIROC6_historical_r13i1p1f1_gn_195001-201412.nc,Amon;Amon,gn;gn,185001-194912;195001-201412,./MIROC6/historical/rlut_Amon_MIROC6_historical_r13i1p1f1_gn_185001-194912.nc;./MIROC6/historical/rlut_Amon_MIROC6_historical_r13i1p1f1_gn_195001-201412.nc,Amon;Amon,gn;gn,185001-194912;195001-201412,./MIROC6/historical/rsut_Amon_MIROC6_historical_r13i1p1f1_gn_185001-194912.nc;./MIROC6/historical/rsut_Amon_MIROC6_historical_r13i1p1f1_gn_195001-201412.nc,Amon;Amon,gn;gn,185001-194912;195001-201412
MIROC6,historical,r14i1p1f1,ambiguous,,tas;rsdt;rlut;rsut,./MIROC6/historical/tas_Amon_MIROC6_historical_r14i1p1f1_gn_185001-194912.nc;./MIROC6/historical/tas_Amon_MIROC6_historical_r14i1p1f1_gn_195001-201412.nc,Amon;Amon,gn;gn,185001-194912;195001-201412,./MIROC6/historical/rsdt_Amon_MIROC6_historical_r14i1p1f1_gn_185001-194912.nc;./MIROC6/historical/rsdt_Amon_MIROC6_historical_r14i1p1f1_gn_195001-201412.nc,Amon;Amon,gn;gn,185001-194912;195001-201412,./MIROC6/historical/rlut_Amon_MIROC6_historical_r14i1p1f1_gn_185001-194912.nc;./MIROC6/historical/rlut_Amon_MIROC6_historical_r14i1p1f1_gn_195001-201412.nc,Amon;Amon,gn;gn,185001-194912;195001-201412,./MIROC6/historical/rsut_Amon_MIROC6_historical_r14i1p1f1_gn_185001-194912.nc;./MIROC6/historical/rsut_Amon_MIROC6_historical_r14i1p1f1_gn_195001-201412.nc,Amon;Amon,gn;gn,185001-194912;195001-201412
MIROC6,historical,r15i1p1f1,ambiguous,,tas;rsdt;rlut;rsut,./MIROC6/historical/tas_Amon_MIROC6_historical_r15i1p1f1_gn_185001-194912.nc;./MIROC6/historical/tas_Amon_MIROC6_historical_r15i1p1f1_gn_195001-201412.nc,Amon;Amon,gn;gn,185001-194912;195001-201412,./MIROC6/historical/rsdt_Amon_MIROC6_historical_r15i1p1f1_gn_185001-194912.nc;./MIROC6/historical/rsdt_Amon_MIROC6_historical_r15i1p1f1_gn_195001-201412.nc,Amon;Amon,gn;gn,185001-194912;195001-201412,./MIROC6/historical/rlut_Amon_MIROC6_historical_r15i1p1f1_gn_185001-194912.nc;./MIROC6/historical/rlut_Amon_MIROC6_historical_r15i1p1f1_gn_195001-201412.nc,Amon;Amon,gn;gn,185001-194912;195001-201412,./MIROC6/historical/rsut_Amon_MIROC6_historical_r15i1p1f1_gn_185001-194912.nc;./MIROC6/historical/rsut_Amon_MIROC6_historical_r15i1p1f1_gn_195001-201412.nc,Amon;Amon,gn;gn,185001-194912;195001-201412
MIROC6,historical,r16i1p1f1,ambiguous,,tas;rsdt;rlut;rsut,./MIROC6/historical/tas_Amon_MIROC6_historical_r16i1p1f1_gn_185001-194912.nc;./MIROC6/historical/tas_Amon_MIROC6_historical_r16i1p1f1_gn_195001-201412.nc,Amon;Amon,gn;gn,185001-194912;195001-201412,./MIROC6/historical/rsdt_Amon_MIROC6_historical_r16i1p1f1_gn_185001-194912.nc;./MIROC6/historical/rsdt_Amon_MIROC6_historical_r16i1p1f1_gn_195001-201412.nc,Amon;Amon,gn;gn,185001-194912;195001-201412,./MIROC6/historical/rlut_Amon_MIROC6_historical_r16i1p1f1_gn_185001-194912.nc;./MIROC6/historical/rlut_Amon_MIROC6_historical_r16i1p1f1_gn_195001-201412.nc,Amon;Amon,gn;gn,185001-194912;195001-201412,./MIROC6/historical/rsut_Amon_MIROC6_historical_r16i1p1f1_gn_185001-194912.nc;./MIROC6/historical/rsut_Amon_MIROC6_historical_r16i1p1f1_gn_195001-201412.nc,Amon;Amon,gn;gn,185001-194912;195001-201412
MIROC6,historical,r17i1p1f1,ambiguous,,tas;rsdt;rlut;rsut,./MIROC6/historical/tas_Amon_MIROC6_historical_r17i1p1f1_gn_185001-194912.nc;./MIROC6/historical/tas_Amon_MIROC6_historical_r17i1p1f1_gn_195001-201412.nc,Amon;Amon,gn;gn,185001-194912;195001-201412,./MIROC6/historical/rsdt_Amon_MIROC6_historical_r17i1p1f1_gn_185001-194912.nc;./MIROC6/historical/rsdt_Amon_MIROC6_historical_r17i1p1f1_gn_195001-201412.nc,Amon;Amon,gn;gn,185001-194912;195001-201412,./MIROC6/historical/rlut_Amon_MIROC6_historical_r17i1p1f1_gn_185001-194912.nc;./MIROC6/historical/rlut_Amon_MIROC6_historical_r17i1p1f1_gn_195001-201412.nc,Amon;Amon,gn;gn,185001-194912;195001-201412,./MIROC6/historical/rsut_Amon_MIROC6_historical_r17i1p1f1_gn_185001-194912.nc;./MIROC6/historical/rsut_Amon_MIROC6_historical_r17i1p1f1_gn_195001-201412.nc,Amon;Amon,gn;gn,185001-194912;195001-201412
MIROC6,historical,r18i1p1f1,ambiguous,,tas;rsdt;rlut;rsut,./MIROC6/historical/tas_Amon_MIROC6_historical_r18i1p1f1_gn_185001-194912.nc;./MIROC6/historical/tas_Amon_MIROC6_historical_r18i1p1f1_gn_195001-201412.nc,Amon;Amon,gn;gn,185001-194912;195001-201412,./MIROC6/historical/rsdt_Amon_MIROC6_historical_r18i1p1f1_gn_185001-194912.nc;./MIROC6/historical/rsdt_Amon_MIROC6_historical_r18i1p1f1_gn_195001-201412.nc,Amon;Amon,gn;gn,185001-194912;195001-201412,./MIROC6/historical/rlut_Amon_MIROC6_historical_r18i1p1f1_gn_185001-194912.nc;./MIROC6/historical/rlut_Amon_MIROC6_historical_r18i1p1f1_gn_195001-201412.nc,Amon;Amon,gn;gn,185001-194912;195001-201412,./MIROC6/historical/rsut_Amon_MIROC6_historical_r18i1p1f1_gn_185001-194912.nc;./MIROC6/historical/rsut_Amon_MIROC6_historical_r18i1p1f1_gn_195001-201412.nc,Amon;Amon,gn;gn,185001-194912;195001-201412
MIROC6,historical,r19i1p1f1,ambiguous,,tas;rsdt;rlut;rsut,./MIROC6/historical/tas_Amon_MIROC6_historical_r19i1p1f1_gn_185001-194912.nc;./MIROC6/historical/tas_Amon_MIROC6_historical_r19i1p1f1_gn_195001-201412.nc,Amon;Amon,gn;gn,185001-194912;195001-201412,./MIROC6/historical/rsdt_Amon_MIROC6_historical_r19i1p1f1_gn_185001-194912.nc;./MIROC6/historical/rsdt_Amon_MIROC6_historical_r19i1p1f1_gn_195001-201412.nc,Amon;Amon,gn;gn,185001-194912;195001-201412,./MIROC6/historical/rlut_Amon_MIROC6_historical_r19i1p1f1_gn_185001-194912.nc;./MIROC6/historical/rlut_Amon_MIROC6_historical_r19i1p1f1_gn_195001-201412.nc,Amon;Amon,gn;gn,185001-194912;195001-201412,./MIROC6/historical/rsut_Amon_MIROC6_historical_r19i1p1f1_gn_185001-194912.nc;./MIROC6/historical/rsut_Amon_MIROC6_historical_r19i1p1f1_gn_195001-201412.nc,Amon;Amon,gn;gn,185001-194912;195001-201412
MIROC6,historical,r1i1p1f1,ambiguous,,tas;rsdt;rlut;rsut,./MIROC6/historical/tas_Amon_MIROC6_historical_r1i1p1f1_gn_185001-194912.nc;./MIROC6/historical/tas_Amon_MIROC6_historical_r1i1p1f1_gn_195001-201412.nc,Amon;Amon,gn;gn,185001-194912;195001-201412,./MIROC6/historical/rsdt_Amon_MIROC6_historical_r1i1p1f1_gn_185001-194912.nc;./MIROC6/historical/rsdt_Amon_MIROC6_historical_r1i1p1f1_gn_195001-201412.nc,Amon;Amon,gn;gn,185001-194912;195001-201412,./MIROC6/historical/rlut_Amon_MIROC6_historical_r1i1p1f1_gn_185001-194912.nc;./MIROC6/historical/rlut_Amon_MIROC6_historical_r1i1p1f1_gn_195001-201412.nc,Amon;Amon,gn;gn,185001-194912;195001-201412,./MIROC6/historical/rsut_Amon_MIROC6_historical_r1i1p1f1_gn_185001-194912.nc;./MIROC6/historical/rsut_Amon_MIROC6_historical_r1i1p1f1_gn_195001-201412.nc,Amon;Amon,gn;gn,185001-194912;195001-201412
MIROC6,historical,r20i1p1f1,ambiguous,,tas;rsdt;rlut;rsut,./MIROC6/historical/tas_Amon_MIROC6_historical_r20i1p1f1_gn_185001-194912.nc;./MIROC6/historical/tas_Amon_MIROC6_historical_r20i1p1f1_gn_195001-201412.nc,Amon;Amon,gn;gn,185001-194912;195001-201412,./MIROC6/historical/rsdt_Amon_MIROC6_historical_r20i1p1f1_gn_185001-194912.nc;./MIROC6/historical/rsdt_Amon_MIROC6_historical_r20i1p1f1_gn_195001-201412.nc,Amon;Amon,gn;gn,185001-194912;195001-201412,./MIROC6/historical/rlut_Amon_MIROC6_historical_r20i1p1f1_gn_185001-194912.nc;./MIROC6/historical/rlut_Amon_MIROC6_historical_r20i1p1f1_gn_195001-201412.nc,Amon;Amon,gn;gn,185001-194912;195001-201412,./MIROC6/historical/rsut_Amon_MIROC6_historical_r20i1p1f1_gn_185001-194912.nc;./MIROC6/historical/rsut_Amon_MIROC6_historical_r20i1p1f1_gn_195001-201412.nc,Amon;Amon,gn;gn,185001-194912;195001-201412
MIROC6,historical,r21i1p1f1,ambiguous,,tas;rsdt;rlut;rsut,./MIROC6/historical/tas_Amon_MIROC6_historical_r21i1p1f1_gn_185001-194912.nc;./MIROC6/historical/tas_Amon_MIROC6_historical_r21i1p1f1_gn_195001-201412.nc,Amon;Amon,gn;gn,185001-194912;195001-201412,./MIROC6/historical/rsdt_Amon_MIROC6_historical_r21i1p1f1_gn_185001-194912.nc;./MIROC6/historical/rsdt_Amon_MIROC6_historical_r21i1p1f1_gn_195001-201412.nc,Amon;Amon,gn;gn,185001-194912;195001-201412,./MIROC6/historical/rlut_Amon_MIROC6_historical_r21i1p1f1_gn_185001-194912.nc;./MIROC6/historical/rlut_Amon_MIROC6_historical_r21i1p1f1_gn_195001-201412.nc,Amon;Amon,gn;gn,185001-194912;195001-201412,./MIROC6/historical/rsut_Amon_MIROC6_historical_r21i1p1f1_gn_185001-194912.nc;./MIROC6/historical/rsut_Amon_MIROC6_historical_r21i1p1f1_gn_195001-201412.nc,Amon;Amon,gn;gn,185001-194912;195001-201412
MIROC6,historical,r22i1p1f1,ambiguous,,tas;rsdt;rlut;rsut,./MIROC6/historical/tas_Amon_MIROC6_historical_r22i1p1f1_gn_185001-194912.nc;./MIROC6/historical/tas_Amon_MIROC6_historical_r22i1p1f1_gn_195001-201412.nc,Amon;Amon,gn;gn,185001-194912;195001-201412,./MIROC6/historical/rsdt_Amon_MIROC6_historical_r22i1p1f1_gn_185001-194912.nc;./MIROC6/historical/rsdt_Amon_MIROC6_historical_r22i1p1f1_gn_195001-201412.nc,Amon;Amon,gn;gn,185001-194912;195001-201412,./MIROC6/historical/rlut_Amon_MIROC6_historical_r22i1p1f1_gn_185001-194912.nc;./MIROC6/historical/rlut_Amon_MIROC6_historical_r22i1p1f1_gn_195001-201412.nc,Amon;Amon,gn;gn,185001-194912;195001-201412,./MIROC6/historical/rsut_Amon_MIROC6_historical_r22i1p1f1_gn_185001-194912.nc;./MIROC6/historical/rsut_Amon_MIROC6_historical_r22i1p1f1_gn_195001-201412.nc,Amon;Amon,gn;gn,185001-194912;195001-201412
MIROC6,historical,r23i1p1f1,ambiguous,,tas;rsdt;rlut;rsut,./MIROC6/historical/tas_Amon_MIROC6_historical_r23i1p1f1_gn_185001-194912.nc;./MIROC6/historical/tas_Amon_MIROC6_historical_r23i1p1f1_gn_195001-201412.nc,Amon;Amon,gn;gn,185001-194912;195001-201412,./MIROC6/historical/rsdt_Amon_MIROC6_historical_r23i1p1f1_gn_185001-194912.nc;./MIROC6/historical/rsdt_Amon_MIROC6_historical_r23i1p1f1_gn_195001-201412.nc,Amon;Amon,gn;gn,185001-194912;195001-201412,./MIROC6/historical/rlut_Amon_MIROC6_historical_r23i1p1f1_gn_185001-194912.nc;./MIROC6/historical/rlut_Amon_MIROC6_historical_r23i1p1f1_gn_195001-201412.nc,Amon;Amon,gn;gn,185001-194912;195001-201412,./MIROC6/historical/rsut_Amon_MIROC6_historical_r23i1p1f1_gn_185001-194912.nc;./MIROC6/historical/rsut_Amon_MIROC6_historical_r23i1p1f1_gn_195001-201412.nc,Amon;Amon,gn;gn,185001-194912;195001-201412
MIROC6,historical,r24i1p1f1,ambiguous,,tas;rsdt;rlut;rsut,./MIROC6/historical/tas_Amon_MIROC6_historical_r24i1p1f1_gn_185001-194912.nc;./MIROC6/historical/tas_Amon_MIROC6_historical_r24i1p1f1_gn_195001-201412.nc,Amon;Amon,gn;gn,185001-194912;195001-201412,./MIROC6/historical/rsdt_Amon_MIROC6_historical_r24i1p1f1_gn_185001-194912.nc;./MIROC6/historical/rsdt_Amon_MIROC6_historical_r24i1p1f1_gn_195001-201412.nc,Amon;Amon,gn;gn,185001-194912;195001-201412,./MIROC6/historical/rlut_Amon_MIROC6_historical_r24i1p1f1_gn_185001-194912.nc;./MIROC6/historical/rlut_Amon_MIROC6_historical_r24i1p1f1_gn_195001-201412.nc,Amon;Amon,gn;gn,185001-194912;195001-201412,./MIROC6/historical/rsut_Amon_MIROC6_historical_r24i1p1f1_gn_185001-194912.nc;./MIROC6/historical/rsut_Amon_MIROC6_historical_r24i1p1f1_gn_195001-201412.nc,Amon;Amon,gn;gn,185001-194912;195001-201412
MIROC6,historical,r25i1p1f1,ambiguous,,tas;rsdt;rlut;rsut,./MIROC6/historical/tas_Amon_MIROC6_historical_r25i1p1f1_gn_185001-194912.nc;./MIROC6/historical/tas_Amon_MIROC6_historical_r25i1p1f1_gn_195001-201412.nc,Amon;Amon,gn;gn,185001-194912;195001-201412,./MIROC6/historical/rsdt_Amon_MIROC6_historical_r25i1p1f1_gn_185001-194912.nc;./MIROC6/historical/rsdt_Amon_MIROC6_historical_r25i1p1f1_gn_195001-201412.nc,Amon;Amon,gn;gn,185001-194912;195001-201412,./MIROC6/historical/rlut_Amon_MIROC6_historical_r25i1p1f1_gn_185001-194912.nc;./MIROC6/historical/rlut_Amon_MIROC6_historical_r25i1p1f1_gn_195001-201412.nc,Amon;Amon,gn;gn,185001-194912;195001-201412,./MIROC6/historical/rsut_Amon_MIROC6_historical_r25i1p1f1_gn_185001-194912.nc;./MIROC6/historical/rsut_Amon_MIROC6_historical_r25i1p1f1_gn_195001-201412.nc,Amon;Amon,gn;gn,185001-194912;195001-201412
MIROC6,historical,r26i1p1f1,ambiguous,,tas;rsdt;rlut;rsut,./MIROC6/historical/tas_Amon_MIROC6_historical_r26i1p1f1_gn_185001-194912.nc;./MIROC6/historical/tas_Amon_MIROC6_historical_r26i1p1f1_gn_195001-201412.nc,Amon;Amon,gn;gn,185001-194912;195001-201412,./MIROC6/historical/rsdt_Amon_MIROC6_historical_r26i1p1f1_gn_185001-194912.nc;./MIROC6/historical/rsdt_Amon_MIROC6_historical_r26i1p1f1_gn_195001-201412.nc,Amon;Amon,gn;gn,185001-194912;195001-201412,./MIROC6/historical/rlut_Amon_MIROC6_historical_r26i1p1f1_gn_185001-194912.nc;./MIROC6/historical/rlut_Amon_MIROC6_historical_r26i1p1f1_gn_195001-201412.nc,Amon;Amon,gn;gn,185001-194912;195001-201412,./MIROC6/historical/rsut_Amon_MIROC6_historical_r26i1p1f1_gn_185001-194912.nc;./MIROC6/historical/rsut_Amon_MIROC6_historical_r26i1p1f1_gn_195001-201412.nc,Amon;Amon,gn;gn,185001-194912;195001-201412
MIROC6,historical,r27i1p1f1,ambiguous,,tas;rsdt;rlut;rsut,./MIROC6/historical/tas_Amon_MIROC6_historical_r27i1p1f1_gn_185001-194912.nc;./MIROC6/historical/tas_Amon_MIROC6_historical_r27i1p1f1_gn_195001-201412.nc,Amon;Amon,gn;gn,185001-194912;195001-201412,./MIROC6/historical/rsdt_Amon_MIROC6_historical_r27i1p1f1_gn_185001-194912.nc;./MIROC6/historical/rsdt_Amon_MIROC6_historical_r27i1p1f1_gn_195001-201412.nc,Amon;Amon,gn;gn,185001-194912;195001-201412,./MIROC6/historical/rlut_Amon_MIROC6_historical_r27i1p1f1_gn_185001-194912.nc;./MIROC6/historical/rlut_Amon_MIROC6_historical_r27i1p1f1_gn_195001-201412.nc,Amon;Amon,gn;gn,185001-194912;195001-201412,./MIROC6/historical/rsut_Amon_MIROC6_historical_r27i1p1f1_gn_185001-194912.nc;./MIROC6/historical/rsut_Amon_MIROC6_historical_r27i1p1f1_gn_195001-201412.nc,Amon;Amon,gn;gn,185001-194912;195001-201412
MIROC6,historical,r28i1p1f1,ambiguous,,tas;rsdt;rlut;rsut,./MIROC6/historical/tas_Amon_MIROC6_historical_r28i1p1f1_gn_185001-194912.nc;./MIROC6/historical/tas_Amon_MIROC6_historical_r28i1p1f1_gn_195001-201412.nc,Amon;Amon,gn;gn,185001-194912;195001-201412,./MIROC6/historical/rsdt_Amon_MIROC6_historical_r28i1p1f1_gn_185001-194912.nc;./MIROC6/historical/rsdt_Amon_MIROC6_historical_r28i1p1f1_gn_195001-201412.nc,Amon;Amon,gn;gn,185001-194912;195001-201412,./MIROC6/historical/rlut_Amon_MIROC6_historical_r28i1p1f1_gn_185001-194912.nc;./MIROC6/historical/rlut_Amon_MIROC6_historical_r28i1p1f1_gn_195001-201412.nc,Amon;Amon,gn;gn,185001-194912;195001-201412,./MIROC6/historical/rsut_Amon_MIROC6_historical_r28i1p1f1_gn_185001-194912.nc;./MIROC6/historical/rsut_Amon_MIROC6_historical_r28i1p1f1_gn_195001-201412.nc,Amon;Amon,gn;gn,185001-194912;195001-201412
MIROC6,historical,r29i1p1f1,ambiguous,,tas;rsdt;rlut;rsut,./MIROC6/historical/tas_Amon_MIROC6_historical_r29i1p1f1_gn_185001-194912.nc;./MIROC6/historical/tas_Amon_MIROC6_historical_r29i1p1f1_gn_195001-201412.nc,Amon;Amon,gn;gn,185001-194912;195001-201412,./MIROC6/historical/rsdt_Amon_MIROC6_historical_r29i1p1f1_gn_185001-194912.nc;./MIROC6/historical/rsdt_Amon_MIROC6_historical_r29i1p1f1_gn_195001-201412.nc,Amon;Amon,gn;gn,185001-194912;195001-201412,./MIROC6/historical/rlut_Amon_MIROC6_historical_r29i1p1f1_gn_185001-194912.nc;./MIROC6/historical/rlut_Amon_MIROC6_historical_r29i1p1f1_gn_195001-201412.nc,Amon;Amon,gn;gn,185001-194912;195001-201412,./MIROC6/historical/rsut_Amon_MIROC6_historical_r29i1p1f1_gn_185001-194912.nc;./MIROC6/historical/rsut_Amon_MIROC6_historical_r29i1p1f1_gn_195001-201412.nc,Amon;Amon,gn;gn,185001-194912;195001-201412
MIROC6,historical,r2i1p1f1,ambiguous,,tas;rsdt;rlut;rsut,./MIROC6/historical/tas_Amon_MIROC6_historical_r2i1p1f1_gn_185001-194912.nc;./MIROC6/historical/tas_Amon_MIROC6_historical_r2i1p1f1_gn_195001-201412.nc,Amon;Amon,gn;gn,185001-194912;195001-201412,./MIROC6/historical/rsdt_Amon_MIROC6_historical_r2i1p1f1_gn_185001-194912.nc;./MIROC6/historical/rsdt_Amon_MIROC6_historical_r2i1p1f1_gn_195001-201412.nc,Amon;Amon,gn;gn,185001-194912;195001-201412,./MIROC6/historical/rlut_Amon_MIROC6_historical_r2i1p1f1_gn_185001-194912.nc;./MIROC6/historical/rlut_Amon_MIROC6_historical_r2i1p1f1_gn_195001-201412.nc,Amon;Amon,gn;gn,185001-194912;195001-201412,./MIROC6/historical/rsut_Amon_MIROC6_historical_r2i1p1f1_gn_185001-194912.nc;./MIROC6/historical/rsut_Amon_MIROC6_historical_r2i1p1f1_gn_195001-201412.nc,Amon;Amon,gn;gn,185001-194912;195001-201412
MIROC6,historical,r30i1p1f1,ambiguous,,tas;rsdt;rlut;rsut,./MIROC6/historical/tas_Amon_MIROC6_historical_r30i1p1f1_gn_185001-194912.nc;./MIROC6/historical/tas_Amon_MIROC6_historical_r30i1p1f1_gn_195001-201412.nc,Amon;Amon,gn;gn,185001-194912;195001-201412,./MIROC6/historical/rsdt_Amon_MIROC6_historical_r30i1p1f1_gn_185001-194912.nc;./MIROC6/historical/rsdt_Amon_MIROC6_historical_r30i1p1f1_gn_195001-201412.nc,Amon;Amon,gn;gn,185001-194912;195001-201412,./MIROC6/historical/rlut_Amon_MIROC6_historical_r30i1p1f1_gn_185001-194912.nc;./MIROC6/historical/rlut_Amon_MIROC6_historical_r30i1p1f1_gn_195001-201412.nc,Amon;Amon,gn;gn,185001-194912;195001-201412,./MIROC6/historical/rsut_Amon_MIROC6_historical_r30i1p1f1_gn_185001-194912.nc;./MIROC6/historical/rsut_Amon_MIROC6_historical_r30i1p1f1_gn_195001-201412.nc,Amon;Amon,gn;gn,185001-194912;195001-201412
MIROC6,historical,r31i1p1f1,ambiguous,,tas;rsdt;rlut;rsut,./MIROC6/historical/tas_Amon_MIROC6_historical_r31i1p1f1_gn_185001-194912.nc;./MIROC6/historical/tas_Amon_MIROC6_historical_r31i1p1f1_gn_195001-201412.nc,Amon;Amon,gn;gn,185001-194912;195001-201412,./MIROC6/historical/rsdt_Amon_MIROC6_historical_r31i1p1f1_gn_185001-194912.nc;./MIROC6/historical/rsdt_Amon_MIROC6_historical_r31i1p1f1_gn_195001-201412.nc,Amon;Amon,gn;gn,185001-194912;195001-201412,./MIROC6/historical/rlut_Amon_MIROC6_historical_r31i1p1f1_gn_185001-194912.nc;./MIROC6/historical/rlut_Amon_MIROC6_historical_r31i1p1f1_gn_195001-201412.nc,Amon;Amon,gn;gn,185001-194912;195001-201412,./MIROC6/historical/rsut_Amon_MIROC6_historical_r31i1p1f1_gn_185001-194912.nc;./MIROC6/historical/rsut_Amon_MIROC6_historical_r31i1p1f1_gn_195001-201412.nc,Amon;Amon,gn;gn,185001-194912;195001-201412
MIROC6,historical,r32i1p1f1,ambiguous,,tas;rsdt;rlut;rsut,./MIROC6/historical/tas_Amon_MIROC6_historical_r32i1p1f1_gn_185001-194912.nc;./MIROC6/historical/tas_Amon_MIROC6_historical_r32i1p1f1_gn_195001-201412.nc,Amon;Amon,gn;gn,185001-194912;195001-201412,./MIROC6/historical/rsdt_Amon_MIROC6_historical_r32i1p1f1_gn_185001-194912.nc;./MIROC6/historical/rsdt_Amon_MIROC6_historical_r32i1p1f1_gn_195001-201412.nc,Amon;Amon,gn;gn,185001-194912;195001-201412,./MIROC6/historical/rlut_Amon_MIROC6_historical_r32i1p1f1_gn_185001-194912.nc;./MIROC6/historical/rlut_Amon_MIROC6_historical_r32i1p1f1_gn_195001-201412.nc,Amon;Amon,gn;gn,185001-194912;195001-201412,./MIROC6/historical/rsut_Amon_MIROC6_historical_r32i1p1f1_gn_185001-194912.nc;./MIROC6/historical/rsut_Amon_MIROC6_historical_r32i1p1f1_gn_195001-201412.nc,Amon;Amon,gn;gn,185001-194912;195001-201412
MIROC6,historical,r33i1p1f1,ambiguous,,tas;rsdt;rlut;rsut,./MIROC6/historical/tas_Amon_MIROC6_historical_r33i1p1f1_gn_185001-194912.nc;./MIROC6/historical/tas_Amon_MIROC6_historical_r33i1p1f1_gn_195001-201412.nc,Amon;Amon,gn;gn,185001-194912;195001-201412,./MIROC6/historical/rsdt_Amon_MIROC6_historical_r33i1p1f1_gn_185001-194912.nc;./MIROC6/historical/rsdt_Amon_MIROC6_historical_r33i1p1f1_gn_195001-201412.nc,Amon;Amon,gn;gn,185001-194912;195001-201412,./MIROC6/historical/rlut_Amon_MIROC6_historical_r33i1p1f1_gn_185001-194912.nc;./MIROC6/historical/rlut_Amon_MIROC6_historical_r33i1p1f1_gn_195001-201412.nc,Amon;Amon,gn;gn,185001-194912;195001-201412,./MIROC6/historical/rsut_Amon_MIROC6_historical_r33i1p1f1_gn_185001-194912.nc;./MIROC6/historical/rsut_Amon_MIROC6_historical_r33i1p1f1_gn_195001-201412.nc,Amon;Amon,gn;gn,185001-194912;195001-201412
MIROC6,historical,r34i1p1f1,ambiguous,,tas;rsdt;rlut;rsut,./MIROC6/historical/tas_Amon_MIROC6_historical_r34i1p1f1_gn_185001-194912.nc;./MIROC6/historical/tas_Amon_MIROC6_historical_r34i1p1f1_gn_195001-201412.nc,Amon;Amon,gn;gn,185001-194912;195001-201412,./MIROC6/historical/rsdt_Amon_MIROC6_historical_r34i1p1f1_gn_185001-194912.nc;./MIROC6/historical/rsdt_Amon_MIROC6_historical_r34i1p1f1_gn_195001-201412.nc,Amon;Amon,gn;gn,185001-194912;195001-201412,./MIROC6/historical/rlut_Amon_MIROC6_historical_r34i1p1f1_gn_185001-194912.nc;./MIROC6/historical/rlut_Amon_MIROC6_historical_r34i1p1f1_gn_195001-201412.nc,Amon;Amon,gn;gn,185001-194912;195001-201412,./MIROC6/historical/rsut_Amon_MIROC6_historical_r34i1p1f1_gn_185001-194912.nc;./MIROC6/historical/rsut_Amon_MIROC6_historical_r34i1p1f1_gn_195001-201412.nc,Amon;Amon,gn;gn,185001-194912;195001-201412
MIROC6,historical,r35i1p1f1,ambiguous,,tas;rsdt;rlut;rsut,./MIROC6/historical/tas_Amon_MIROC6_historical_r35i1p1f1_gn_185001-194912.nc;./MIROC6/historical/tas_Amon_MIROC6_historical_r35i1p1f1_gn_195001-201412.nc,Amon;Amon,gn;gn,185001-194912;195001-201412,./MIROC6/historical/rsdt_Amon_MIROC6_historical_r35i1p1f1_gn_185001-194912.nc;./MIROC6/historical/rsdt_Amon_MIROC6_historical_r35i1p1f1_gn_195001-201412.nc,Amon;Amon,gn;gn,185001-194912;195001-201412,./MIROC6/historical/rlut_Amon_MIROC6_historical_r35i1p1f1_gn_185001-194912.nc;./MIROC6/historical/rlut_Amon_MIROC6_historical_r35i1p1f1_gn_195001-201412.nc,Amon;Amon,gn;gn,185001-194912;195001-201412,./MIROC6/historical/rsut_Amon_MIROC6_historical_r35i1p1f1_gn_185001-194912.nc;./MIROC6/historical/rsut_Amon_MIROC6_historical_r35i1p1f1_gn_195001-201412.nc,Amon;Amon,gn;gn,185001-194912;195001-201412
MIROC6,historical,r36i1p1f1,ambiguous,,tas;rsdt;rlut;rsut,./MIROC6/historical/tas_Amon_MIROC6_historical_r36i1p1f1_gn_185001-194912.nc;./MIROC6/historical/tas_Amon_MIROC6_historical_r36i1p1f1_gn_195001-201412.nc,Amon;Amon,gn;gn,185001-194912;195001-201412,./MIROC6/historical/rsdt_Amon_MIROC6_historical_r36i1p1f1_gn_185001-194912.nc;./MIROC6/historical/rsdt_Amon_MIROC6_historical_r36i1p1f1_gn_195001-201412.nc,Amon;Amon,gn;gn,185001-194912;195001-201412,./MIROC6/historical/rlut_Amon_MIROC6_historical_r36i1p1f1_gn_185001-194912.nc;./MIROC6/historical/rlut_Amon_MIROC6_historical_r36i1p1f1_gn_195001-201412.nc,Amon;Amon,gn;gn,185001-194912;195001-201412,./MIROC6/historical/rsut_Amon_MIROC6_historical_r36i1p1f1_gn_185001-194912.nc;./MIROC6/historical/rsut_Amon_MIROC6_historical_r36i1p1f1_gn_195001-201412.nc,Amon;Amon,gn;gn,185001-194912;195001-201412
MIROC6,historical,r37i1p1f1,ambiguous,,tas;rsdt;rlut;rsut,./MIROC6/historical/tas_Amon_MIROC6_historical_r37i1p1f1_gn_185001-194912.nc;./MIROC6/historical/tas_Amon_MIROC6_historical_r37i1p1f1_gn_195001-201412.nc,Amon;Amon,gn;gn,185001-194912;195001-201412,./MIROC6/historical/rsdt_Amon_MIROC6_historical_r37i1p1f1_gn_185001-194912.nc;./MIROC6/historical/rsdt_Amon_MIROC6_historical_r37i1p1f1_gn_195001-201412.nc,Amon;Amon,gn;gn,185001-194912;195001-201412,./MIROC6/historical/rlut_Amon_MIROC6_historical_r37i1p1f1_gn_185001-194912.nc;./MIROC6/historical/rlut_Amon_MIROC6_historical_r37i1p1f1_gn_195001-201412.nc,Amon;Amon,gn;gn,185001-194912;195001-201412,./MIROC6/historical/rsut_Amon_MIROC6_historical_r37i1p1f1_gn_185001-194912.nc;./MIROC6/historical/rsut_Amon_MIROC6_historical_r37i1p1f1_gn_195001-201412.nc,Amon;Amon,gn;gn,185001-194912;195001-201412
MIROC6,historical,r38i1p1f1,ambiguous,,tas;rsdt;rlut;rsut,./MIROC6/historical/tas_Amon_MIROC6_historical_r38i1p1f1_gn_185001-194912.nc;./MIROC6/historical/tas_Amon_MIROC6_historical_r38i1p1f1_gn_195001-201412.nc,Amon;Amon,gn;gn,185001-194912;195001-201412,./MIROC6/historical/rsdt_Amon_MIROC6_historical_r38i1p1f1_gn_185001-194912.nc;./MIROC6/historical/rsdt_Amon_MIROC6_historical_r38i1p1f1_gn_195001-201412.nc,Amon;Amon,gn;gn,185001-194912;195001-201412,./MIROC6/historical/rlut_Amon_MIROC6_historical_r38i1p1f1_gn_185001-194912.nc;./MIROC6/historical/rlut_Amon_MIROC6_historical_r38i1p1f1_gn_195001-201412.nc,Amon;Amon,gn;gn,185001-194912;195001-201412,./MIROC6/historical/rsut_Amon_MIROC6_historical_r38i1p1f1_gn_185001-194912.nc;./MIROC6/historical/rsut_Amon_MIROC6_historical_r38i1p1f1_gn_195001-201412.nc,Amon;Amon,gn;gn,185001-194912;195001-201412
MIROC6,historical,r39i1p1f1,ambiguous,,tas;rsdt;rlut;rsut,./MIROC6/historical/tas_Amon_MIROC6_historical_r39i1p1f1_gn_185001-194912.nc;./MIROC6/historical/tas_Amon_MIROC6_historical_r39i1p1f1_gn_195001-201412.nc,Amon;Amon,gn;gn,185001-194912;195001-201412,./MIROC6/historical/rsdt_Amon_MIROC6_historical_r39i1p1f1_gn_185001-194912.nc;./MIROC6/historical/rsdt_Amon_MIROC6_historical_r39i1p1f1_gn_195001-201412.nc,Amon;Amon,gn;gn,185001-194912;195001-201412,./MIROC6/historical/rlut_Amon_MIROC6_historical_r39i1p1f1_gn_185001-194912.nc;./MIROC6/historical/rlut_Amon_MIROC6_historical_r39i1p1f1_gn_195001-201412.nc,Amon;Amon,gn;gn,185001-194912;195001-201412,./MIROC6/historical/rsut_Amon_MIROC6_historical_r39i1p1f1_gn_185001-194912.nc;./MIROC6/historical/rsut_Amon_MIROC6_historical_r39i1p1f1_gn_195001-201412.nc,Amon;Amon,gn;gn,185001-194912;195001-201412
MIROC6,historical,r3i1p1f1,ambiguous,,tas;rsdt;rlut;rsut,./MIROC6/historical/tas_Amon_MIROC6_historical_r3i1p1f1_gn_185001-194912.nc;./MIROC6/historical/tas_Amon_MIROC6_historical_r3i1p1f1_gn_195001-201412.nc,Amon;Amon,gn;gn,185001-194912;195001-201412,./MIROC6/historical/rsdt_Amon_MIROC6_historical_r3i1p1f1_gn_185001-194912.nc;./MIROC6/historical/rsdt_Amon_MIROC6_historical_r3i1p1f1_gn_195001-201412.nc,Amon;Amon,gn;gn,185001-194912;195001-201412,./MIROC6/historical/rlut_Amon_MIROC6_historical_r3i1p1f1_gn_185001-194912.nc;./MIROC6/historical/rlut_Amon_MIROC6_historical_r3i1p1f1_gn_195001-201412.nc,Amon;Amon,gn;gn,185001-194912;195001-201412,./MIROC6/historical/rsut_Amon_MIROC6_historical_r3i1p1f1_gn_185001-194912.nc;./MIROC6/historical/rsut_Amon_MIROC6_historical_r3i1p1f1_gn_195001-201412.nc,Amon;Amon,gn;gn,185001-194912;195001-201412
MIROC6,historical,r40i1p1f1,ambiguous,,tas;rsdt;rlut;rsut,./MIROC6/historical/tas_Amon_MIROC6_historical_r40i1p1f1_gn_185001-194912.nc;./MIROC6/historical/tas_Amon_MIROC6_historical_r40i1p1f1_gn_195001-201412.nc,Amon;Amon,gn;gn,185001-194912;195001-201412,./MIROC6/historical/rsdt_Amon_MIROC6_historical_r40i1p1f1_gn_185001-194912.nc;./MIROC6/historical/rsdt_Amon_MIROC6_historical_r40i1p1f1_gn_195001-201412.nc,Amon;Amon,gn;gn,185001-194912;195001-201412,./MIROC6/historical/rlut_Amon_MIROC6_historical_r40i1p1f1_gn_185001-194912.nc;./MIROC6/historical/rlut_Amon_MIROC6_historical_r40i1p1f1_gn_195001-201412.nc,Amon;Amon,gn;gn,185001-194912;195001-201412,./MIROC6/historical/rsut_Amon_MIROC6_historical_r40i1p1f1_gn_185001-194912.nc;./MIROC6/historical/rsut_Amon_MIROC6_historical_r40i1p1f1_gn_195001-201412.nc,Amon;Amon,gn;gn,185001-194912;195001-201412
MIROC6,historical,r41i1p1f1,ambiguous,,tas;rsdt;rlut;rsut,./MIROC6/historical/tas_Amon_MIROC6_historical_r41i1p1f1_gn_185001-194912.nc;./MIROC6/historical/tas_Amon_MIROC6_historical_r41i1p1f1_gn_195001-201412.nc,Amon;Amon,gn;gn,185001-194912;195001-201412,./MIROC6/historical/rsdt_Amon_MIROC6_historical_r41i1p1f1_gn_185001-194912.nc;./MIROC6/historical/rsdt_Amon_MIROC6_historical_r41i1p1f1_gn_195001-201412.nc,Amon;Amon,gn;gn,185001-194912;195001-201412,./MIROC6/historical/rlut_Amon_MIROC6_historical_r41i1p1f1_gn_185001-194912.nc;./MIROC6/historical/rlut_Amon_MIROC6_historical_r41i1p1f1_gn_195001-201412.nc,Amon;Amon,gn;gn,185001-194912;195001-201412,./MIROC6/historical/rsut_Amon_MIROC6_historical_r41i1p1f1_gn_185001-194912.nc;./MIROC6/historical/rsut_Amon_MIROC6_historical_r41i1p1f1_gn_195001-201412.nc,Amon;Amon,gn;gn,185001-194912;195001-201412
MIROC6,historical,r42i1p1f1,ambiguous,,tas;rsdt;rlut;rsut,./MIROC6/historical/tas_Amon_MIROC6_historical_r42i1p1f1_gn_185001-194912.nc;./MIROC6/historical/tas_Amon_MIROC6_historical_r42i1p1f1_gn_195001-201412.nc,Amon;Amon,gn;gn,185001-194912;195001-201412,./MIROC6/historical/rsdt_Amon_MIROC6_historical_r42i1p1f1_gn_185001-194912.nc;./MIROC6/historical/rsdt_Amon_MIROC6_historical_r42i1p1f1_gn_195001-201412.nc,Amon;Amon,gn;gn,185001-194912;195001-201412,./MIROC6/historical/rlut_Amon_MIROC6_historical_r42i1p1f1_gn_185001-194912.nc;./MIROC6/historical/rlut_Amon_MIROC6_historical_r42i1p1f1_gn_195001-201412.nc,Amon;Amon,gn;gn,185001-194912;195001-201412,./MIROC6/historical/rsut_Amon_MIROC6_historical_r42i1p1f1_gn_185001-194912.nc;./MIROC6/historical/rsut_Amon_MIROC6_historical_r42i1p1f1_gn_195001-201412.nc,Amon;Amon,gn;gn,185001-194912;195001-201412
MIROC6,historical,r43i1p1f1,ambiguous,,tas;rsdt;rlut;rsut,./MIROC6/historical/tas_Amon_MIROC6_historical_r43i1p1f1_gn_185001-194912.nc;./MIROC6/historical/tas_Amon_MIROC6_historical_r43i1p1f1_gn_195001-201412.nc,Amon;Amon,gn;gn,185001-194912;195001-201412,./MIROC6/historical/rsdt_Amon_MIROC6_historical_r43i1p1f1_gn_185001-194912.nc;./MIROC6/historical/rsdt_Amon_MIROC6_historical_r43i1p1f1_gn_195001-201412.nc,Amon;Amon,gn;gn,185001-194912;195001-201412,./MIROC6/historical/rlut_Amon_MIROC6_historical_r43i1p1f1_gn_185001-194912.nc;./MIROC6/historical/rlut_Amon_MIROC6_historical_r43i1p1f1_gn_195001-201412.nc,Amon;Amon,gn;gn,185001-194912;195001-201412,./MIROC6/historical/rsut_Amon_MIROC6_historical_r43i1p1f1_gn_185001-194912.nc;./MIROC6/historical/rsut_Amon_MIROC6_historical_r43i1p1f1_gn_195001-201412.nc,Amon;Amon,gn;gn,185001-194912;195001-201412
MIROC6,historical,r44i1p1f1,ambiguous,,tas;rsdt;rlut;rsut,./MIROC6/historical/tas_Amon_MIROC6_historical_r44i1p1f1_gn_185001-194912.nc;./MIROC6/historical/tas_Amon_MIROC6_historical_r44i1p1f1_gn_195001-201412.nc,Amon;Amon,gn;gn,185001-194912;195001-201412,./MIROC6/historical/rsdt_Amon_MIROC6_historical_r44i1p1f1_gn_185001-194912.nc;./MIROC6/historical/rsdt_Amon_MIROC6_historical_r44i1p1f1_gn_195001-201412.nc,Amon;Amon,gn;gn,185001-194912;195001-201412,./MIROC6/historical/rlut_Amon_MIROC6_historical_r44i1p1f1_gn_185001-194912.nc;./MIROC6/historical/rlut_Amon_MIROC6_historical_r44i1p1f1_gn_195001-201412.nc,Amon;Amon,gn;gn,185001-194912;195001-201412,./MIROC6/historical/rsut_Amon_MIROC6_historical_r44i1p1f1_gn_185001-194912.nc;./MIROC6/historical/rsut_Amon_MIROC6_historical_r44i1p1f1_gn_195001-201412.nc,Amon;Amon,gn;gn,185001-194912;195001-201412
MIROC6,historical,r45i1p1f1,ambiguous,,tas;rsdt;rlut;rsut,./MIROC6/historical/tas_Amon_MIROC6_historical_r45i1p1f1_gn_185001-194912.nc;./MIROC6/historical/tas_Amon_MIROC6_historical_r45i1p1f1_gn_195001-201412.nc,Amon;Amon,gn;gn,185001-194912;195001-201412,./MIROC6/historical/rsdt_Amon_MIROC6_historical_r45i1p1f1_gn_185001-194912.nc;./MIROC6/historical/rsdt_Amon_MIROC6_historical_r45i1p1f1_gn_195001-201412.nc,Amon;Amon,gn;gn,185001-194912;195001-201412,./MIROC6/historical/rlut_Amon_MIROC6_historical_r45i1p1f1_gn_185001-194912.nc;./MIROC6/historical/rlut_Amon_MIROC6_historical_r45i1p1f1_gn_195001-201412.nc,Amon;Amon,gn;gn,185001-194912;195001-201412,./MIROC6/historical/rsut_Amon_MIROC6_historical_r45i1p1f1_gn_185001-194912.nc;./MIROC6/historical/rsut_Amon_MIROC6_historical_r45i1p1f1_gn_195001-201412.nc,Amon;Amon,gn;gn,185001-194912;195001-201412
MIROC6,historical,r46i1p1f1,ambiguous,,tas;rsdt;rlut;rsut,./MIROC6/historical/tas_Amon_MIROC6_historical_r46i1p1f1_gn_185001-194912.nc;./MIROC6/historical/tas_Amon_MIROC6_historical_r46i1p1f1_gn_195001-201412.nc,Amon;Amon,gn;gn,185001-194912;195001-201412,./MIROC6/historical/rsdt_Amon_MIROC6_historical_r46i1p1f1_gn_185001-194912.nc;./MIROC6/historical/rsdt_Amon_MIROC6_historical_r46i1p1f1_gn_195001-201412.nc,Amon;Amon,gn;gn,185001-194912;195001-201412,./MIROC6/historical/rlut_Amon_MIROC6_historical_r46i1p1f1_gn_185001-194912.nc;./MIROC6/historical/rlut_Amon_MIROC6_historical_r46i1p1f1_gn_195001-201412.nc,Amon;Amon,gn;gn,185001-194912;195001-201412,./MIROC6/historical/rsut_Amon_MIROC6_historical_r46i1p1f1_gn_185001-194912.nc;./MIROC6/historical/rsut_Amon_MIROC6_historical_r46i1p1f1_gn_195001-201412.nc,Amon;Amon,gn;gn,185001-194912;195001-201412
MIROC6,historical,r47i1p1f1,ambiguous,,tas;rsdt;rlut;rsut,./MIROC6/historical/tas_Amon_MIROC6_historical_r47i1p1f1_gn_185001-194912.nc;./MIROC6/historical/tas_Amon_MIROC6_historical_r47i1p1f1_gn_195001-201412.nc,Amon;Amon,gn;gn,185001-194912;195001-201412,./MIROC6/historical/rsdt_Amon_MIROC6_historical_r47i1p1f1_gn_185001-194912.nc;./MIROC6/historical/rsdt_Amon_MIROC6_historical_r47i1p1f1_gn_195001-201412.nc,Amon;Amon,gn;gn,185001-194912;195001-201412,./MIROC6/historical/rlut_Amon_MIROC6_historical_r47i1p1f1_gn_185001-194912.nc;./MIROC6/historical/rlut_Amon_MIROC6_historical_r47i1p1f1_gn_195001-201412.nc,Amon;Amon,gn;gn,185001-194912;195001-201412,./MIROC6/historical/rsut_Amon_MIROC6_historical_r47i1p1f1_gn_185001-194912.nc;./MIROC6/historical/rsut_Amon_MIROC6_historical_r47i1p1f1_gn_195001-201412.nc,Amon;Amon,gn;gn,185001-194912;195001-201412
MIROC6,historical,r48i1p1f1,ambiguous,,tas;rsdt;rlut;rsut,./MIROC6/historical/tas_Amon_MIROC6_historical_r48i1p1f1_gn_185001-194912.nc;./MIROC6/historical/tas_Amon_MIROC6_historical_r48i1p1f1_gn_195001-201412.nc,Amon;Amon,gn;gn,185001-194912;195001-201412,./MIROC6/historical/rsdt_Amon_MIROC6_historical_r48i1p1f1_gn_185001-194912.nc;./MIROC6/historical/rsdt_Amon_MIROC6_historical_r48i1p1f1_gn_195001-201412.nc,Amon;Amon,gn;gn,185001-194912;195001-201412,./MIROC6/historical/rlut_Amon_MIROC6_historical_r48i1p1f1_gn_185001-194912.nc;./MIROC6/historical/rlut_Amon_MIROC6_historical_r48i1p1f1_gn_195001-201412.nc,Amon;Amon,gn;gn,185001-194912;195001-201412,./MIROC6/historical/rsut_Amon_MIROC6_historical_r48i1p1f1_gn_185001-194912.nc;./MIROC6/historical/rsut_Amon_MIROC6_historical_r48i1p1f1_gn_195001-201412.nc,Amon;Amon,gn;gn,185001-194912;195001-201412
MIROC6,historical,r49i1p1f1,ambiguous,,tas;rsdt;rlut;rsut,./MIROC6/historical/tas_Amon_MIROC6_historical_r49i1p1f1_gn_185001-194912.nc;./MIROC6/historical/tas_Amon_MIROC6_historical_r49i1p1f1_gn_195001-201412.nc,Amon;Amon,gn;gn,185001-194912;195001-201412,./MIROC6/historical/rsdt_Amon_MIROC6_historical_r49i1p1f1_gn_185001-194912.nc;./MIROC6/historical/rsdt_Amon_MIROC6_historical_r49i1p1f1_gn_195001-201412.nc,Amon;Amon,gn;gn,185001-194912;195001-201412,./MIROC6/historical/rlut_Amon_MIROC6_historical_r49i1p1f1_gn_185001-194912.nc;./MIROC6/historical/rlut_Amon_MIROC6_historical_r49i1p1f1_gn_195001-201412.nc,Amon;Amon,gn;gn,185001-194912;195001-201412,./MIROC6/historical/rsut_Amon_MIROC6_historical_r49i1p1f1_gn_185001-194912.nc;./MIROC6/historical/rsut_Amon_MIROC6_historical_r49i1p1f1_gn_195001-201412.nc,Amon;Amon,gn;gn,185001-194912;195001-201412
MIROC6,historical,r4i1p1f1,ambiguous,,tas;rsdt;rlut;rsut,./MIROC6/historical/tas_Amon_MIROC6_historical_r4i1p1f1_gn_185001-194912.nc;./MIROC6/historical/tas_Amon_MIROC6_historical_r4i1p1f1_gn_195001-201412.nc,Amon;Amon,gn;gn,185001-194912;195001-201412,./MIROC6/historical/rsdt_Amon_MIROC6_historical_r4i1p1f1_gn_185001-194912.nc;./MIROC6/historical/rsdt_Amon_MIROC6_historical_r4i1p1f1_gn_195001-201412.nc,Amon;Amon,gn;gn,185001-194912;195001-201412,./MIROC6/historical/rlut_Amon_MIROC6_historical_r4i1p1f1_gn_185001-194912.nc;./MIROC6/historical/rlut_Amon_MIROC6_historical_r4i1p1f1_gn_195001-201412.nc,Amon;Amon,gn;gn,185001-194912;195001-201412,./MIROC6/historical/rsut_Amon_MIROC6_historical_r4i1p1f1_gn_185001-194912.nc;./MIROC6/historical/rsut_Amon_MIROC6_historical_r4i1p1f1_gn_195001-201412.nc,Amon;Amon,gn;gn,185001-194912;195001-201412
MIROC6,historical,r50i1p1f1,ambiguous,,tas;rsdt;rlut;rsut,./MIROC6/historical/tas_Amon_MIROC6_historical_r50i1p1f1_gn_185001-194912.nc;./MIROC6/historical/tas_Amon_MIROC6_historical_r50i1p1f1_gn_195001-201412.nc,Amon;Amon,gn;gn,185001-194912;195001-201412,./MIROC6/historical/rsdt_Amon_MIROC6_historical_r50i1p1f1_gn_185001-194912.nc;./MIROC6/historical/rsdt_Amon_MIROC6_historical_r50i1p1f1_gn_195001-201412.nc,Amon;Amon,gn;gn,185001-194912;195001-201412,./MIROC6/historical/rlut_Amon_MIROC6_historical_r50i1p1f1_gn_185001-194912.nc;./MIROC6/historical/rlut_Amon_MIROC6_historical_r50i1p1f1_gn_195001-201412.nc,Amon;Amon,gn;gn,185001-194912;195001-201412,./MIROC6/historical/rsut_Amon_MIROC6_historical_r50i1p1f1_gn_185001-194912.nc;./MIROC6/historical/rsut_Amon_MIROC6_historical_r50i1p1f1_gn_195001-201412.nc,Amon;Amon,gn;gn,185001-194912;195001-201412
MIROC6,historical,r5i1p1f1,ambiguous,,tas;rsdt;rlut;rsut,./MIROC6/historical/tas_Amon_MIROC6_historical_r5i1p1f1_gn_185001-194912.nc;./MIROC6/historical/tas_Amon_MIROC6_historical_r5i1p1f1_gn_195001-201412.nc,Amon;Amon,gn;gn,185001-194912;195001-201412,./MIROC6/historical/rsdt_Amon_MIROC6_historical_r5i1p1f1_gn_185001-194912.nc;./MIROC6/historical/rsdt_Amon_MIROC6_historical_r5i1p1f1_gn_195001-201412.nc,Amon;Amon,gn;gn,185001-194912;195001-201412,./MIROC6/historical/rlut_Amon_MIROC6_historical_r5i1p1f1_gn_185001-194912.nc;./MIROC6/historical/rlut_Amon_MIROC6_historical_r5i1p1f1_gn_195001-201412.nc,Amon;Amon,gn;gn,185001-194912;195001-201412,./MIROC6/historical/rsut_Amon_MIROC6_historical_r5i1p1f1_gn_185001-194912.nc;./MIROC6/historical/rsut_Amon_MIROC6_historical_r5i1p1f1_gn_195001-201412.nc,Amon;Amon,gn;gn,185001-194912;195001-201412
MIROC6,historical,r6i1p1f1,ambiguous,,tas;rsdt;rlut;rsut,./MIROC6/historical/tas_Amon_MIROC6_historical_r6i1p1f1_gn_185001-194912.nc;./MIROC6/historical/tas_Amon_MIROC6_historical_r6i1p1f1_gn_195001-201412.nc,Amon;Amon,gn;gn,185001-194912;195001-201412,./MIROC6/historical/rsdt_Amon_MIROC6_historical_r6i1p1f1_gn_185001-194912.nc;./MIROC6/historical/rsdt_Amon_MIROC6_historical_r6i1p1f1_gn_195001-201412.nc,Amon;Amon,gn;gn,185001-194912;195001-201412,./MIROC6/historical/rlut_Amon_MIROC6_historical_r6i1p1f1_gn_185001-194912.nc;./MIROC6/historical/rlut_Amon_MIROC6_historical_r6i1p1f1_gn_195001-201412.nc,Amon;Amon,gn;gn,185001-194912;195001-201412,./MIROC6/historical/rsut_Amon_MIROC6_historical_r6i1p1f1_gn_185001-194912.nc;./MIROC6/historical/rsut_Amon_MIROC6_historical_r6i1p1f1_gn_195001-201412.nc,Amon;Amon,gn;gn,185001-194912;195001-201412
MIROC6,historical,r7i1p1f1,ambiguous,,tas;rsdt;rlut;rsut,./MIROC6/historical/tas_Amon_MIROC6_historical_r7i1p1f1_gn_185001-194912.nc;./MIROC6/historical/tas_Amon_MIROC6_historical_r7i1p1f1_gn_195001-201412.nc,Amon;Amon,gn;gn,185001-194912;195001-201412,./MIROC6/historical/rsdt_Amon_MIROC6_historical_r7i1p1f1_gn_185001-194912.nc;./MIROC6/historical/rsdt_Amon_MIROC6_historical_r7i1p1f1_gn_195001-201412.nc,Amon;Amon,gn;gn,185001-194912;195001-201412,./MIROC6/historical/rlut_Amon_MIROC6_historical_r7i1p1f1_gn_185001-194912.nc;./MIROC6/historical/rlut_Amon_MIROC6_historical_r7i1p1f1_gn_195001-201412.nc,Amon;Amon,gn;gn,185001-194912;195001-201412,./MIROC6/historical/rsut_Amon_MIROC6_historical_r7i1p1f1_gn_185001-194912.nc;./MIROC6/historical/rsut_Amon_MIROC6_historical_r7i1p1f1_gn_195001-201412.nc,Amon;Amon,gn;gn,185001-194912;195001-201412
MIROC6,historical,r8i1p1f1,ambiguous,,tas;rsdt;rlut;rsut,./MIROC6/historical/tas_Amon_MIROC6_historical_r8i1p1f1_gn_185001-194912.nc;./MIROC6/historical/tas_Amon_MIROC6_historical_r8i1p1f1_gn_195001-201412.nc,Amon;Amon,gn;gn,185001-194912;195001-201412,./MIROC6/historical/rsdt_Amon_MIROC6_historical_r8i1p1f1_gn_185001-194912.nc;./MIROC6/historical/rsdt_Amon_MIROC6_historical_r8i1p1f1_gn_195001-201412.nc,Amon;Amon,gn;gn,185001-194912;195001-201412,./MIROC6/historical/rlut_Amon_MIROC6_historical_r8i1p1f1_gn_185001-194912.nc;./MIROC6/historical/rlut_Amon_MIROC6_historical_r8i1p1f1_gn_195001-201412.nc,Amon;Amon,gn;gn,185001-194912;195001-201412,./MIROC6/historical/rsut_Amon_MIROC6_historical_r8i1p1f1_gn_185001-194912.nc;./MIROC6/historical/rsut_Amon_MIROC6_historical_r8i1p1f1_gn_195001-201412.nc,Amon;Amon,gn;gn,185001-194912;195001-201412
MIROC6,historical,r9i1p1f1,ambiguous,,tas;rsdt;rlut;rsut,./MIROC6/historical/tas_Amon_MIROC6_historical_r9i1p1f1_gn_185001-194912.nc;./MIROC6/historical/tas_Amon_MIROC6_historical_r9i1p1f1_gn_195001-201412.nc,Amon;Amon,gn;gn,185001-194912;195001-201412,./MIROC6/historical/rsdt_Amon_MIROC6_historical_r9i1p1f1_gn_185001-194912.nc;./MIROC6/historical/rsdt_Amon_MIROC6_historical_r9i1p1f1_gn_195001-201412.nc,Amon;Amon,gn;gn,185001-194912;195001-201412,./MIROC6/historical/rlut_Amon_MIROC6_historical_r9i1p1f1_gn_185001-194912.nc;./MIROC6/historical/rlut_Amon_MIROC6_historical_r9i1p1f1_gn_195001-201412.nc,Amon;Amon,gn;gn,185001-194912;195001-201412,./MIROC6/historical/rsut_Amon_MIROC6_historical_r9i1p1f1_gn_185001-194912.nc;./MIROC6/historical/rsut_Amon_MIROC6_historical_r9i1p1f1_gn_195001-201412.nc,Amon;Amon,gn;gn,185001-194912;195001-201412
MIROC6,piClim-histall,r1i1p1f1,ambiguous,tas,rsdt;rlut;rsut,,,,,./MIROC6/piClim-histall/rsdt_Amon_MIROC6_piClim-histall_r1i1p1f1_gn_185001-194912.nc;./MIROC6/piClim-histall/rsdt_Amon_MIROC6_piClim-histall_r1i1p1f1_gn_195001-204912.nc;./MIROC6/piClim-histall/rsdt_Amon_MIROC6_piClim-histall_r1i1p1f1_gn_205001-210012.nc,Amon;Amon;Amon,gn;gn;gn,185001-194912;195001-204912;205001-210012,./MIROC6/piClim-histall/rlut_Amon_MIROC6_piClim-histall_r1i1p1f1_gn_185001-194912.nc;./MIROC6/piClim-histall/rlut_Amon_MIROC6_piClim-histall_r1i1p1f1_gn_195001-204912.nc;./MIROC6/piClim-histall/rlut_Amon_MIROC6_piClim-histall_r1i1p1f1_gn_205001-210012.nc,Amon;Amon;Amon,gn;gn;gn,185001-194912;195001-204912;205001-210012,./MIROC6/piClim-histall/rsut_Amon_MIROC6_piClim-histall_r1i1p1f1_gn_185001-194912.nc;./MIROC6/piClim-histall/rsut_Amon_MIROC6_piClim-histall_r1i1p1f1_gn_195001-204912.nc;./MIROC6/piClim-histall/rsut_Amon_MIROC6_piClim-histall_r1i1p1f1_gn_205001-210012.nc,Amon;Amon;Amon,gn;gn;gn,185001-194912;195001-204912;205001-210012
MIROC6,piClim-histall,r2i1p1f1,ambiguous,tas,rsdt;rlut;rsut,,,,,./MIROC6/piClim-histall/rsdt_Amon_MIROC6_piClim-histall_r2i1p1f1_gn_185001-194912.nc;./MIROC6/piClim-histall/rsdt_Amon_MIROC6_piClim-histall_r2i1p1f1_gn_195001-204912.nc;./MIROC6/piClim-histall/rsdt_Amon_MIROC6_piClim-histall_r2i1p1f1_gn_205001-210012.nc,Amon;Amon;Amon,gn;gn;gn,185001-194912;195001-204912;205001-210012,./MIROC6/piClim-histall/rlut_Amon_MIROC6_piClim-histall_r2i1p1f1_gn_185001-194912.nc;./MIROC6/piClim-histall/rlut_Amon_MIROC6_piClim-histall_r2i1p1f1_gn_195001-204912.nc;./MIROC6/piClim-histall/rlut_Amon_MIROC6_piClim-histall_r2i1p1f1_gn_205001-210012.nc,Amon;Amon;Amon,gn;gn;gn,185001-194912;195001-204912;205001-210012,./MIROC6/piClim-histall/rsut_Amon_MIROC6_piClim-histall_r2i1p1f1_gn_185001-194912.nc;./MIROC6/piClim-histall/rsut_Amon_MIROC6_piClim-histall_r2i1p1f1_gn_195001-204912.nc;./MIROC6/piClim-histall/rsut_Amon_MIROC6_piClim-histall_r2i1p1f1_gn_205001-210012.nc,Amon;Amon;Amon,gn;gn;gn,185001-194912;195001-204912;205001-210012
MIROC6,piClim-histall,r3i1p1f1,ambiguous,tas,rsdt;rlut;rsut,,,,,./MIROC6/piClim-histall/rsdt_Amon_MIROC6_piClim-histall_r3i1p1f1_gn_185001-194912.nc;./MIROC6/piClim-histall/rsdt_Amon_MIROC6_piClim-histall_r3i1p1f1_gn_195001-204912.nc;./MIROC6/piClim-histall/rsdt_Amon_MIROC6_piClim-histall_r3i1p1f1_gn_205001-210012.nc,Amon;Amon;Amon,gn;gn;gn,185001-194912;195001-204912;205001-210012,./MIROC6/piClim-histall/rlut_Amon_MIROC6_piClim-histall_r3i1p1f1_gn_185001-194912.nc;./MIROC6/piClim-histall/rlut_Amon_MIROC6_piClim-histall_r3i1p1f1_gn_195001-204912.nc;./MIROC6/piClim-histall/rlut_Amon_MIROC6_piClim-histall_r3i1p1f1_gn_205001-210012.nc,Amon;Amon;Amon,gn;gn;gn,185001-194912;195001-204912;205001-210012,./MIROC6/piClim-histall/rsut_Amon_MIROC6_piClim-histall_r3i1p1f1_gn_185001-194912.nc;./MIROC6/piClim-histall/rsut_Amon_MIROC6_piClim-histall_r3i1p1f1_gn_195001-204912.nc;./MIROC6/piClim-histall/rsut_Amon_MIROC6_piClim-histall_r3i1p1f1_gn_205001-210012.nc,Amon;Amon;Amon,gn;gn;gn,185001-194912;195001-204912;205001-210012
MIROC6,ssp245,r10i1p1f1,ambiguous,,tas;rsdt;rlut;rsut,./MIROC6/ssp245/tas_Amon_MIROC6_ssp245_r10i1p1f1_gn_201501-203912.nc;./MIROC6/ssp245/tas_Amon_MIROC6_ssp245_r10i1p1f1_gn_204001-210012.nc,Amon;Amon,gn;gn,201501-203912;204001-210012,./MIROC6/ssp245/rsdt_Amon_MIROC6_ssp245_r10i1p1f1_gn_201501-203912.nc;./MIROC6/ssp245/rsdt_Amon_MIROC6_ssp245_r10i1p1f1_gn_204001-210012.nc,Amon;Amon,gn;gn,201501-203912;204001-210012,./MIROC6/ssp245/rlut_Amon_MIROC6_ssp245_r10i1p1f1_gn_201501-203912.nc;./MIROC6/ssp245/rlut_Amon_MIROC6_ssp245_r10i1p1f1_gn_204001-210012.nc,Amon;Amon,gn;gn,201501-203912;204001-210012,./MIROC6/ssp245/rsut_Amon_MIROC6_ssp245_r10i1p1f1_gn_201501-203912.nc;./MIROC6/ssp245/rsut_Amon_MIROC6_ssp245_r10i1p1f1_gn_204001-210012.nc,Amon;Amon,gn;gn,201501-203912;204001-210012
MIROC6,ssp245,r11i1p1f1,ambiguous,,tas;rsdt;rlut;rsut,./MIROC6/ssp245/tas_Amon_MIROC6_ssp245_r11i1p1f1_gn_201501-203912.nc;./MIROC6/ssp245/tas_Amon_MIROC6_ssp245_r11i1p1f1_gn_204001-210012.nc,Amon;Amon,gn;gn,201501-203912;204001-210012,./MIROC6/ssp245/rsdt_Amon_MIROC6_ssp245_r11i1p1f1_gn_201501-203912.nc;./MIROC6/ssp245/rsdt_Amon_MIROC6_ssp245_r11i1p1f1_gn_204001-210012.nc,Amon;Amon,gn;gn,201501-203912;204001-210012,./MIROC6/ssp245/rlut_Amon_MIROC6_ssp245_r11i1p1f1_gn_201501-203912.nc;./MIROC6/ssp245/rlut_Amon_MIROC6_ssp245_r11i1p1f1_gn_204001-210012.nc,Amon;Amon,gn;gn,201501-203912;204001-210012,./MIROC6/ssp245/rsut_Amon_MIROC6_ssp245_r11i1p1f1_gn_201501-203912.nc;./MIROC6/ssp245/rsut_Amon_MIROC6_ssp245_r11i1p1f1_gn_204001-210012.nc,Amon;Amon,gn;gn,201501-203912;204001-210012
MIROC6,ssp245,r12i1p1f1,ambiguous,,tas;rsdt;rlut;rsut,./MIROC6/ssp245/tas_Amon_MIROC6_ssp245_r12i1p1f1_gn_201501-203912.nc;./MIROC6/ssp245/tas_Amon_MIROC6_ssp245_r12i1p1f1_gn_204001-210012.nc,Amon;Amon,gn;gn,201501-203912;204001-210012,./MIROC6/ssp245/rsdt_Amon_MIROC6_ssp245_r12i1p1f1_gn_201501-203912.nc;./MIROC6/ssp245/rsdt_Amon_MIROC6_ssp245_r12i1p1f1_gn_204001-210012.nc,Amon;Amon,gn;gn,201501-203912;204001-210012,./MIROC6/ssp245/rlut_Amon_MIROC6_ssp245_r12i1p1f1_gn_201501-203912.nc;./MIROC6/ssp245/rlut_Amon_MIROC6_ssp245_r12i1p1f1_gn_204001-210012.nc,Amon;Amon,gn;gn,201501-203912;204001-210012,./MIROC6/ssp245/rsut_Amon_MIROC6_ssp245_r12i1p1f1_gn_201501-203912.nc;./MIROC6/ssp245/rsut_Amon_MIROC6_ssp245_r12i1p1f1_gn_204001-210012.nc,Amon;Amon,gn;gn,201501-203912;204001-210012
MIROC6,ssp245,r13i1p1f1,ambiguous,,tas;rsdt;rlut;rsut,./MIROC6/ssp245/tas_Amon_MIROC6_ssp245_r13i1p1f1_gn_201501-203912.nc;./MIROC6/ssp245/tas_Amon_MIROC6_ssp245_r13i1p1f1_gn_204001-210012.nc,Amon;Amon,gn;gn,201501-203912;204001-210012,./MIROC6/ssp245/rsdt_Amon_MIROC6_ssp245_r13i1p1f1_gn_201501-203912.nc;./MIROC6/ssp245/rsdt_Amon_MIROC6_ssp245_r13i1p1f1_gn_204001-210012.nc,Amon;Amon,gn;gn,201501-203912;204001-210012,./MIROC6/ssp245/rlut_Amon_MIROC6_ssp245_r13i1p1f1_gn_201501-203912.nc;./MIROC6/ssp245/rlut_Amon_MIROC6_ssp245_r13i1p1f1_gn_204001-210012.nc,Amon;Amon,gn;gn,201501-203912;204001-210012,./MIROC6/ssp245/rsut_Amon_MIROC6_ssp245_r13i1p1f1_gn_201501-203912.nc;./MIROC6/ssp245/rsut_Amon_MIROC6_ssp245_r13i1p1f1_gn_204001-210012.nc,Amon;Amon,gn;gn,201501-203912;204001-210012
MIROC6,ssp245,r14i1p1f1,ambiguous,,tas;rsdt;rlut;rsut,./MIROC6/ssp245/tas_Amon_MIROC6_ssp245_r14i1p1f1_gn_201501-203912.nc;./MIROC6/ssp245/tas_Amon_MIROC6_ssp245_r14i1p1f1_gn_204001-210012.nc,Amon;Amon,gn;gn,201501-203912;204001-210012,./MIROC6/ssp245/rsdt_Amon_MIROC6_ssp245_r14i1p1f1_gn_201501-203912.nc;./MIROC6/ssp245/rsdt_Amon_MIROC6_ssp245_r14i1p1f1_gn_204001-210012.nc,Amon;Amon,gn;gn,201501-203912;204001-210012,./MIROC6/ssp245/rlut_Amon_MIROC6_ssp245_r14i1p1f1_gn_201501-203912.nc;./MIROC6/ssp245/rlut_Amon_MIROC6_ssp245_r14i1p1f1_gn_204001-210012.nc,Amon;Amon,gn;gn,201501-203912;204001-210012,./MIROC6/ssp245/rsut_Amon_MIROC6_ssp245_r14i1p1f1_gn_201501-203912.nc;./MIROC6/ssp245/rsut_Amon_MIROC6_ssp245_r14i1p1f1_gn_204001-210012.nc,Amon;Amon,gn;gn,201501-203912;204001-210012
MIROC6,ssp245,r15i1p1f1,ambiguous,,tas;rsdt;rlut;rsut,./MIROC6/ssp245/tas_Amon_MIROC6_ssp245_r15i1p1f1_gn_201501-203912.nc;./MIROC6/ssp245/tas_Amon_MIROC6_ssp245_r15i1p1f1_gn_204001-210012.nc,Amon;Amon,gn;gn,201501-203912;204001-210012,./MIROC6/ssp245/rsdt_Amon_MIROC6_ssp245_r15i1p1f1_gn_201501-203912.nc;./MIROC6/ssp245/rsdt_Amon_MIROC6_ssp245_r15i1p1f1_gn_204001-210012.nc,Amon;Amon,gn;gn,201501-203912;204001-210012,./MIROC6/ssp245/rlut_Amon_MIROC6_ssp245_r15i1p1f1_gn_201501-203912.nc;./MIROC6/ssp245/rlut_Amon_MIROC6_ssp245_r15i1p1f1_gn_204001-210012.nc,Amon;Amon,gn;gn,201501-203912;204001-210012,./MIROC6/ssp245/rsut_Amon_MIROC6_ssp245_r15i1p1f1_gn_201501-203912.nc;./MIROC6/ssp245/rsut_Amon_MIROC6_ssp245_r15i1p1f1_gn_204001-210012.nc,Amon;Amon,gn;gn,201501-203912;204001-210012
MIROC6,ssp245,r16i1p1f1,ambiguous,,tas;rsdt;rlut;rsut,./MIROC6/ssp245/tas_Amon_MIROC6_ssp245_r16i1p1f1_gn_201501-203912.nc;./MIROC6/ssp245/tas_Amon_MIROC6_ssp245_r16i1p1f1_gn_204001-210012.nc,Amon;Amon,gn;gn,201501-203912;204001-210012,./MIROC6/ssp245/rsdt_Amon_MIROC6_ssp245_r16i1p1f1_gn_201501-203912.nc;./MIROC6/ssp245/rsdt_Amon_MIROC6_ssp245_r16i1p1f1_gn_204001-210012.nc,Amon;Amon,gn;gn,201501-203912;204001-210012,./MIROC6/ssp245/rlut_Amon_MIROC6_ssp245_r16i1p1f1_gn_201501-203912.nc;./MIROC6/ssp245/rlut_Amon_MIROC6_ssp245_r16i1p1f1_gn_204001-210012.nc,Amon;Amon,gn;gn,201501-203912;204001-210012,./MIROC6/ssp245/rsut_Amon_MIROC6_ssp245_r16i1p1f1_gn_201501-203912.nc;./MIROC6/ssp245/rsut_Amon_MIROC6_ssp245_r16i1p1f1_gn_204001-210012.nc,Amon;Amon,gn;gn,201501-203912;204001-210012
MIROC6,ssp245,r17i1p1f1,ambiguous,,tas;rsdt;rlut;rsut,./MIROC6/ssp245/tas_Amon_MIROC6_ssp245_r17i1p1f1_gn_201501-203912.nc;./MIROC6/ssp245/tas_Amon_MIROC6_ssp245_r17i1p1f1_gn_204001-210012.nc,Amon;Amon,gn;gn,201501-203912;204001-210012,./MIROC6/ssp245/rsdt_Amon_MIROC6_ssp245_r17i1p1f1_gn_201501-203912.nc;./MIROC6/ssp245/rsdt_Amon_MIROC6_ssp245_r17i1p1f1_gn_204001-210012.nc,Amon;Amon,gn;gn,201501-203912;204001-210012,./MIROC6/ssp245/rlut_Amon_MIROC6_ssp245_r17i1p1f1_gn_201501-203912.nc;./MIROC6/ssp245/rlut_Amon_MIROC6_ssp245_r17i1p1f1_gn_204001-210012.nc,Amon;Amon,gn;gn,201501-203912;204001-210012,./MIROC6/ssp245/rsut_Amon_MIROC6_ssp245_r17i1p1f1_gn_201501-203912.nc;./MIROC6/ssp245/rsut_Amon_MIROC6_ssp245_r17i1p1f1_gn_204001-210012.nc,Amon;Amon,gn;gn,201501-203912;204001-210012
MIROC6,ssp245,r18i1p1f1,ambiguous,,tas;rsdt;rlut;rsut,./MIROC6/ssp245/tas_Amon_MIROC6_ssp245_r18i1p1f1_gn_201501-203912.nc;./MIROC6/ssp245/tas_Amon_MIROC6_ssp245_r18i1p1f1_gn_204001-210012.nc,Amon;Amon,gn;gn,201501-203912;204001-210012,./MIROC6/ssp245/rsdt_Amon_MIROC6_ssp245_r18i1p1f1_gn_201501-203912.nc;./MIROC6/ssp245/rsdt_Amon_MIROC6_ssp245_r18i1p1f1_gn_204001-210012.nc,Amon;Amon,gn;gn,201501-203912;204001-210012,./MIROC6/ssp245/rlut_Amon_MIROC6_ssp245_r18i1p1f1_gn_201501-203912.nc;./MIROC6/ssp245/rlut_Amon_MIROC6_ssp245_r18i1p1f1_gn_204001-210012.nc,Amon;Amon,gn;gn,201501-203912;204001-210012,./MIROC6/ssp245/rsut_Amon_MIROC6_ssp245_r18i1p1f1_gn_201501-203912.nc;./MIROC6/ssp245/rsut_Amon_MIROC6_ssp245_r18i1p1f1_gn_204001-210012.nc,Amon;Amon,gn;gn,201501-203912;204001-210012
MIROC6,ssp245,r19i1p1f1,ambiguous,,tas;rsdt;rlut;rsut,./MIROC6/ssp245/tas_Amon_MIROC6_ssp245_r19i1p1f1_gn_201501-203912.nc;./MIROC6/ssp245/tas_Amon_MIROC6_ssp245_r19i1p1f1_gn_204001-210012.nc,Amon;Amon,gn;gn,201501-203912;204001-210012,./MIROC6/ssp245/rsdt_Amon_MIROC6_ssp245_r19i1p1f1_gn_201501-203912.nc;./MIROC6/ssp245/rsdt_Amon_MIROC6_ssp245_r19i1p1f1_gn_204001-210012.nc,Amon;Amon,gn;gn,201501-203912;204001-210012,./MIROC6/ssp245/rlut_Amon_MIROC6_ssp245_r19i1p1f1_gn_201501-203912.nc;./MIROC6/ssp245/rlut_Amon_MIROC6_ssp245_r19i1p1f1_gn_204001-210012.nc,Amon;Amon,gn;gn,201501-203912;204001-210012,./MIROC6/ssp245/rsut_Amon_MIROC6_ssp245_r19i1p1f1_gn_201501-203912.nc;./MIROC6/ssp245/rsut_Amon_MIROC6_ssp245_r19i1p1f1_gn_204001-210012.nc,Amon;Amon,gn;gn,201501-203912;204001-210012
MIROC6,ssp245,r1i1p1f1,complete,,,./MIROC6/ssp245/tas_Amon_MIROC6_ssp245_r1i1p1f1_gn_201501-210012.nc,Amon,gn,201501-210012,./MIROC6/ssp245/rsdt_Amon_MIROC6_ssp245_r1i1p1f1_gn_201501-210012.nc,Amon,gn,201501-210012,./MIROC6/ssp245/rlut_Amon_MIROC6_ssp245_r1i1p1f1_gn_201501-210012.nc,Amon,gn,201501-210012,./MIROC6/ssp245/rsut_Amon_MIROC6_ssp245_r1i1p1f1_gn_201501-210012.nc,Amon,gn,201501-210012
MIROC6,ssp245,r20i1p1f1,ambiguous,,tas;rsdt;rlut;rsut,./MIROC6/ssp245/tas_Amon_MIROC6_ssp245_r20i1p1f1_gn_201501-203912.nc;./MIROC6/ssp245/tas_Amon_MIROC6_ssp245_r20i1p1f1_gn_204001-210012.nc,Amon;Amon,gn;gn,201501-203912;204001-210012,./MIROC6/ssp245/rsdt_Amon_MIROC6_ssp245_r20i1p1f1_gn_201501-203912.nc;./MIROC6/ssp245/rsdt_Amon_MIROC6_ssp245_r20i1p1f1_gn_204001-210012.nc,Amon;Amon,gn;gn,201501-203912;204001-210012,./MIROC6/ssp245/rlut_Amon_MIROC6_ssp245_r20i1p1f1_gn_201501-203912.nc;./MIROC6/ssp245/rlut_Amon_MIROC6_ssp245_r20i1p1f1_gn_204001-210012.nc,Amon;Amon,gn;gn,201501-203912;204001-210012,./MIROC6/ssp245/rsut_Amon_MIROC6_ssp245_r20i1p1f1_gn_201501-203912.nc;./MIROC6/ssp245/rsut_Amon_MIROC6_ssp245_r20i1p1f1_gn_204001-210012.nc,Amon;Amon,gn;gn,201501-203912;204001-210012
MIROC6,ssp245,r21i1p1f1,ambiguous,,tas;rsdt;rlut;rsut,./MIROC6/ssp245/tas_Amon_MIROC6_ssp245_r21i1p1f1_gn_201501-203912.nc;./MIROC6/ssp245/tas_Amon_MIROC6_ssp245_r21i1p1f1_gn_204001-210012.nc,Amon;Amon,gn;gn,201501-203912;204001-210012,./MIROC6/ssp245/rsdt_Amon_MIROC6_ssp245_r21i1p1f1_gn_201501-203912.nc;./MIROC6/ssp245/rsdt_Amon_MIROC6_ssp245_r21i1p1f1_gn_204001-210012.nc,Amon;Amon,gn;gn,201501-203912;204001-210012,./MIROC6/ssp245/rlut_Amon_MIROC6_ssp245_r21i1p1f1_gn_201501-203912.nc;./MIROC6/ssp245/rlut_Amon_MIROC6_ssp245_r21i1p1f1_gn_204001-210012.nc,Amon;Amon,gn;gn,201501-203912;204001-210012,./MIROC6/ssp245/rsut_Amon_MIROC6_ssp245_r21i1p1f1_gn_201501-203912.nc;./MIROC6/ssp245/rsut_Amon_MIROC6_ssp245_r21i1p1f1_gn_204001-210012.nc,Amon;Amon,gn;gn,201501-203912;204001-210012
MIROC6,ssp245,r22i1p1f1,ambiguous,,tas;rsdt;rlut;rsut,./MIROC6/ssp245/tas_Amon_MIROC6_ssp245_r22i1p1f1_gn_201501-203912.nc;./MIROC6/ssp245/tas_Amon_MIROC6_ssp245_r22i1p1f1_gn_204001-210012.nc,Amon;Amon,gn;gn,201501-203912;204001-210012,./MIROC6/ssp245/rsdt_Amon_MIROC6_ssp245_r22i1p1f1_gn_201501-203912.nc;./MIROC6/ssp245/rsdt_Amon_MIROC6_ssp245_r22i1p1f1_gn_204001-210012.nc,Amon;Amon,gn;gn,201501-203912;204001-210012,./MIROC6/ssp245/rlut_Amon_MIROC6_ssp245_r22i1p1f1_gn_201501-203912.nc;./MIROC6/ssp245/rlut_Amon_MIROC6_ssp245_r22i1p1f1_gn_204001-210012.nc,Amon;Amon,gn;gn,201501-203912;204001-210012,./MIROC6/ssp245/rsut_Amon_MIROC6_ssp245_r22i1p1f1_gn_201501-203912.nc;./MIROC6/ssp245/rsut_Amon_MIROC6_ssp245_r22i1p1f1_gn_204001-210012.nc,Amon;Amon,gn;gn,201501-203912;204001-210012
MIROC6,ssp245,r23i1p1f1,ambiguous,,tas;rsdt;rlut;rsut,./MIROC6/ssp245/tas_Amon_MIROC6_ssp245_r23i1p1f1_gn_201501-203912.nc;./MIROC6/ssp245/tas_Amon_MIROC6_ssp245_r23i1p1f1_gn_204001-210012.nc,Amon;Amon,gn;gn,201501-203912;204001-210012,./MIROC6/ssp245/rsdt_Amon_MIROC6_ssp245_r23i1p1f1_gn_201501-203912.nc;./MIROC6/ssp245/rsdt_Amon_MIROC6_ssp245_r23i1p1f1_gn_204001-210012.nc,Amon;Amon,gn;gn,201501-203912;204001-210012,./MIROC6/ssp245/rlut_Amon_MIROC6_ssp245_r23i1p1f1_gn_201501-203912.nc;./MIROC6/ssp245/rlut_Amon_MIROC6_ssp245_r23i1p1f1_gn_204001-210012.nc,Amon;Amon,gn;gn,201501-203912;204001-210012,./MIROC6/ssp245/rsut_Amon_MIROC6_ssp245_r23i1p1f1_gn_201501-203912.nc;./MIROC6/ssp245/rsut_Amon_MIROC6_ssp245_r23i1p1f1_gn_204001-210012.nc,Amon;Amon,gn;gn,201501-203912;204001-210012
MIROC6,ssp245,r24i1p1f1,ambiguous,,tas;rsdt;rlut;rsut,./MIROC6/ssp245/tas_Amon_MIROC6_ssp245_r24i1p1f1_gn_201501-203912.nc;./MIROC6/ssp245/tas_Amon_MIROC6_ssp245_r24i1p1f1_gn_204001-210012.nc,Amon;Amon,gn;gn,201501-203912;204001-210012,./MIROC6/ssp245/rsdt_Amon_MIROC6_ssp245_r24i1p1f1_gn_201501-203912.nc;./MIROC6/ssp245/rsdt_Amon_MIROC6_ssp245_r24i1p1f1_gn_204001-210012.nc,Amon;Amon,gn;gn,201501-203912;204001-210012,./MIROC6/ssp245/rlut_Amon_MIROC6_ssp245_r24i1p1f1_gn_201501-203912.nc;./MIROC6/ssp245/rlut_Amon_MIROC6_ssp245_r24i1p1f1_gn_204001-210012.nc,Amon;Amon,gn;gn,201501-203912;204001-210012,./MIROC6/ssp245/rsut_Amon_MIROC6_ssp245_r24i1p1f1_gn_201501-203912.nc;./MIROC6/ssp245/rsut_Amon_MIROC6_ssp245_r24i1p1f1_gn_204001-210012.nc,Amon;Amon,gn;gn,201501-203912;204001-210012
MIROC6,ssp245,r25i1p1f1,ambiguous,,tas;rsdt;rlut;rsut,./MIROC6/ssp245/tas_Amon_MIROC6_ssp245_r25i1p1f1_gn_201501-203912.nc;./MIROC6/ssp245/tas_Amon_MIROC6_ssp245_r25i1p1f1_gn_204001-210012.nc,Amon;Amon,gn;gn,201501-203912;204001-210012,./MIROC6/ssp245/rsdt_Amon_MIROC6_ssp245_r25i1p1f1_gn_201501-203912.nc;./MIROC6/ssp245/rsdt_Amon_MIROC6_ssp245_r25i1p1f1_gn_204001-210012.nc,Amon;Amon,gn;gn,201501-203912;204001-210012,./MIROC6/ssp245/rlut_Amon_MIROC6_ssp245_r25i1p1f1_gn_201501-203912.nc;./MIROC6/ssp245/rlut_Amon_MIROC6_ssp245_r25i1p1f1_gn_204001-210012.nc,Amon;Amon,gn;gn,201501-203912;204001-210012,./MIROC6/ssp245/rsut_Amon_MIROC6_ssp245_r25i1p1f1_gn_201501-203912.nc;./MIROC6/ssp245/rsut_Amon_MIROC6_ssp245_r25i1p1f1_gn_204001-210012.nc,Amon;Amon,gn;gn,201501-203912;204001-210012
MIROC6,ssp245,r26i1p1f1,ambiguous,,tas;rsdt;rlut;rsut,./MIROC6/ssp245/tas_Amon_MIROC6_ssp245_r26i1p1f1_gn_201501-203912.nc;./MIROC6/ssp245/tas_Amon_MIROC6_ssp245_r26i1p1f1_gn_204001-210012.nc,Amon;Amon,gn;gn,201501-203912;204001-210012,./MIROC6/ssp245/rsdt_Amon_MIROC6_ssp245_r26i1p1f1_gn_201501-203912.nc;./MIROC6/ssp245/rsdt_Amon_MIROC6_ssp245_r26i1p1f1_gn_204001-210012.nc,Amon;Amon,gn;gn,201501-203912;204001-210012,./MIROC6/ssp245/rlut_Amon_MIROC6_ssp245_r26i1p1f1_gn_201501-203912.nc;./MIROC6/ssp245/rlut_Amon_MIROC6_ssp245_r26i1p1f1_gn_204001-210012.nc,Amon;Amon,gn;gn,201501-203912;204001-210012,./MIROC6/ssp245/rsut_Amon_MIROC6_ssp245_r26i1p1f1_gn_201501-203912.nc;./MIROC6/ssp245/rsut_Amon_MIROC6_ssp245_r26i1p1f1_gn_204001-210012.nc,Amon;Amon,gn;gn,201501-203912;204001-210012
MIROC6,ssp245,r27i1p1f1,ambiguous,,tas;rsdt;rlut;rsut,./MIROC6/ssp245/tas_Amon_MIROC6_ssp245_r27i1p1f1_gn_201501-203912.nc;./MIROC6/ssp245/tas_Amon_MIROC6_ssp245_r27i1p1f1_gn_204001-210012.nc,Amon;Amon,gn;gn,201501-203912;204001-210012,./MIROC6/ssp245/rsdt_Amon_MIROC6_ssp245_r27i1p1f1_gn_201501-203912.nc;./MIROC6/ssp245/rsdt_Amon_MIROC6_ssp245_r27i1p1f1_gn_204001-210012.nc,Amon;Amon,gn;gn,201501-203912;204001-210012,./MIROC6/ssp245/rlut_Amon_MIROC6_ssp245_r27i1p1f1_gn_201501-203912.nc;./MIROC6/ssp245/rlut_Amon_MIROC6_ssp245_r27i1p1f1_gn_204001-210012.nc,Amon;Amon,gn;gn,201501-203912;204001-210012,./MIROC6/ssp245/rsut_Amon_MIROC6_ssp245_r27i1p1f1_gn_201501-203912.nc;./MIROC6/ssp245/rsut_Amon_MIROC6_ssp245_r27i1p1f1_gn_204001-210012.nc,Amon;Amon,gn;gn,201501-203912;204001-210012
MIROC6,ssp245,r28i1p1f1,ambiguous,,tas;rsdt;rlut;rsut,./MIROC6/ssp245/tas_Amon_MIROC6_ssp245_r28i1p1f1_gn_201501-203912.nc;./MIROC6/ssp245/tas_Amon_MIROC6_ssp245_r28i1p1f1_gn_204001-210012.nc,Amon;Amon,gn;gn,201501-203912;204001-210012,./MIROC6/ssp245/rsdt_Amon_MIROC6_ssp245_r28i1p1f1_gn_201501-203912.nc;./MIROC6/ssp245/rsdt_Amon_MIROC6_ssp245_r28i1p1f1_gn_204001-210012.nc,Amon;Amon,gn;gn,201501-203912;204001-210012,./MIROC6/ssp245/rlut_Amon_MIROC6_ssp245_r28i1p1f1_gn_201501-203912.nc;./MIROC6/ssp245/rlut_Amon_MIROC6_ssp245_r28i1p1f1_gn_204001-210012.nc,Amon;Amon,gn;gn,201501-203912;204001-210012,./MIROC6/ssp245/rsut_Amon_MIROC6_ssp245_r28i1p1f1_gn_201501-203912.nc;./MIROC6/ssp245/rsut_Amon_MIROC6_ssp245_r28i1p1f1_gn_204001-210012.nc,Amon;Amon,gn;gn,201501-203912;204001-210012
MIROC6,ssp245,r29i1p1f1,ambiguous,,tas;rsdt;rlut;rsut,./MIROC6/ssp245/tas_Amon_MIROC6_ssp245_r29i1p1f1_gn_201501-203912.nc;./MIROC6/ssp245/tas_Amon_MIROC6_ssp245_r29i1p1f1_gn_204001-210012.nc,Amon;Amon,gn;gn,201501-203912;204001-210012,./MIROC6/ssp245/rsdt_Amon_MIROC6_ssp245_r29i1p1f1_gn_201501-203912.nc;./MIROC6/ssp245/rsdt_Amon_MIROC6_ssp245_r29i1p1f1_gn_204001-210012.nc,Amon;Amon,gn;gn,201501-203912;204001-210012,./MIROC6/ssp245/rlut_Amon_MIROC6_ssp245_r29i1p1f1_gn_201501-203912.nc;./MIROC6/ssp245/rlut_Amon_MIROC6_ssp245_r29i1p1f1_gn_204001-210012.nc,Amon;Amon,gn;gn,201501-203912;204001-210012,./MIROC6/ssp245/rsut_Amon_MIROC6_ssp245_r29i1p1f1_gn_201501-203912.nc;./MIROC6/ssp245/rsut_Amon_MIROC6_ssp245_r29i1p1f1_gn_204001-210012.nc,Amon;Amon,gn;gn,201501-203912;204001-210012
MIROC6,ssp245,r2i1p1f1,complete,,,./MIROC6/ssp245/tas_Amon_MIROC6_ssp245_r2i1p1f1_gn_201501-210012.nc,Amon,gn,201501-210012,./MIROC6/ssp245/rsdt_Amon_MIROC6_ssp245_r2i1p1f1_gn_201501-210012.nc,Amon,gn,201501-210012,./MIROC6/ssp245/rlut_Amon_MIROC6_ssp245_r2i1p1f1_gn_201501-210012.nc,Amon,gn,201501-210012,./MIROC6/ssp245/rsut_Amon_MIROC6_ssp245_r2i1p1f1_gn_201501-210012.nc,Amon,gn,201501-210012
MIROC6,ssp245,r30i1p1f1,ambiguous,,tas;rsdt;rlut;rsut,./MIROC6/ssp245/tas_Amon_MIROC6_ssp245_r30i1p1f1_gn_201501-203912.nc;./MIROC6/ssp245/tas_Amon_MIROC6_ssp245_r30i1p1f1_gn_204001-210012.nc,Amon;Amon,gn;gn,201501-203912;204001-210012,./MIROC6/ssp245/rsdt_Amon_MIROC6_ssp245_r30i1p1f1_gn_201501-203912.nc;./MIROC6/ssp245/rsdt_Amon_MIROC6_ssp245_r30i1p1f1_gn_204001-210012.nc,Amon;Amon,gn;gn,201501-203912;204001-210012,./MIROC6/ssp245/rlut_Amon_MIROC6_ssp245_r30i1p1f1_gn_201501-203912.nc;./MIROC6/ssp245/rlut_Amon_MIROC6_ssp245_r30i1p1f1_gn_204001-210012.nc,Amon;Amon,gn;gn,201501-203912;204001-210012,./MIROC6/ssp245/rsut_Amon_MIROC6_ssp245_r30i1p1f1_gn_201501-203912.nc;./MIROC6/ssp245/rsut_Amon_MIROC6_ssp245_r30i1p1f1_gn_204001-210012.nc,Amon;Amon,gn;gn,201501-203912;204001-210012
MIROC6,ssp245,r31i1p1f1,ambiguous,,tas;rsdt;rlut;rsut,./MIROC6/ssp245/tas_Amon_MIROC6_ssp245_r31i1p1f1_gn_201501-203912.nc;./MIROC6/ssp245/tas_Amon_MIROC6_ssp245_r31i1p1f1_gn_204001-210012.nc,Amon;Amon,gn;gn,201501-203912;204001-210012,./MIROC6/ssp245/rsdt_Amon_MIROC6_ssp245_r31i1p1f1_gn_201501-203912.nc;./MIROC6/ssp245/rsdt_Amon_MIROC6_ssp245_r31i1p1f1_gn_204001-210012.nc,Amon;Amon,gn;gn,201501-203912;204001-210012,./MIROC6/ssp245/rlut_Amon_MIROC6_ssp245_r31i1p1f1_gn_201501-203912.nc;./MIROC6/ssp245/rlut_Amon_MIROC6_ssp245_r31i1p1f1_gn_204001-210012.nc,Amon;Amon,gn;gn,201501-203912;204001-210012,./MIROC6/ssp245/rsut_Amon_MIROC6_ssp245_r31i1p1f1_gn_201501-203912.nc;./MIROC6/ssp245/rsut_Amon_MIROC6_ssp245_r31i1p1f1_gn_204001-210012.nc,Amon;Amon,gn;gn,201501-203912;204001-210012
MIROC6,ssp245,r32i1p1f1,ambiguous,,tas;rsdt;rlut;rsut,./MIROC6/ssp245/tas_Amon_MIROC6_ssp245_r32i1p1f1_gn_201501-203912.nc;./MIROC6/ssp245/tas_Amon_MIROC6_ssp245_r32i1p1f1_gn_204001-210012.nc,Amon;Amon,gn;gn,201501-203912;204001-210012,./MIROC6/ssp245/rsdt_Amon_MIROC6_ssp245_r32i1p1f1_gn_201501-203912.nc;./MIROC6/ssp245/rsdt_Amon_MIROC6_ssp245_r32i1p1f1_gn_204001-210012.nc,Amon;Amon,gn;gn,201501-203912;204001-210012,./MIROC6/ssp245/rlut_Amon_MIROC6_ssp245_r32i1p1f1_gn_201501-203912.nc;./MIROC6/ssp245/rlut_Amon_MIROC6_ssp245_r32i1p1f1_gn_204001-210012.nc,Amon;Amon,gn;gn,201501-203912;204001-210012,./MIROC6/ssp245/rsut_Amon_MIROC6_ssp245_r32i1p1f1_gn_201501-203912.nc;./MIROC6/ssp245/rsut_Amon_MIROC6_ssp245_r32i1p1f1_gn_204001-210012.nc,Amon;Amon,gn;gn,201501-203912;204001-210012
MIROC6,ssp245,r33i1p1f1,ambiguous,,tas;rsdt;rlut;rsut,./MIROC6/ssp245/tas_Amon_MIROC6_ssp245_r33i1p1f1_gn_201501-203912.nc;./MIROC6/ssp245/tas_Amon_MIROC6_ssp245_r33i1p1f1_gn_204001-210012.nc,Amon;Amon,gn;gn,201501-203912;204001-210012,./MIROC6/ssp245/rsdt_Amon_MIROC6_ssp245_r33i1p1f1_gn_201501-203912.nc;./MIROC6/ssp245/rsdt_Amon_MIROC6_ssp245_r33i1p1f1_gn_204001-210012.nc,Amon;Amon,gn;gn,201501-203912;204001-210012,./MIROC6/ssp245/rlut_Amon_MIROC6_ssp245_r33i1p1f1_gn_201501-203912.nc;./MIROC6/ssp245/rlut_Amon_MIROC6_ssp245_r33i1p1f1_gn_204001-210012.nc,Amon;Amon,gn;gn,201501-203912;204001-210012,./MIROC6/ssp245/rsut_Amon_MIROC6_ssp245_r33i1p1f1_gn_201501-203912.nc;./MIROC6/ssp245/rsut_Amon_MIROC6_ssp245_r33i1p1f1_gn_204001-210012.nc,Amon;Amon,gn;gn,201501-203912;204001-210012
MIROC6,ssp245,r34i1p1f1,ambiguous,,tas;rsdt;rlut;rsut,./MIROC6/ssp245/tas_Amon_MIROC6_ssp245_r34i1p1f1_gn_201501-203912.nc;./MIROC6/ssp245/tas_Amon_MIROC6_ssp245_r34i1p1f1_gn_204001-210012.nc,Amon;Amon,gn;gn,201501-203912;204001-210012,./MIROC6/ssp245/rsdt_Amon_MIROC6_ssp245_r34i1p1f1_gn_201501-203912.nc;./MIROC6/ssp245/rsdt_Amon_MIROC6_ssp245_r34i1p1f1_gn_204001-210012.nc,Amon;Amon,gn;gn,201501-203912;204001-210012,./MIROC6/ssp245/rlut_Amon_MIROC6_ssp245_r34i1p1f1_gn_201501-203912.nc;./MIROC6/ssp245/rlut_Amon_MIROC6_ssp245_r34i1p1f1_gn_204001-210012.nc,Amon;Amon,gn;gn,201501-203912;204001-210012,./MIROC6/ssp245/rsut_Amon_MIROC6_ssp245_r34i1p1f1_gn_201501-203912.nc;./MIROC6/ssp245/rsut_Amon_MIROC6_ssp245_r34i1p1f1_gn_204001-210012.nc,Amon;Amon,gn;gn,201501-203912;204001-210012
MIROC6,ssp245,r35i1p1f1,ambiguous,,tas;rsdt;rlut;rsut,./MIROC6/ssp245/tas_Amon_MIROC6_ssp245_r35i1p1f1_gn_201501-203912.nc;./MIROC6/ssp245/tas_Amon_MIROC6_ssp245_r35i1p1f1_gn_204001-210012.nc,Amon;Amon,gn;gn,201501-203912;204001-210012,./MIROC6/ssp245/rsdt_Amon_MIROC6_ssp245_r35i1p1f1_gn_201501-203912.nc;./MIROC6/ssp245/rsdt_Amon_MIROC6_ssp245_r35i1p1f1_gn_204001-210012.nc,Amon;Amon,gn;gn,201501-203912;204001-210012,./MIROC6/ssp245/rlut_Amon_MIROC6_ssp245_r35i1p1f1_gn_201501-203912.nc;./MIROC6/ssp245/rlut_Amon_MIROC6_ssp245_r35i1p1f1_gn_204001-210012.nc,Amon;Amon,gn;gn,201501-203912;204001-210012,./MIROC6/ssp245/rsut_Amon_MIROC6_ssp245_r35i1p1f1_gn_201501-203912.nc;./MIROC6/ssp245/rsut_Amon_MIROC6_ssp245_r35i1p1f1_gn_204001-210012.nc,Amon;Amon,gn;gn,201501-203912;204001-210012
MIROC6,ssp245,r36i1p1f1,ambiguous,,tas;rsdt;rlut;rsut,./MIROC6/ssp245/tas_Amon_MIROC6_ssp245_r36i1p1f1_gn_201501-203912.nc;./MIROC6/ssp245/tas_Amon_MIROC6_ssp245_r36i1p1f1_gn_204001-210012.nc,Amon;Amon,gn;gn,201501-203912;204001-210012,./MIROC6/ssp245/rsdt_Amon_MIROC6_ssp245_r36i1p1f1_gn_201501-203912.nc;./MIROC6/ssp245/rsdt_Amon_MIROC6_ssp245_r36i1p1f1_gn_204001-210012.nc,Amon;Amon,gn;gn,201501-203912;204001-210012,./MIROC6/ssp245/rlut_Amon_MIROC6_ssp245_r36i1p1f1_gn_201501-203912.nc;./MIROC6/ssp245/rlut_Amon_MIROC6_ssp245_r36i1p1f1_gn_204001-210012.nc,Amon;Amon,gn;gn,201501-203912;204001-210012,./MIROC6/ssp245/rsut_Amon_MIROC6_ssp245_r36i1p1f1_gn_201501-203912.nc;./MIROC6/ssp245/rsut_Amon_MIROC6_ssp245_r36i1p1f1_gn_204001-210012.nc,Amon;Amon,gn;gn,201501-203912;204001-210012
MIROC6,ssp245,r37i1p1f1,ambiguous,,tas;rsdt;rlut;rsut,./MIROC6/ssp245/tas_Amon_MIROC6_ssp245_r37i1p1f1_gn_201501-203912.nc;./MIROC6/ssp245/tas_Amon_MIROC6_ssp245_r37i1p1f1_gn_204001-210012.nc,Amon;Amon,gn;gn,201501-203912;204001-210012,./MIROC6/ssp245/rsdt_Amon_MIROC6_ssp245_r37i1p1f1_gn_201501-203912.nc;./MIROC6/ssp245/rsdt_Amon_MIROC6_ssp245_r37i1p1f1_gn_204001-210012.nc,Amon;Amon,gn;gn,201501-203912;204001-210012,./MIROC6/ssp245/rlut_Amon_MIROC6_ssp245_r37i1p1f1_gn_201501-203912.nc;./MIROC6/ssp245/rlut_Amon_MIROC6_ssp245_r37i1p1f1_gn_204001-210012.nc,Amon;Amon,gn;gn,201501-203912;204001-210012,./MIROC6/ssp245/rsut_Amon_MIROC6_ssp245_r37i1p1f1_gn_201501-203912.nc;./MIROC6/ssp245/rsut_Amon_MIROC6_ssp245_r37i1p1f1_gn_204001-210012.nc,Amon;Amon,gn;gn,201501-203912;204001-210012
MIROC6,ssp245,r38i1p1f1,ambiguous,,tas;rsdt;rlut;rsut,./MIROC6/ssp245/tas_Amon_MIROC6_ssp245_r38i1p1f1_gn_201501-203912.nc;./MIROC6/ssp245/tas_Amon_MIROC6_ssp245_r38i1p1f1_gn_204001-210012.nc,Amon;Amon,gn;gn,201501-203912;204001-210012,./MIROC6/ssp245/rsdt_Amon_MIROC6_ssp245_r38i1p1f1_gn_201501-203912.nc;./MIROC6/ssp245/rsdt_Amon_MIROC6_ssp245_r38i1p1f1_gn_204001-210012.nc,Amon;Amon,gn;gn,201501-203912;204001-210012,./MIROC6/ssp245/rlut_Amon_MIROC6_ssp245_r38i1p1f1_gn_201501-203912.nc;./MIROC6/ssp245/rlut_Amon_MIROC6_ssp245_r38i1p1f1_gn_204001-210012.nc,Amon;Amon,gn;gn,201501-203912;204001-210012,./MIROC6/ssp245/rsut_Amon_MIROC6_ssp245_r38i1p1f1_gn_201501-203912.nc;./MIROC6/ssp245/rsut_Amon_MIROC6_ssp245_r38i1p1f1_gn_204001-210012.nc,Amon;Amon,gn;gn,201501-203912;204001-210012
MIROC6,ssp245,r39i1p1f1,ambiguous,,tas;rsdt;rlut;rsut,./MIROC6/ssp245/tas_Amon_MIROC6_ssp245_r39i1p1f1_gn_201501-203912.nc;./MIROC6/ssp245/tas_Amon_MIROC6_ssp245_r39i1p1f1_gn_204001-210012.nc,Amon;Amon,gn;gn,201501-203912;204001-210012,./MIROC6/ssp245/rsdt_Amon_MIROC6_ssp245_r39i1p1f1_gn_201501-203912.nc;./MIROC6/ssp245/rsdt_Amon_MIROC6_ssp245_r39i1p1f1_gn_204001-210012.nc,Amon;Amon,gn;gn,201501-203912;204001-210012,./MIROC6/ssp245/rlut_Amon_MIROC6_ssp245_r39i1p1f1_gn_201501-203912.nc;./MIROC6/ssp245/rlut_Amon_MIROC6_ssp245_r39i1p1f1_gn_204001-210012.nc,Amon;Amon,gn;gn,201501-203912;204001-210012,./MIROC6/ssp245/rsut_Amon_MIROC6_ssp245_r39i1p1f1_gn_201501-203912.nc;./MIROC6/ssp245/rsut_Amon_MIROC6_ssp245_r39i1p1f1_gn_204001-210012.nc,Amon;Amon,gn;gn,201501-203912;204001-210012
MIROC6,ssp245,r3i1p1f1,complete,,,./MIROC6/ssp245/tas_Amon_MIROC6_ssp245_r3i1p1f1_gn_201501-210012.nc,Amon,gn,201501-210012,./MIROC6/ssp245/rsdt_Amon_MIROC6_ssp245_r3i1p1f1_gn_201501-210012.nc,Amon,gn,201501-210012,./MIROC6/ssp245/rlut_Amon_MIROC6_ssp245_r3i1p1f1_gn_201501-210012.nc,Amon,gn,201501-210012,./MIROC6/ssp245/rsut_Amon_MIROC6_ssp245_r3i1p1f1_gn_201501-210012.nc,Amon,gn,201501-210012
MIROC6,ssp245,r40i1p1f1,ambiguous,,tas;rsdt;rlut;rsut,./MIROC6/ssp245/tas_Amon_MIROC6_ssp245_r40i1p1f1_gn_201501-203912.nc;./MIROC6/ssp245/tas_Amon_MIROC6_ssp245_r40i1p1f1_gn_204001-210012.nc,Amon;Amon,gn;gn,201501-203912;204001-210012,./MIROC6/ssp245/rsdt_Amon_MIROC6_ssp245_r40i1p1f1_gn_201501-203912.nc;./MIROC6/ssp245/rsdt_Amon_MIROC6_ssp245_r40i1p1f1_gn_204001-210012.nc,Amon;Amon,gn;gn,201501-203912;204001-210012,./MIROC6/ssp245/rlut_Amon_MIROC6_ssp245_r40i1p1f1_gn_201501-203912.nc;./MIROC6/ssp245/rlut_Amon_MIROC6_ssp245_r40i1p1f1_gn_204001-210012.nc,Amon;Amon,gn;gn,201501-203912;204001-210012,./MIROC6/ssp245/rsut_Amon_MIROC6_ssp245_r40i1p1f1_gn_201501-203912.nc;./MIROC6/ssp245/rsut_Amon_MIROC6_ssp245_r40i1p1f1_gn_204001-210012.nc,Amon;Amon,gn;gn,201501-203912;204001-210012
MIROC6,ssp245,r41i1p1f1,ambiguous,,tas;rsdt;rlut;rsut,./MIROC6/ssp245/tas_Amon_MIROC6_ssp245_r41i1p1f1_gn_201501-203912.nc;./MIROC6/ssp245/tas_Amon_MIROC6_ssp245_r41i1p1f1_gn_204001-210012.nc,Amon;Amon,gn;gn,201501-203912;204001-210012,./MIROC6/ssp245/rsdt_Amon_MIROC6_ssp245_r41i1p1f1_gn_201501-203912.nc;./MIROC6/ssp245/rsdt_Amon_MIROC6_ssp245_r41i1p1f1_gn_204001-210012.nc,Amon;Amon,gn;gn,201501-203912;204001-210012,./MIROC6/ssp245/rlut_Amon_MIROC6_ssp245_r41i1p1f1_gn_201501-203912.nc;./MIROC6/ssp245/rlut_Amon_MIROC6_ssp245_r41i1p1f1_gn_204001-210012.nc,Amon;Amon,gn;gn,201501-203912;204001-210012,./MIROC6/ssp245/rsut_Amon_MIROC6_ssp245_r41i1p1f1_gn_201501-203912.nc;./MIROC6/ssp245/rsut_Amon_MIROC6_ssp245_r41i1p1f1_gn_204001-210012.nc,Amon;Amon,gn;gn,201501-203912;204001-210012
MIROC6,ssp245,r42i1p1f1,ambiguous,,tas;rsdt;rlut;rsut,./MIROC6/ssp245/tas_Amon_MIROC6_ssp245_r42i1p1f1_gn_201501-203912.nc;./MIROC6/ssp245/tas_Amon_MIROC6_ssp245_r42i1p1f1_gn_204001-210012.nc,Amon;Amon,gn;gn,201501-203912;204001-210012,./MIROC6/ssp245/rsdt_Amon_MIROC6_ssp245_r42i1p1f1_gn_201501-203912.nc;./MIROC6/ssp245/rsdt_Amon_MIROC6_ssp245_r42i1p1f1_gn_204001-210012.nc,Amon;Amon,gn;gn,201501-203912;204001-210012,./MIROC6/ssp245/rlut_Amon_MIROC6_ssp245_r42i1p1f1_gn_201501-203912.nc;./MIROC6/ssp245/rlut_Amon_MIROC6_ssp245_r42i1p1f1_gn_204001-210012.nc,Amon;Amon,gn;gn,201501-203912;204001-210012,./MIROC6/ssp245/rsut_Amon_MIROC6_ssp245_r42i1p1f1_gn_201501-203912.nc;./MIROC6/ssp245/rsut_Amon_MIROC6_ssp245_r42i1p1f1_gn_204001-210012.nc,Amon;Amon,gn;gn,201501-203912;204001-210012
MIROC6,ssp245,r43i1p1f1,ambiguous,,tas;rsdt;rlut;rsut,./MIROC6/ssp245/tas_Amon_MIROC6_ssp245_r43i1p1f1_gn_201501-203912.nc;./MIROC6/ssp245/tas_Amon_MIROC6_ssp245_r43i1p1f1_gn_204001-210012.nc,Amon;Amon,gn;gn,201501-203912;204001-210012,./MIROC6/ssp245/rsdt_Amon_MIROC6_ssp245_r43i1p1f1_gn_201501-203912.nc;./MIROC6/ssp245/rsdt_Amon_MIROC6_ssp245_r43i1p1f1_gn_204001-210012.nc,Amon;Amon,gn;gn,201501-203912;204001-210012,./MIROC6/ssp245/rlut_Amon_MIROC6_ssp245_r43i1p1f1_gn_201501-203912.nc;./MIROC6/ssp245/rlut_Amon_MIROC6_ssp245_r43i1p1f1_gn_204001-210012.nc,Amon;Amon,gn;gn,201501-203912;204001-210012,./MIROC6/ssp245/rsut_Amon_MIROC6_ssp245_r43i1p1f1_gn_201501-203912.nc;./MIROC6/ssp245/rsut_Amon_MIROC6_ssp245_r43i1p1f1_gn_204001-210012.nc,Amon;Amon,gn;gn,201501-203912;204001-210012
MIROC6,ssp245,r44i1p1f1,ambiguous,,tas;rsdt;rlut;rsut,./MIROC6/ssp245/tas_Amon_MIROC6_ssp245_r44i1p1f1_gn_201501-203912.nc;./MIROC6/ssp245/tas_Amon_MIROC6_ssp245_r44i1p1f1_gn_204001-210012.nc,Amon;Amon,gn;gn,201501-203912;204001-210012,./MIROC6/ssp245/rsdt_Amon_MIROC6_ssp245_r44i1p1f1_gn_201501-203912.nc;./MIROC6/ssp245/rsdt_Amon_MIROC6_ssp245_r44i1p1f1_gn_204001-210012.nc,Amon;Amon,gn;gn,201501-203912;204001-210012,./MIROC6/ssp245/rlut_Amon_MIROC6_ssp245_r44i1p1f1_gn_201501-203912.nc;./MIROC6/ssp245/rlut_Amon_MIROC6_ssp245_r44i1p1f1_gn_204001-210012.nc,Amon;Amon,gn;gn,201501-203912;204001-210012,./MIROC6/ssp245/rsut_Amon_MIROC6_ssp245_r44i1p1f1_gn_201501-203912.nc;./MIROC6/ssp245/rsut_Amon_MIROC6_ssp245_r44i1p1f1_gn_204001-210012.nc,Amon;Amon,gn;gn,201501-203912;204001-210012
MIROC6,ssp245,r45i1p1f1,ambiguous,,tas;rsdt;rlut;rsut,./MIROC6/ssp245/tas_Amon_MIROC6_ssp245_r45i1p1f1_gn_201501-203912.nc;./MIROC6/ssp245/tas_Amon_MIROC6_ssp245_r45i1p1f1_gn_204001-210012.nc,Amon;Amon,gn;gn,201501-203912;204001-210012,./MIROC6/ssp245/rsdt_Amon_MIROC6_ssp245_r45i1p1f1_gn_201501-203912.nc;./MIROC6/ssp245/rsdt_Amon_MIROC6_ssp245_r45i1p1f1_gn_204001-210012.nc,Amon;Amon,gn;gn,201501-203912;204001-210012,./MIROC6/ssp245/rlut_Amon_MIROC6_ssp245_r45i1p1f1_gn_201501-203912.nc;./MIROC6/ssp245/rlut_Amon_MIROC6_ssp245_r45i1p1f1_gn_204001-210012.nc,Amon;Amon,gn;gn,201501-203912;204001-210012,./MIROC6/ssp245/rsut_Amon_MIROC6_ssp245_r45i1p1f1_gn_201501-203912.nc;./MIROC6/ssp245/rsut_Amon_MIROC6_ssp245_r45i1p1f1_gn_204001-210012.nc,Amon;Amon,gn;gn,201501-203912;204001-210012
MIROC6,ssp245,r46i1p1f1,ambiguous,,tas;rsdt;rlut;rsut,./MIROC6/ssp245/tas_Amon_MIROC6_ssp245_r46i1p1f1_gn_201501-203912.nc;./MIROC6/ssp245/tas_Amon_MIROC6_ssp245_r46i1p1f1_gn_204001-210012.nc,Amon;Amon,gn;gn,201501-203912;204001-210012,./MIROC6/ssp245/rsdt_Amon_MIROC6_ssp245_r46i1p1f1_gn_201501-203912.nc;./MIROC6/ssp245/rsdt_Amon_MIROC6_ssp245_r46i1p1f1_gn_204001-210012.nc,Amon;Amon,gn;gn,201501-203912;204001-210012,./MIROC6/ssp245/rlut_Amon_MIROC6_ssp245_r46i1p1f1_gn_201501-203912.nc;./MIROC6/ssp245/rlut_Amon_MIROC6_ssp245_r46i1p1f1_gn_204001-210012.nc,Amon;Amon,gn;gn,201501-203912;204001-210012,./MIROC6/ssp245/rsut_Amon_MIROC6_ssp245_r46i1p1f1_gn_201501-203912.nc;./MIROC6/ssp245/rsut_Amon_MIROC6_ssp245_r46i1p1f1_gn_204001-210012.nc,Amon;Amon,gn;gn,201501-203912;204001-210012
MIROC6,ssp245,r47i1p1f1,ambiguous,,tas;rsdt;rlut;rsut,./MIROC6/ssp245/tas_Amon_MIROC6_ssp245_r47i1p1f1_gn_201501-203912.nc;./MIROC6/ssp245/tas_Amon_MIROC6_ssp245_r47i1p1f1_gn_204001-210012.nc,Amon;Amon,gn;gn,201501-203912;204001-210012,./MIROC6/ssp245/rsdt_Amon_MIROC6_ssp245_r47i1p1f1_gn_201501-203912.nc;./MIROC6/ssp245/rsdt_Amon_MIROC6_ssp245_r47i1p1f1_gn_204001-210012.nc,Amon;Amon,gn;gn,201501-203912;204001-210012,./MIROC6/ssp245/rlut_Amon_MIROC6_ssp245_r47i1p1f1_gn_201501-203912.nc;./MIROC6/ssp245/rlut_Amon_MIROC6_ssp245_r47i1p1f1_gn_204001-210012.nc,Amon;Amon,gn;gn,201501-203912;204001-210012,./MIROC6/ssp245/rsut_Amon_MIROC6_ssp245_r47i1p1f1_gn_201501-203912.nc;./MIROC6/ssp245/rsut_Amon_MIROC6_ssp245_r47i1p1f1_gn_204001-210012.nc,Amon;Amon,gn;gn,201501-203912;204001-210012
MIROC6,ssp245,r48i1p1f1,ambiguous,,tas;rsdt;rlut;rsut,./MIROC6/ssp245/tas_Amon_MIROC6_ssp245_r48i1p1f1_gn_201501-203912.nc;./MIROC6/ssp245/tas_Amon_MIROC6_ssp245_r48i1p1f1_gn_204001-210012.nc,Amon;Amon,gn;gn,201501-203912;204001-210012,./MIROC6/ssp245/rsdt_Amon_MIROC6_ssp245_r48i1p1f1_gn_201501-203912.nc;./MIROC6/ssp245/rsdt_Amon_MIROC6_ssp245_r48i1p1f1_gn_204001-210012.nc,Amon;Amon,gn;gn,201501-203912;204001-210012,./MIROC6/ssp245/rlut_Amon_MIROC6_ssp245_r48i1p1f1_gn_201501-203912.nc;./MIROC6/ssp245/rlut_Amon_MIROC6_ssp245_r48i1p1f1_gn_204001-210012.nc,Amon;Amon,gn;gn,201501-203912;204001-210012,./MIROC6/ssp245/rsut_Amon_MIROC6_ssp245_r48i1p1f1_gn_201501-203912.nc;./MIROC6/ssp245/rsut_Amon_MIROC6_ssp245_r48i1p1f1_gn_204001-210012.nc,Amon;Amon,gn;gn,201501-203912;204001-210012
MIROC6,ssp245,r49i1p1f1,ambiguous,,tas;rsdt;rlut;rsut,./MIROC6/ssp245/tas_Amon_MIROC6_ssp245_r49i1p1f1_gn_201501-203912.nc;./MIROC6/ssp245/tas_Amon_MIROC6_ssp245_r49i1p1f1_gn_204001-210012.nc,Amon;Amon,gn;gn,201501-203912;204001-210012,./MIROC6/ssp245/rsdt_Amon_MIROC6_ssp245_r49i1p1f1_gn_201501-203912.nc;./MIROC6/ssp245/rsdt_Amon_MIROC6_ssp245_r49i1p1f1_gn_204001-210012.nc,Amon;Amon,gn;gn,201501-203912;204001-210012,./MIROC6/ssp245/rlut_Amon_MIROC6_ssp245_r49i1p1f1_gn_201501-203912.nc;./MIROC6/ssp245/rlut_Amon_MIROC6_ssp245_r49i1p1f1_gn_204001-210012.nc,Amon;Amon,gn;gn,201501-203912;204001-210012,./MIROC6/ssp245/rsut_Amon_MIROC6_ssp245_r49i1p1f1_gn_201501-203912.nc;./MIROC6/ssp245/rsut_Amon_MIROC6_ssp245_r49i1p1f1_gn_204001-210012.nc,Amon;Amon,gn;gn,201501-203912;204001-210012
MIROC6,ssp245,r4i1p1f1,ambiguous,,tas;rsdt;rlut;rsut,./MIROC6/ssp245/tas_Amon_MIROC6_ssp245_r4i1p1f1_gn_201501-203912.nc;./MIROC6/ssp245/tas_Amon_MIROC6_ssp245_r4i1p1f1_gn_204001-210012.nc,Amon;Amon,gn;gn,201501-203912;204001-210012,./MIROC6/ssp245/rsdt_Amon_MIROC6_ssp245_r4i1p1f1_gn_201501-203912.nc;./MIROC6/ssp245/rsdt_Amon_MIROC6_ssp245_r4i1p1f1_gn_204001-210012.nc,Amon;Amon,gn;gn,201501-203912;204001-210012,./MIROC6/ssp245/rlut_Amon_MIROC6_ssp245_r4i1p1f1_gn_201501-203912.nc;./MIROC6/ssp245/rlut_Amon_MIROC6_ssp245_r4i1p1f1_gn_204001-210012.nc,Amon;Amon,gn;gn,201501-203912;204001-210012,./MIROC6/ssp245/rsut_Amon_MIROC6_ssp245_r4i1p1f1_gn_201501-203912.nc;./MIROC6/ssp245/rsut_Amon_MIROC6_ssp245_r4i1p1f1_gn_204001-210012.nc,Amon;Amon,gn;gn,201501-203912;204001-210012
MIROC6,ssp245,r50i1p1f1,ambiguous,,tas;rsdt;rlut;rsut,./MIROC6/ssp245/tas_Amon_MIROC6_ssp245_r50i1p1f1_gn_201501-203912.nc;./MIROC6/ssp245/tas_Amon_MIROC6_ssp245_r50i1p1f1_gn_204001-210012.nc,Amon;Amon,gn;gn,201501-203912;204001-210012,./MIROC6/ssp245/rsdt_Amon_MIROC6_ssp245_r50i1p1f1_gn_201501-203912.nc;./MIROC6/ssp245/rsdt_Amon_MIROC6_ssp245_r50i1p1f1_gn_204001-210012.nc,Amon;Amon,gn;gn,201501-203912;204001-210012,./MIROC6/ssp245/rlut_Amon_MIROC6_ssp245_r50i1p1f1_gn_201501-203912.nc;./MIROC6/ssp245/rlut_Amon_MIROC6_ssp245_r50i1p1f1_gn_204001-210012.nc,Amon;Amon,gn;gn,201501-203912;204001-210012,./MIROC6/ssp245/rsut_Amon_MIROC6_ssp245_r50i1p1f1_gn_201501-203912.nc;./MIROC6/ssp245/rsut_Amon_MIROC6_ssp245_r50i1p1f1_gn_204001-210012.nc,Amon;Amon,gn;gn,201501-203912;204001-210012
MIROC6,ssp245,r5i1p1f1,ambiguous,,tas;rsdt;rlut;rsut,./MIROC6/ssp245/tas_Amon_MIROC6_ssp245_r5i1p1f1_gn_201501-203912.nc;./MIROC6/ssp245/tas_Amon_MIROC6_ssp245_r5i1p1f1_gn_204001-210012.nc,Amon;Amon,gn;gn,201501-203912;204001-210012,./MIROC6/ssp245/rsdt_Amon_MIROC6_ssp245_r5i1p1f1_gn_201501-203912.nc;./MIROC6/ssp245/rsdt_Amon_MIROC6_ssp245_r5i1p1f1_gn_204001-210012.nc,Amon;Amon,gn;gn,201501-203912;204001-210012,./MIROC6/ssp245/rlut_Amon_MIROC6_ssp245_r5i1p1f1_gn_201501-203912.nc;./MIROC6/ssp245/rlut_Amon_MIROC6_ssp245_r5i1p1f1_gn_204001-210012.nc,Amon;Amon,gn;gn,201501-203912;204001-210012,./MIROC6/ssp245/rsut_Amon_MIROC6_ssp245_r5i1p1f1_gn_201501-203912.nc;./MIROC6/ssp245/rsut_Amon_MIROC6_ssp245_r5i1p1f1_gn_204001-210012.nc,Amon;Amon,gn;gn,201501-203912;204001-210012
MIROC6,ssp245,r6i1p1f1,ambiguous,,tas;rsdt;rlut;rsut,./MIROC6/ssp245/tas_Amon_MIROC6_ssp245_r6i1p1f1_gn_201501-203912.nc;./MIROC6/ssp245/tas_Amon_MIROC6_ssp245_r6i1p1f1_gn_204001-210012.nc,Amon;Amon,gn;gn,201501-203912;204001-210012,./MIROC6/ssp245/rsdt_Amon_MIROC6_ssp245_r6i1p1f1_gn_201501-203912.nc;./MIROC6/ssp245/rsdt_Amon_MIROC6_ssp245_r6i1p1f1_gn_204001-210012.nc,Amon;Amon,gn;gn,201501-203912;204001-210012,./MIROC6/ssp245/rlut_Amon_MIROC6_ssp245_r6i1p1f1_gn_201501-203912.nc;./MIROC6/ssp245/rlut_Amon_MIROC6_ssp245_r6i1p1f1_gn_204001-210012.nc,Amon;Amon,gn;gn,201501-203912;204001-210012,./MIROC6/ssp245/rsut_Amon_MIROC6_ssp245_r6i1p1f1_gn_201501-203912.nc;./MIROC6/ssp245/rsut_Amon_MIROC6_ssp245_r6i1p1f1_gn_204001-210012.nc,Amon;Amon,gn;gn,201501-203912;204001-210012
MIROC6,ssp245,r7i1p1f1,ambiguous,,tas;rsdt;rlut;rsut,./MIROC6/ssp245/tas_Amon_MIROC6_ssp245_r7i1p1f1_gn_201501-203912.nc;./MIROC6/ssp245/tas_Amon_MIROC6_ssp245_r7i1p1f1_gn_204001-210012.nc,Amon;Amon,gn;gn,201501-203912;204001-210012,./MIROC6/ssp245/rsdt_Amon_MIROC6_ssp245_r7i1p1f1_gn_201501-203912.nc;./MIROC6/ssp245/rsdt_Amon_MIROC6_ssp245_r7i1p1f1_gn_204001-210012.nc,Amon;Amon,gn;gn,201501-203912;204001-210012,./MIROC6/ssp245/rlut_Amon_MIROC6_ssp245_r7i1p1f1_gn_201501-203912.nc;./MIROC6/ssp245/rlut_Amon_MIROC6_ssp245_r7i1p1f1_gn_204001-210012.nc,Amon;Amon,gn;gn,201501-203912;204001-210012,./MIROC6/ssp245/rsut_Amon_MIROC6_ssp245_r7i1p1f1_gn_201501-203912.nc;./MIROC6/ssp245/rsut_Amon_MIROC6_ssp245_r7i1p1f1_gn_204001-210012.nc,Amon;Amon,gn;gn,201501-203912;204001-210012
MIROC6,ssp245,r8i1p1f1,ambiguous,,tas;rsdt;rlut;rsut,./MIROC6/ssp245/tas_Amon_MIROC6_ssp245_r8i1p1f1_gn_201501-203912.nc;./MIROC6/ssp245/tas_Amon_MIROC6_ssp245_r8i1p1f1_gn_204001-210012.nc,Amon;Amon,gn;gn,201501-203912;204001-210012,./MIROC6/ssp245/rsdt_Amon_MIROC6_ssp245_r8i1p1f1_gn_201501-203912.nc;./MIROC6/ssp245/rsdt_Amon_MIROC6_ssp245_r8i1p1f1_gn_204001-210012.nc,Amon;Amon,gn;gn,201501-203912;204001-210012,./MIROC6/ssp245/rlut_Amon_MIROC6_ssp245_r8i1p1f1_gn_201501-203912.nc;./MIROC6/ssp245/rlut_Amon_MIROC6_ssp245_r8i1p1f1_gn_204001-210012.nc,Amon;Amon,gn;gn,201501-203912;204001-210012,./MIROC6/ssp245/rsut_Amon_MIROC6_ssp245_r8i1p1f1_gn_201501-203912.nc;./MIROC6/ssp245/rsut_Amon_MIROC6_ssp245_r8i1p1f1_gn_204001-210012.nc,Amon;Amon,gn;gn,201501-203912;204001-210012
MIROC6,ssp245,r9i1p1f1,ambiguous,,tas;rsdt;rlut;rsut,./MIROC6/ssp245/tas_Amon_MIROC6_ssp245_r9i1p1f1_gn_201501-203912.nc;./MIROC6/ssp245/tas_Amon_MIROC6_ssp245_r9i1p1f1_gn_204001-210012.nc,Amon;Amon,gn;gn,201501-203912;204001-210012,./MIROC6/ssp245/rsdt_Amon_MIROC6_ssp245_r9i1p1f1_gn_201501-203912.nc;./MIROC6/ssp245/rsdt_Amon_MIROC6_ssp245_r9i1p1f1_gn_204001-210012.nc,Amon;Amon,gn;gn,201501-203912;204001-210012,./MIROC6/ssp245/rlut_Amon_MIROC6_ssp245_r9i1p1f1_gn_201501-203912.nc;./MIROC6/ssp245/rlut_Amon_MIROC6_ssp245_r9i1p1f1_gn_204001-210012.nc,Amon;Amon,gn;gn,201501-203912;204001-210012,./MIROC6/ssp245/rsut_Amon_MIROC6_ssp245_r9i1p1f1_gn_201501-203912.nc;./MIROC6/ssp245/rsut_Amon_MIROC6_ssp245_r9i1p1f1_gn_204001-210012.nc,Amon;Amon,gn;gn,201501-203912;204001-210012
MPI-ESM1-2-LR,abrupt-4xCO2,r1i1p1f1,ambiguous,rsdt;rlut;rsut,tas,./MPI-ESM1-2-LR/abrupt-4xCO2/tas_Amon_MPI-ESM1-2-LR_abrupt-4xCO2_r1i1p1f1_gn_185001-186912.nc;./MPI-ESM1-2-LR/abrupt-4xCO2/tas_Amon_MPI-ESM1-2-LR_abrupt-4xCO2_r1i1p1f1_gn_187001-188912.nc;./MPI-ESM1-2-LR/abrupt-4xCO2/tas_Amon_MPI-ESM1-2-LR_abrupt-4xCO2_r1i1p1f1_gn_189001-190912.nc;./MPI-ESM1-2-LR/abrupt-4xCO2/tas_Amon_MPI-ESM1-2-LR_abrupt-4xCO2_r1i1p1f1_gn_191001-192912.nc;./MPI-ESM1-2-LR/abrupt-4xCO2/tas_Amon_MPI-ESM1-2-LR_abrupt-4xCO2_r1i1p1f1_gn_193001-194912.nc;./MPI-ESM1-2-LR/abrupt-4xCO2/tas_Amon_MPI-ESM1-2-LR_abrupt-4xCO2_r1i1p1f1_gn_195001-196912.nc;./MPI-ESM1-2-LR/abrupt-4xCO2/tas_Amon_MPI-ESM1-2-LR_abrupt-4xCO2_r1i1p1f1_gn_197001-198912.nc;./MPI-ESM1-2-LR/abrupt-4xCO2/tas_Amon_MPI-ESM1-2-LR_abrupt-4xCO2_r1i1p1f1_gn_199001-200912.nc;./MPI-ESM1-2-LR/abrupt-4xCO2/tas_Amon_MPI-ESM1-2-LR_abrupt-4xCO2_r1i1p1f1_gn_201001-201412.nc,Amon;Amon;Amon;Amon;Amon;Amon;Amon;Amon;Amon,gn;gn;gn;gn;gn;gn;gn;gn;gn,185001-186912;187001-188912;189001-190912;191001-192912;193001-194912;195001-196912;197001-198912;199001-200912;201001-201412,,,,,,,,,,,,
MPI-ESM1-2-LR,historical,r10i1p1f1,ambiguous,rsdt;rlut;rsut,tas,./MPI-ESM1-2-LR/historical/tas_Amon_MPI-ESM1-2-LR_historical_r10i1p1f1_gn_185001-186912.nc;./MPI-ESM1-2-LR/historical/tas_Amon_MPI-ESM1-2-LR_historical_r10i1p1f1_gn_187001-188912.nc;./MPI-ESM1-2-LR/historical/tas_Amon_MPI-ESM1-2-LR_historical_r10i1p1f1_gn_189001-190912.nc;./MPI-ESM1-2-LR/historical/tas_Amon_MPI-ESM1-2-LR_historical_r10i1p1f1_gn_191001-192912.nc;./MPI-ESM1-2-LR/historical/tas_Amon_MPI-ESM1-2-LR_historical_r10i1p1f1_gn_193001-194912.nc;./MPI-ESM1-2-LR/historical/tas_Amon_MPI-ESM1-2-LR_historical_r10i1p1f1_gn_195001-196912.nc;./MPI-ESM1-2-LR/historical/tas_Amon_MPI-ESM1-2-LR_historical_r10i1p1f1_gn_197001-198912.nc;./MPI-ESM1-2-LR/historical/tas_Amon_MPI-ESM1-2-LR_historical_r10i1p1f1_gn_199001-200912.nc;./MPI-ESM1-2-LR/historical/tas_Amon_MPI-ESM1-2-LR_historical_r10i1p1f1_gn_201001-201412.nc,Amon;Amon;Amon;Amon;Amon;Amon;Amon;Amon;Amon,gn;gn;gn;gn;gn;gn;gn;gn;gn,185001-186912;187001-188912;189001-190912;191001-192912;193001-194912;195001-196912;197001-198912;199001-200912;201001-201412,,,,,,,,,,,,
MPI-ESM1-2-LR,historical,r11i1p1f1,ambiguous,rsdt;rlut;rsut,tas,./MPI-ESM1-2-LR/historical/tas_Amon_MPI-ESM1-2-LR_historical_r11i1p1f1_gn_185001-186912.nc;./MPI-ESM1-2-LR/historical/tas_Amon_MPI-ESM1-2-LR_historical_r11i1p1f1_gn_187001-188912.nc;./MPI-ESM1-2-LR/historical/tas_Amon_MPI-ESM1-2-LR_historical_r11i1p1f1_gn_189001-190912.nc;./MPI-ESM1-2-LR/historical/tas_Amon_MPI-ESM1-2-LR_historical_r11i1p1f1_gn_191001-192912.nc;./MPI-ESM1-2-LR/historical/tas_Amon_MPI-ESM1-2-LR_historical_r11i1p1f1_gn_193001-194912.nc;./MPI-ESM1-2-LR/historical/tas_Amon_MPI-ESM1-2-LR_historical_r11i1p1f1_gn_195001-196912.nc;./MPI-ESM1-2-LR/historical/tas_Amon_MPI-ESM1-2-LR_historical_r11i1p1f1_gn_197001-198912.nc;./MPI-ESM1-2-LR/historical/tas_Amon_MPI-ESM1-2-LR_historical_r11i1p1f1_gn_199001-200912.nc;./MPI-ESM1-2-LR/historical/tas_Amon_MPI-ESM1-2-LR_historical_r11i1p1f1_gn_201001-201412.nc,Amon;Amon;Amon;Amon;Amon;Amon;Amon;Amon;Amon,gn;gn;gn;gn;gn;gn;gn;gn;gn,185001-186912;187001-188912;189001-190912;191001-192912;193001-194912;195001-196912;197001-198912;199001-200912;201001-201412,,,,,,,,,,,,
MPI-ESM1-2-LR,historical,r12i1p1f1,ambiguous,rsdt;rlut;rsut,tas,./MPI-ESM1-2-LR/historical/tas_Amon_MPI-ESM1-2-LR_historical_r12i1p1f1_gn_185001-186912.nc;./MPI-ESM1-2-LR/historical/tas_Amon_MPI-ESM1-2-LR_historical_r12i1p1f1_gn_187001-188912.nc;./MPI-ESM1-2-LR/historical/tas_Amon_MPI-ESM1-2-LR_historical_r12i1p1f1_gn_189001-190912.nc;./MPI-ESM1-2-LR/historical/tas_Amon_MPI-ESM1-2-LR_historical_r12i1p1f1_gn_191001-192912.nc;./MPI-ESM1-2-LR/historical/tas_Amon_MPI-ESM1-2-LR_historical_r12i1p1f1_gn_193001-194912.nc;./MPI-ESM1-2-LR/historical/tas_Amon_MPI-ESM1-2-LR_historical_r12i1p1f1_gn_195001-196912.nc;./MPI-ESM1-2-LR/historical/tas_Amon_MPI-ESM1-2-LR_historical_r12i1p1f1_gn_197001-198912.nc;./MPI-ESM1-2-LR/historical/tas_Amon_MPI-ESM1-2-LR_historical_r12i1p1f1_gn_199001-200912.nc;./MPI-ESM1-2-LR/historical/tas_Amon_MPI-ESM1-2-LR_historical_r12i1p1f1_gn_201001-201412.nc,Amon;Amon;Amon;Amon;Amon;Amon;Amon;Amon;Amon,gn;gn;gn;gn;gn;gn;gn;gn;gn,185001-186912;187001-188912;189001-190912;191001-192912;193001-194912;195001-196912;197001-198912;199001-200912;201001-201412,,,,,,,,,,,,
MPI-ESM1-2-LR,historical,r13i1p1f1,ambiguous,rsdt;rlut;rsut,tas,./MPI-ESM1-2-LR/historical/tas_Amon_MPI-ESM1-2-LR_historical_r13i1p1f1_gn_185001-186912.nc;./MPI-ESM1-2-LR/historical/tas_Amon_MPI-ESM1-2-LR_historical_r13i1p1f1_gn_187001-188912.nc;./MPI-ESM1-2-LR/historical/tas_Amon_MPI-ESM1-2-LR_historical_r13i1p1f1_gn_189001-190912.nc;./MPI-ESM1-2-LR/historical/tas_Amon_MPI-ESM1-2-LR_historical_r13i1p1f1_gn_191001-192912.nc;./MPI-ESM1-2-LR/historical/tas_Amon_MPI-ESM1-2-LR_historical_r13i1p1f1_gn_193001-194912.nc;./MPI-ESM1-2-LR/historical/tas_Amon_MPI-ESM1-2-LR_historical_r13i1p1f1_gn_195001-196912.nc;./MPI-ESM1-2-LR/historical/tas_Amon_MPI-ESM1-2-LR_historical_r13i1p1f1_gn_197001-198912.nc;./MPI-ESM1-2-LR/historical/tas_Amon_MPI-ESM1-2-LR_historical_r13i1p1f1_gn_199001-200912.nc;./MPI-ESM1-2-LR/historical/tas_Amon_MPI-ESM1-2-LR_historical_r13i1p1f1_gn_201001-201412.nc,Amon;Amon;Amon;Amon;Amon;Amon;Amon;Amon;Amon,gn;gn;gn;gn;gn;gn;gn;gn;gn,185001-186912;187001-188912;189001-190912;191001-192912;193001-194912;195001-196912;197001-198912;199001-200912;201001-201412,,,,,,,,,,,,
MPI-ESM1-2-LR,historical,r14i1p1f1,ambiguous,rsdt;rlut;rsut,tas,./MPI-ESM1-2-LR/historical/tas_Amon_MPI-ESM1-2-LR_historical_r14i1p1f1_gn_185001-186912.nc;./MPI-ESM1-2-LR/historical/tas_Amon_MPI-ESM1-2-LR_historical_r14i1p1f1_gn_187001-188912.nc;./MPI-ESM1-2-LR/historical/tas_Amon_MPI-ESM1-2-LR_historical_r14i1p1f1_gn_189001-190912.nc;./MPI-ESM1-2-LR/historical/tas_Amon_MPI-ESM1-2-LR_historical_r14i1p1f1_gn_191001-192912.nc;./MPI-ESM1-2-LR/historical/tas_Amon_MPI-ESM1-2-LR_historical_r14i1p1f1_gn_193001-194912.nc;./MPI-ESM1-2-LR/historical/tas_Amon_MPI-ESM1-2-LR_historical_r14i1p1f1_gn_195001-196912.nc;./MPI-ESM1-2-LR/historical/tas_Amon_MPI-ESM1-2-LR_historical_r14i1p1f1_gn_197001-198912.nc;./MPI-ESM1-2-LR/historical/tas_Amon_MPI-ESM1-2-LR_historical_r14i1p1f1_gn_199001-200912.nc;./MPI-ESM1-2-LR/historical/tas_Amon_MPI-ESM1-2-LR_historical_r14i1p1f1_gn_201001-201412.nc,Amon;Amon;Amon;Amon;Amon;Amon;Amon;Amon;Amon,gn;gn;gn;gn;gn;gn;gn;gn;gn,185001-186912;187001-188912;189001-190912;191001-192912;193001-194912;195001-196912;197001-198912;199001-200912;201001-201412,,,,,,,,,,,,
MPI-ESM1-2-LR,historical,r15i1p1f1,ambiguous,rsdt;rlut;rsut,tas,./MPI-ESM1-2-LR/historical/tas_Amon_MPI-ESM1-2-LR_historical_r15i1p1f1_gn_185001-186912.nc;./MPI-ESM1-2-LR/historical/tas_Amon_MPI-ESM1-2-LR_historical_r15i1p1f1_gn_187001-188912.nc;./MPI-ESM1-2-LR/historical/tas_Amon_MPI-ESM1-2-LR_historical_r15i1p1f1_gn_189001-190912.nc;./MPI-ESM1-2-LR/historical/tas_Amon_MPI-ESM1-2-LR_historical_r15i1p1f1_gn_191001-192912.nc;./MPI-ESM1-2-LR/historical/tas_Amon_MPI-ESM1-2-LR_historical_r15i1p1f1_gn_193001-194912.nc;./MPI-ESM1-2-LR/historical/tas_Amon_MPI-ESM1-2-LR_historical_r15i1p1f1_gn_195001-196912.nc;./MPI-ESM1-2-LR/historical/tas_Amon_MPI-ESM1-2-LR_historical_r15i1p1f1_gn_197001-198912.nc;./MPI-ESM1-2-LR/historical/tas_Amon_MPI-ESM1-2-LR_historical_r15i1p1f1_gn_199001-200912.nc;./MPI-ESM1-2-LR/historical/tas_Amon_MPI-ESM1-2-LR_historical_r15i1p1f1_gn_201001-201412.nc,Amon;Amon;Amon;Amon;Amon;Amon;Amon;Amon;Amon,gn;gn;gn;gn;gn;gn;gn;gn;gn,185001-186912;187001-188912;189001-190912;191001-192912;193001-194912;195001-196912;197001-198912;199001-200912;201001-201412,,,,,,,,,,,,
MPI-ESM1-2-LR,historical,r16i1p1f1,ambiguous,rsdt;rlut;rsut,tas,./MPI-ESM1-2-LR/historical/tas_Amon_MPI-ESM1-2-LR_historical_r16i1p1f1_gn_185001-186912.nc;./MPI-ESM1-2-LR/historical/tas_Amon_MPI-ESM1-2-LR_historical_r16i1p1f1_gn_187001-188912.nc;./MPI-ESM1-2-LR/historical/tas_Amon_MPI-ESM1-2-LR_historical_r16i1p1f1_gn_189001-190912.nc;./MPI-ESM1-2-LR/historical/tas_Amon_MPI-ESM1-2-LR_historical_r16i1p1f1_gn_191001-192912.nc;./MPI-ESM1-2-LR/historical/tas_Amon_MPI-ESM1-2-LR_historical_r16i1p1f1_gn_193001-194912.nc;./MPI-ESM1-2-LR/historical/tas_Amon_MPI-ESM1-2-LR_historical_r16i1p1f1_gn_195001-196912.nc;./MPI-ESM1-2-LR/historical/tas_Amon_MPI-ESM1-2-LR_historical_r16i1p1f1_gn_197001-198912.nc;./MPI-ESM1-2-LR/historical/tas_Amon_MPI-ESM1-2-LR_historical_r16i1p1f1_gn_199001-200912.nc;./MPI-ESM1-2-LR/historical/tas_Amon_MPI-ESM1-2-LR_historical_r16i1p1f1_gn_201001-201412.nc,Amon;Amon;Amon;Amon;Amon;Amon;Amon;Amon;Amon,gn;gn;gn;gn;gn;gn;gn;gn;gn,185001-186912;187001-188912;189001-190912;191001-192912;193001-194912;195001-196912;197001-198912;199001-200912;201001-201412,,,,,,,,,,,,
MPI-ESM1-2-LR,historical,r17i1p1f1,ambiguous,rsdt;rlut;rsut,tas,./MPI-ESM1-2-LR/historical/tas_Amon_MPI-ESM1-2-LR_historical_r17i1p1f1_gn_185001-186912.nc;./MPI-ESM1-2-LR/historical/tas_Amon_MPI-ESM1-2-LR_historical_r17i1p1f1_gn_187001-188912.nc;./MPI-ESM1-2-LR/historical/tas_Amon_MPI-ESM1-2-LR_historical_r17i1p1f1_gn_189001-190912.nc;./MPI-ESM1-2-LR/historical/tas_Amon_MPI-ESM1-2-LR_historical_r17i1p1f1_gn_191001-192912.nc;./MPI-ESM1-2-LR/historical/tas_Amon_MPI-ESM1-2-LR_historical_r17i1p1f1_gn_193001-194912.nc;./MPI-ESM1-2-LR/historical/tas_Amon_MPI-ESM1-2-LR_historical_r17i1p1f1_gn_195001-196912.nc;./MPI-ESM1-2-LR/historical/tas_Amon_MPI-ESM1-2-LR_historical_r17i1p1f1_gn_197001-198912.nc;./MPI-ESM1-2-LR/historical/tas_Amon_MPI-ESM1-2-LR_historical_r17i1p1f1_gn_199001-200912.nc;./MPI-ESM1-2-LR/historical/tas_Amon_MPI-ESM1-2-LR_historical_r17i1p1f1_gn_201001-201412.nc,Amon;Amon;Amon;Amon;Amon;Amon;Amon;Amon;Amon,gn;gn;gn;gn;gn;gn;gn;gn;gn,185001-186912;187001-188912;189001-190912;191001-192912;193001-194912;195001-196912;197001-198912;199001-200912;201001-201412,,,,,,,,,,,,
MPI-ESM1-2-LR,historical,r18i1p1f1,ambiguous,rsdt;rlut;rsut,tas,./MPI-ESM1-2-LR/historical/tas_Amon_MPI-ESM1-2-LR_historical_r18i1p1f1_gn_185001-186912.nc;./MPI-ESM1-2-LR/historical/tas_Amon_MPI-ESM1-2-LR_historical_r18i1p1f1_gn_187001-188912.nc;./MPI-ESM1-2-LR/historical/tas_Amon_MPI-ESM1-2-LR_historical_r18i1p1f1_gn_189001-190912.nc;./MPI-ESM1-2-LR/historical/tas_Amon_MPI-ESM1-2-LR_historical_r18i1p1f1_gn_191001-192912.nc;./MPI-ESM1-2-LR/historical/tas_Amon_MPI-ESM1-2-LR_historical_r18i1p1f1_gn_193001-194912.nc;./MPI-ESM1-2-LR/historical/tas_Amon_MPI-ESM1-2-LR_historical_r18i1p1f1_gn_195001-196912.nc;./MPI-ESM1-2-LR/historical/tas_Amon_MPI-ESM1-2-LR_historical_r18i1p1f1_gn_197001-198912.nc;./MPI-ESM1-2-LR/historical/tas_Amon_MPI-ESM1-2-LR_historical_r18i1p1f1_gn_199001-200912.nc;./MPI-ESM1-2-LR/historical/tas_Amon_MPI-ESM1-2-LR_historical_r18i1p1f1_gn_201001-201412.nc,Amon;Amon;Amon;Amon;Amon;Amon;Amon;Amon;Amon,gn;gn;gn;gn;gn;gn;gn;gn;gn,185001-186912;187001-188912;189001-190912;191001-192912;193001-194912;195001-196912;197001-198912;199001-200912;201001-201412,,,,,,,,,,,,
MPI-ESM1-2-LR,historical,r19i1p1f1,ambiguous,rsdt;rlut;rsut,tas,./MPI-ESM1-2-LR/historical/tas_Amon_MPI-ESM1-2-LR_historical_r19i1p1f1_gn_185001-186912.nc;./MPI-ESM1-2-LR/historical/tas_Amon_MPI-ESM1-2-LR_historical_r19i1p1f1_gn_187001-188912.nc;./MPI-ESM1-2-LR/historical/tas_Amon_MPI-ESM1-2-LR_historical_r19i1p1f1_gn_189001-190912.nc;./MPI-ESM1-2-LR/historical/tas_Amon_MPI-ESM1-2-LR_historical_r19i1p1f1_gn_191001-192912.nc;./MPI-ESM1-2-LR/historical/tas_Amon_MPI-ESM1-2-LR_historical_r19i1p1f1_gn_193001-194912.nc;./MPI-ESM1-2-LR/historical/tas_Amon_MPI-ESM1-2-LR_historical_r19i1p1f1_gn_195001-196912.nc;./MPI-ESM1-2-LR/historical/tas_Amon_MPI-ESM1-2-LR_historical_r19i1p1f1_gn_197001-198912.nc;./MPI-ESM1-2-LR/historical/tas_Amon_MPI-ESM1-2-LR_historical_r19i1p1f1_gn_199001-200912.nc;./MPI-ESM1-2-LR/historical/tas_Amon_MPI-ESM1-2-LR_historical_r19i1p1f1_gn_201001-201412.nc,Amon;Amon;Amon;Amon;Amon;Amon;Amon;Amon;Amon,gn;gn;gn;gn;gn;gn;gn;gn;gn,185001-186912;187001-188912;189001-190912;191001-192912;193001-194912;195001-196912;197001-198912;199001-200912;201001-201412,,,,,,,,,,,,
MPI-ESM1-2-LR,historical,r1i1p1f1,ambiguous,rsdt;rlut;rsut,tas,./MPI-ESM1-2-LR/historical/tas_Amon_MPI-ESM1-2-LR_historical_r1i1p1f1_gn_185001-186912.nc;./MPI-ESM1-2-LR/historical/tas_Amon_MPI-ESM1-2-LR_historical_r1i1p1f1_gn_187001-188912.nc;./MPI-ESM1-2-LR/historical/tas_Amon_MPI-ESM1-2-LR_historical_r1i1p1f1_gn_189001-190912.nc;./MPI-ESM1-2-LR/historical/tas_Amon_MPI-ESM1-2-LR_historical_r1i1p1f1_gn_191001-192912.nc;./MPI-ESM1-2-LR/historical/tas_Amon_MPI-ESM1-2-LR_historical_r1i1p1f1_gn_193001-194912.nc;./MPI-ESM1-2-LR/historical/tas_Amon_MPI-ESM1-2-LR_historical_r1i1p1f1_gn_195001-196912.nc;./MPI-ESM1-2-LR/historical/tas_Amon_MPI-ESM1-2-LR_historical_r1i1p1f1_gn_197001-198912.nc;./MPI-ESM1-2-LR/historical/tas_Amon_MPI-ESM1-2-LR_historical_r1i1p1f1_gn_199001-200912.nc;./MPI-ESM1-2-LR/historical/tas_Amon_MPI-ESM1-2-LR_historical_r1i1p1f1_gn_201001-201412.nc,Amon;Amon;Amon;Amon;Amon;Amon;Amon;Amon;Amon,gn;gn;gn;gn;gn;gn;gn;gn;gn,185001-186912;187001-188912;189001-190912;191001-192912;193001-194912;195001-196912;197001-198912;199001-200912;201001-201412,,,,,,,,,,,,
MPI-ESM1-2-LR,historical,r20i1p1f1,ambiguous,rsdt;rlut;rsut,tas,./MPI-ESM1-2-LR/historical/tas_Amon_MPI-ESM1-2-LR_historical_r20i1p1f1_gn_185001-186912.nc;./MPI-ESM1-2-LR/historical/tas_Amon_MPI-ESM1-2-LR_historical_r20i1p1f1_gn_187001-188912.nc;./MPI-ESM1-2-LR/historical/tas_Amon_MPI-ESM1-2-LR_historical_r20i1p1f1_gn_189001-190912.nc;./MPI-ESM1-2-LR/historical/tas_Amon_MPI-ESM1-2-LR_historical_r20i1p1f1_gn_191001-192912.nc;./MPI-ESM1-2-LR/historical/tas_Amon_MPI-ESM1-2-LR_historical_r20i1p1f1_gn_193001-194912.nc;./MPI-ESM1-2-LR/historical/tas_Amon_MPI-ESM1-2-LR_historical_r20i1p1f1_gn_195001-196912.nc;./MPI-ESM1-2-LR/historical/tas_Amon_MPI-ESM1-2-LR_historical_r20i1p1f1_gn_197001-198912.nc;./MPI-ESM1-2-LR/historical/tas_Amon_MPI-ESM1-2-LR_historical_r20i1p1f1_gn_199001-200912.nc;./MPI-ESM1-2-LR/historical/tas_Amon_MPI-ESM1-2-LR_historical_r20i1p1f1_gn_201001-201412.nc,Amon;Amon;Amon;Amon;Amon;Amon;Amon;Amon;Amon,gn;gn;gn;gn;gn;gn;gn;gn;gn,185001-186912;187001-188912;189001-190912;191001-192912;193001-194912;195001-196912;197001-198912;199001-200912;201001-201412,,,,,,,,,,,,
MPI-ESM1-2-LR,historical,r21i1p1f1,ambiguous,rsdt;rlut;rsut,tas,./MPI-ESM1-2-LR/historical/tas_Amon_MPI-ESM1-2-LR_historical_r21i1p1f1_gn_185001-186912.nc;./MPI-ESM1-2-LR/historical/tas_Amon_MPI-ESM1-2-LR_historical_r21i1p1f1_gn_187001-188912.nc;./MPI-ESM1-2-LR/historical/tas_Amon_MPI-ESM1-2-LR_historical_r21i1p1f1_gn_189001-190912.nc;./MPI-ESM1-2-LR/historical/tas_Amon_MPI-ESM1-2-LR_historical_r21i1p1f1_gn_191001-192912.nc;./MPI-ESM1-2-LR/historical/tas_Amon_MPI-ESM1-2-LR_historical_r21i1p1f1_gn_193001-194912.nc;./MPI-ESM1-2-LR/historical/tas_Amon_MPI-ESM1-2-LR_historical_r21i1p1f1_gn_195001-196912.nc;./MPI-ESM1-2-LR/historical/tas_Amon_MPI-ESM1-2-LR_historical_r21i1p1f1_gn_197001-198912.nc;./MPI-ESM1-2-LR/historical/tas_Amon_MPI-ESM1-2-LR_historical_r21i1p1f1_gn_199001-200912.nc;./MPI-ESM1-2-LR/historical/tas_Amon_MPI-ESM1-2-LR_historical_r21i1p1f1_gn_201001-201412.nc,Amon;Amon;Amon;Amon;Amon;Amon;Amon;Amon;Amon,gn;gn;gn;gn;gn;gn;gn;gn;gn,185001-186912;187001-188912;189001-190912;191001-192912;193001-194912;195001-196912;197001-198912;199001-200912;201001-201412,,,,,,,,,,,,
MPI-ESM1-2-LR,historical,r22i1p1f1,ambiguous,rsdt;rlut;rsut,tas,./MPI-ESM1-2-LR/historical/tas_Amon_MPI-ESM1-2-LR_historical_r22i1p1f1_gn_185001-186912.nc;./MPI-ESM1-2-LR/historical/tas_Amon_MPI-ESM1-2-LR_historical_r22i1p1f1_gn_187001-188912.nc;./MPI-ESM1-2-LR/historical/tas_Amon_MPI-ESM1-2-LR_historical_r22i1p1f1_gn_189001-190912.nc;./MPI-ESM1-2-LR/historical/tas_Amon_MPI-ESM1-2-LR_historical_r22i1p1f1_gn_191001-192912.nc;./MPI-ESM1-2-LR/historical/tas_Amon_MPI-ESM1-2-LR_historical_r22i1p1f1_gn_193001-194912.nc;./MPI-ESM1-2-LR/historical/tas_Amon_MPI-ESM1-2-LR_historical_r22i1p1f1_gn_195001-196912.nc;./MPI-ESM1-2-LR/historical/tas_Amon_MPI-ESM1-2-LR_historical_r22i1p1f1_gn_197001-198912.nc;./MPI-ESM1-2-LR/historical/tas_Amon_MPI-ESM1-2-LR_historical_r22i1p1f1_gn_199001-200912.nc;./MPI-ESM1-2-LR/historical/tas_Amon_MPI-ESM1-2-LR_historical_r22i1p1f1_gn_201001-201412.nc,Amon;Amon;Amon;Amon;Amon;Amon;Amon;Amon;Amon,gn;gn;gn;gn;gn;gn;gn;gn;gn,185001-186912;187001-188912;189001-190912;191001-192912;193001-194912;195001-196912;197001-198912;199001-200912;201001-201412,,,,,,,,,,,,
MPI-ESM1-2-LR,historical,r23i1p1f1,ambiguous,rsdt;rlut;rsut,tas,./MPI-ESM1-2-LR/historical/tas_Amon_MPI-ESM1-2-LR_historical_r23i1p1f1_gn_185001-186912.nc;./MPI-ESM1-2-LR/historical/tas_Amon_MPI-ESM1-2-LR_historical_r23i1p1f1_gn_187001-188912.nc;./MPI-ESM1-2-LR/historical/tas_Amon_MPI-ESM1-2-LR_historical_r23i1p1f1_gn_189001-190912.nc;./MPI-ESM1-2-LR/historical/tas_Amon_MPI-ESM1-2-LR_historical_r23i1p1f1_gn_191001-192912.nc;./MPI-ESM1-2-LR/historical/tas_Amon_MPI-ESM1-2-LR_historical_r23i1p1f1_gn_193001-194912.nc;./MPI-ESM1-2-LR/historical/tas_Amon_MPI-ESM1-2-LR_historical_r23i1p1f1_gn_195001-196912.nc;./MPI-ESM1-2-LR/historical/tas_Amon_MPI-ESM1-2-LR_historical_r23i1p1f1_gn_197001-198912.nc;./MPI-ESM1-2-LR/historical/tas_Amon_MPI-ESM1-2-LR_historical_r23i1p1f1_gn_199001-200912.nc;./MPI-ESM1-2-LR/historical/tas_Amon_MPI-ESM1-2-LR_historical_r23i1p1f1_gn_201001-201412.nc,Amon;Amon;Amon;Amon;Amon;Amon;Amon;Amon;Amon,gn;gn;gn;gn;gn;gn;gn;gn;gn,185001-186912;187001-188912;189001-190912;191001-192912;193001-194912;195001-196912;197001-198912;199001-200912;201001-201412,,,,,,,,,,,,
MPI-ESM1-2-LR,historical,r24i1p1f1,ambiguous,rsdt;rlut;rsut,tas,./MPI-ESM1-2-LR/historical/tas_Amon_MPI-ESM1-2-LR_historical_r24i1p1f1_gn_185001-186912.nc;./MPI-ESM1-2-LR/historical/tas_Amon_MPI-ESM1-2-LR_historical_r24i1p1f1_gn_187001-188912.nc;./MPI-ESM1-2-LR/historical/tas_Amon_MPI-ESM1-2-LR_historical_r24i1p1f1_gn_189001-190912.nc;./MPI-ESM1-2-LR/historical/tas_Amon_MPI-ESM1-2-LR_historical_r24i1p1f1_gn_191001-192912.nc;./MPI-ESM1-2-LR/historical/tas_Amon_MPI-ESM1-2-LR_historical_r24i1p1f1_gn_193001-194912.nc;./MPI-ESM1-2-LR/historical/tas_Amon_MPI-ESM1-2-LR_historical_r24i1p1f1_gn_195001-196912.nc;./MPI-ESM1-2-LR/historical/tas_Amon_MPI-ESM1-2-LR_historical_r24i1p1f1_gn_197001-198912.nc;./MPI-ESM1-2-LR/historical/tas_Amon_MPI-ESM1-2-LR_historical_r24i1p1f1_gn_199001-200912.nc;./MPI-ESM1-2-LR/historical/tas_Amon_MPI-ESM1-2-LR_historical_r24i1p1f1_gn_201001-201412.nc,Amon;Amon;Amon;Amon;Amon;Amon;Amon;Amon;Amon,gn;gn;gn;gn;gn;gn;gn;gn;gn,185001-186912;187001-188912;189001-190912;191001-192912;193001-194912;195001-196912;197001-198912;199001-200912;201001-201412,,,,,,,,,,,,
MPI-ESM1-2-LR,historical,r25i1p1f1,ambiguous,rsdt;rlut;rsut,tas,./MPI-ESM1-2-LR/historical/tas_Amon_MPI-ESM1-2-LR_historical_r25i1p1f1_gn_185001-186912.nc;./MPI-ESM1-2-LR/historical/tas_Amon_MPI-ESM1-2-LR_historical_r25i1p1f1_gn_187001-188912.nc;./MPI-ESM1-2-LR/historical/tas_Amon_MPI-ESM1-2-LR_historical_r25i1p1f1_gn_189001-190912.nc;./MPI-ESM1-2-LR/historical/tas_Amon_MPI-ESM1-2-LR_historical_r25i1p1f1_gn_191001-192912.nc;./MPI-ESM1-2-LR/historical/tas_Amon_MPI-ESM1-2-LR_historical_r25i1p1f1_gn_193001-194912.nc;./MPI-ESM1-2-LR/historical/tas_Amon_MPI-ESM1-2-LR_historical_r25i1p1f1_gn_195001-196912.nc;./MPI-ESM1-2-LR/historical/tas_Amon_MPI-ESM1-2-LR_historical_r25i1p1f1_gn_197001-198912.nc;./MPI-ESM1-2-LR/historical/tas_Amon_MPI-ESM1-2-LR_historical_r25i1p1f1_gn_199001-200912.nc;./MPI-ESM1-2-LR/historical/tas_Amon_MPI-ESM1-2-LR_historical_r25i1p1f1_gn_201001-201412.nc,Amon;Amon;Amon;Amon;Amon;Amon;Amon;Amon;Amon,gn;gn;gn;gn;gn;gn;gn;gn;gn,185001-186912;187001-188912;189001-190912;191001-192912;193001-194912;195001-196912;197001-198912;199001-200912;201001-201412,,,,,,,,,,,,
MPI-ESM1-2-LR,historical,r26i1p1f1,ambiguous,rsdt;rlut;rsut,tas,./MPI-ESM1-2-LR/historical/tas_Amon_MPI-ESM1-2-LR_historical_r26i1p1f1_gn_185001-186912.nc;./MPI-ESM1-2-LR/historical/tas_Amon_MPI-ESM1-2-LR_historical_r26i1p1f1_gn_187001-188912.nc;./MPI-ESM1-2-LR/historical/tas_Amon_MPI-ESM1-2-LR_historical_r26i1p1f1_gn_189001-190912.nc;./MPI-ESM1-2-LR/historical/tas_Amon_MPI-ESM1-2-LR_historical_r26i1p1f1_gn_191001-192912.nc;./MPI-ESM1-2-LR/historical/tas_Amon_MPI-ESM1-2-LR_historical_r26i1p1f1_gn_193001-194912.nc;./MPI-ESM1-2-LR/historical/tas_Amon_MPI-ESM1-2-LR_historical_r26i1p1f1_gn_195001-196912.nc;./MPI-ESM1-2-LR/historical/tas_Amon_MPI-ESM1-2-LR_historical_r26i1p1f1_gn_197001-198912.nc;./MPI-ESM1-2-LR/historical/tas_Amon_MPI-ESM1-2-LR_historical_r26i1p1f1_gn_199001-200912.nc;./MPI-ESM1-2-LR/historical/tas_Amon_MPI-ESM1-2-LR_historical_r26i1p1f1_gn_201001-201412.nc,Amon;Amon;Amon;Amon;Amon;Amon;Amon;Amon;Amon,gn;gn;gn;gn;gn;gn;gn;gn;gn,185001-186912;187001-188912;189001-190912;191001-192912;193001-194912;195001-196912;197001-198912;199001-200912;201001-201412,,,,,,,,,,,,
MPI-ESM1-2-LR,historical,r27i1p1f1,ambiguous,rsdt;rlut;rsut,tas,./MPI-ESM1-2-LR/historical/tas_Amon_MPI-ESM1-2-LR_historical_r27i1p1f1_gn_185001-186912.nc;./MPI-ESM1-2-LR/historical/tas_Amon_MPI-ESM1-2-LR_historical_r27i1p1f1_gn_187001-188912.nc;./MPI-ESM1-2-LR/historical/tas_Amon_MPI-ESM1-2-LR_historical_r27i1p1f1_gn_189001-190912.nc;./MPI-ESM1-2-LR/historical/tas_Amon_MPI-ESM1-2-LR_historical_r27i1p1f1_gn_191001-192912.nc;./MPI-ESM1-2-LR/historical/tas_Amon_MPI-ESM1-2-LR_historical_r27i1p1f1_gn_193001-194912.nc;./MPI-ESM1-2-LR/historical/tas_Amon_MPI-ESM1-2-LR_historical_r27i1p1f1_gn_195001-196912.nc;./MPI-ESM1-2-LR/historical/tas_Amon_MPI-ESM1-2-LR_historical_r27i1p1f1_gn_197001-198912.nc;./MPI-ESM1-2-LR/historical/tas_Amon_MPI-ESM1-2-LR_historical_r27i1p1f1_gn_199001-200912.nc;./MPI-ESM1-2-LR/historical/tas_Amon_MPI-ESM1-2-LR_historical_r27i1p1f1_gn_201001-201412.nc,Amon;Amon;Amon;Amon;Amon;Amon;Amon;Amon;Amon,gn;gn;gn;gn;gn;gn;gn;gn;gn,185001-186912;187001-188912;189001-190912;191001-192912;193001-194912;195001-196912;197001-198912;199001-200912;201001-201412,,,,,,,,,,,,
MPI-ESM1-2-LR,historical,r28i1p1f1,ambiguous,rsdt;rlut;rsut,tas,./MPI-ESM1-2-LR/historical/tas_Amon_MPI-ESM1-2-LR_historical_r28i1p1f1_gn_185001-186912.nc;./MPI-ESM1-2-LR/historical/tas_Amon_MPI-ESM1-2-LR_historical_r28i1p1f1_gn_187001-188912.nc;./MPI-ESM1-2-LR/historical/tas_Amon_MPI-ESM1-2-LR_historical_r28i1p1f1_gn_189001-190912.nc;./MPI-ESM1-2-LR/historical/tas_Amon_MPI-ESM1-2-LR_historical_r28i1p1f1_gn_191001-192912.nc;./MPI-ESM1-2-LR/historical/tas_Amon_MPI-ESM1-2-LR_historical_r28i1p1f1_gn_193001-194912.nc;./MPI-ESM1-2-LR/historical/tas_Amon_MPI-ESM1-2-LR_historical_r28i1p1f1_gn_195001-196912.nc;./MPI-ESM1-2-LR/historical/tas_Amon_MPI-ESM1-2-LR_historical_r28i1p1f1_gn_197001-198912.nc;./MPI-ESM1-2-LR/historical/tas_Amon_MPI-ESM1-2-LR_historical_r28i1p1f1_gn_199001-200912.nc;./MPI-ESM1-2-LR/historical/tas_Amon_MPI-ESM1-2-LR_historical_r28i1p1f1_gn_201001-201412.nc,Amon;Amon;Amon;Amon;Amon;Amon;Amon;Amon;Amon,gn;gn;gn;gn;gn;gn;gn;gn;gn,185001-186912;187001-188912;189001-190912;191001-192912;193001-194912;195001-196912;197001-198912;199001-200912;201001-201412,,,,,,,,,,,,
MPI-ESM1-2-LR,historical,r29i1p1f1,ambiguous,rsdt;rlut;rsut,tas,./MPI-ESM1-2-LR/historical/tas_Amon_MPI-ESM1-2-LR_historical_r29i1p1f1_gn_185001-186912.nc;./MPI-ESM1-2-LR/historical/tas_Amon_MPI-ESM1-2-LR_historical_r29i1p1f1_gn_187001-188912.nc;./MPI-ESM1-2-LR/historical/tas_Amon_MPI-ESM1-2-LR_historical_r29i1p1f1_gn_189001-190912.nc;./MPI-ESM1-2-LR/historical/tas_Amon_MPI-ESM1-2-LR_historical_r29i1p1f1_gn_191001-192912.nc;./MPI-ESM1-2-LR/historical/tas_Amon_MPI-ESM1-2-LR_historical_r29i1p1f1_gn_193001-194912.nc;./MPI-ESM1-2-LR/historical/tas_Amon_MPI-ESM1-2-LR_historical_r29i1p1f1_gn_195001-196912.nc;./MPI-ESM1-2-LR/historical/tas_Amon_MPI-ESM1-2-LR_historical_r29i1p1f1_gn_197001-198912.nc;./MPI-ESM1-2-LR/historical/tas_Amon_MPI-ESM1-2-LR_historical_r29i1p1f1_gn_199001-200912.nc;./MPI-ESM1-2-LR/historical/tas_Amon_MPI-ESM1-2-LR_historical_r29i1p1f1_gn_201001-201412.nc,Amon;Amon;Amon;Amon;Amon;Amon;Amon;Amon;Amon,gn;gn;gn;gn;gn;gn;gn;gn;gn,185001-186912;187001-188912;189001-190912;191001-192912;193001-194912;195001-196912;197001-198912;199001-200912;201001-201412,,,,,,,,,,,,
MPI-ESM1-2-LR,historical,r2i1p1f1,ambiguous,rsdt;rlut;rsut,tas,./MPI-ESM1-2-LR/historical/tas_Amon_MPI-ESM1-2-LR_historical_r2i1p1f1_gn_185001-186912.nc;./MPI-ESM1-2-LR/historical/tas_Amon_MPI-ESM1-2-LR_historical_r2i1p1f1_gn_187001-188912.nc;./MPI-ESM1-2-LR/historical/tas_Amon_MPI-ESM1-2-LR_historical_r2i1p1f1_gn_189001-190912.nc;./MPI-ESM1-2-LR/historical/tas_Amon_MPI-ESM1-2-LR_historical_r2i1p1f1_gn_191001-192912.nc;./MPI-ESM1-2-LR/historical/tas_Amon_MPI-ESM1-2-LR_historical_r2i1p1f1_gn_193001-194912.nc;./MPI-ESM1-2-LR/historical/tas_Amon_MPI-ESM1-2-LR_historical_r2i1p1f1_gn_195001-196912.nc;./MPI-ESM1-2-LR/historical/tas_Amon_MPI-ESM1-2-LR_historical_r2i1p1f1_gn_197001-198912.nc;./MPI-ESM1-2-LR/historical/tas_Amon_MPI-ESM1-2-LR_historical_r2i1p1f1_gn_199001-200912.nc;./MPI-ESM1-2-LR/historical/tas_Amon_MPI-ESM1-2-LR_historical_r2i1p1f1_gn_201001-201412.nc,Amon;Amon;Amon;Amon;Amon;Amon;Amon;Amon;Amon,gn;gn;gn;gn;gn;gn;gn;gn;gn,185001-186912;187001-188912;189001-190912;191001-192912;193001-194912;195001-196912;197001-198912;199001-200912;201001-201412,,,,,,,,,,,,
MPI-ESM1-2-LR,historical,r30i1p1f1,ambiguous,rsdt;rlut;rsut,tas,./MPI-ESM1-2-LR/historical/tas_Amon_MPI-ESM1-2-LR_historical_r30i1p1f1_gn_185001-186912.nc;./MPI-ESM1-2-LR/historical/tas_Amon_MPI-ESM1-2-LR_historical_r30i1p1f1_gn_187001-188912.nc;./MPI-ESM1-2-LR/historical/tas_Amon_MPI-ESM1-2-LR_historical_r30i1p1f1_gn_189001-190912.nc;./MPI-ESM1-2-LR/historical/tas_Amon_MPI-ESM1-2-LR_historical_r30i1p1f1_gn_191001-192912.nc;./MPI-ESM1-2-LR/historical/tas_Amon_MPI-ESM1-2-LR_historical_r30i1p1f1_gn_193001-194912.nc;./MPI-ESM1-2-LR/historical/tas_Amon_MPI-ESM1-2-LR_historical_r30i1p1f1_gn_195001-196912.nc;./MPI-ESM1-2-LR/historical/tas_Amon_MPI-ESM1-2-LR_historical_r30i1p1f1_gn_197001-198912.nc;./MPI-ESM1-2-LR/historical/tas_Amon_MPI-ESM1-2-LR_historical_r30i1p1f1_gn_199001-200912.nc;./MPI-ESM1-2-LR/historical/tas_Amon_MPI-ESM1-2-LR_historical_r30i1p1f1_gn_201001-201412.nc,Amon;Amon;Amon;Amon;Amon;Amon;Amon;Amon;Amon,gn;gn;gn;gn;gn;gn;gn;gn;gn,185001-186912;187001-188912;189001-190912;191001-192912;193001-194912;195001-196912;197001-198912;199001-200912;201001-201412,,,,,,,,,,,,
MPI-ESM1-2-LR,historical,r31i1p1f1,ambiguous,rsdt;rlut;rsut,tas,./MPI-ESM1-2-LR/historical/tas_Amon_MPI-ESM1-2-LR_historical_r31i1p1f1_gn_185001-186912.nc;./MPI-ESM1-2-LR/historical/tas_Amon_MPI-ESM1-2-LR_historical_r31i1p1f1_gn_187001-188912.nc;./MPI-ESM1-2-LR/historical/tas_Amon_MPI-ESM1-2-LR_historical_r31i1p1f1_gn_189001-190912.nc;./MPI-ESM1-2-LR/historical/tas_Amon_MPI-ESM1-2-LR_historical_r31i1p1f1_gn_191001-192912.nc;./MPI-ESM1-2-LR/historical/tas_Amon_MPI-ESM1-2-LR_historical_r31i1p1f1_gn_193001-194912.nc;./MPI-ESM1-2-LR/historical/tas_Amon_MPI-ESM1-2-LR_historical_r31i1p1f1_gn_195001-196912.nc;./MPI-ESM1-2-LR/historical/tas_Amon_MPI-ESM1-2-LR_historical_r31i1p1f1_gn_197001-198912.nc;./MPI-ESM1-2-LR/historical/tas_Amon_MPI-ESM1-2-LR_historical_r31i1p1f1_gn_199001-200912.nc;./MPI-ESM1-2-LR/historical/tas_Amon_MPI-ESM1-2-LR_historical_r31i1p1f1_gn_201001-201412.nc,Amon;Amon;Amon;Amon;Amon;Amon;Amon;Amon;Amon,gn;gn;gn;gn;gn;gn;gn;gn;gn,185001-186912;187001-188912;189001-190912;191001-192912;193001-194912;195001-196912;197001-198912;199001-200912;201001-201412,,,,,,,,,,,,
MPI-ESM1-2-LR,historical,r32i1p1f1,ambiguous,rsdt;rlut;rsut,tas,./MPI-ESM1-2-LR/historical/tas_Amon_MPI-ESM1-2-LR_historical_r32i1p1f1_gn_185001-186912.nc;./MPI-ESM1-2-LR/historical/tas_Amon_MPI-ESM1-2-LR_historical_r32i1p1f1_gn_187001-188912.nc;./MPI-ESM1-2-LR/historical/tas_Amon_MPI-ESM1-2-LR_historical_r32i1p1f1_gn_189001-190912.nc;./MPI-ESM1-2-LR/historical/tas_Amon_MPI-ESM1-2-LR_historical_r32i1p1f1_gn_191001-192912.nc;./MPI-ESM1-2-LR/historical/tas_Amon_MPI-ESM1-2-LR_historical_r32i1p1f1_gn_193001-194912.nc;./MPI-ESM1-2-LR/historical/tas_Amon_MPI-ESM1-2-LR_historical_r32i1p1f1_gn_195001-196912.nc;./MPI-ESM1-2-LR/historical/tas_Amon_MPI-ESM1-2-LR_historical_r32i1p1f1_gn_197001-198912.nc;./MPI-ESM1-2-LR/historical/tas_Amon_MPI-ESM1-2-LR_historical_r32i1p1f1_gn_199001-200912.nc;./MPI-ESM1-2-LR/historical/tas_Amon_MPI-ESM1-2-LR_historical_r32i1p1f1_gn_201001-201412.nc,Amon;Amon;Amon;Amon;Amon;Amon;Amon;Amon;Amon,gn;gn;gn;gn;gn;gn;gn;gn;gn,185001-186912;187001-188912;189001-190912;191001-192912;193001-194912;195001-196912;197001-198912;199001-200912;201001-201412,,,,,,,,,,,,
MPI-ESM1-2-LR,historical,r33i1p1f1,ambiguous,rsdt;rlut;rsut,tas,./MPI-ESM1-2-LR/historical/tas_Amon_MPI-ESM1-2-LR_historical_r33i1p1f1_gn_185001-186912.nc;./MPI-ESM1-2-LR/historical/tas_Amon_MPI-ESM1-2-LR_historical_r33i1p1f1_gn_187001-188912.nc;./MPI-ESM1-2-LR/historical/tas_Amon_MPI-ESM1-2-LR_historical_r33i1p1f1_gn_189001-190912.nc;./MPI-ESM1-2-LR/historical/tas_Amon_MPI-ESM1-2-LR_historical_r33i1p1f1_gn_191001-192912.nc;./MPI-ESM1-2-LR/historical/tas_Amon_MPI-ESM1-2-LR_historical_r33i1p1f1_gn_193001-194912.nc;./MPI-ESM1-2-LR/historical/tas_Amon_MPI-ESM1-2-LR_historical_r33i1p1f1_gn_195001-196912.nc;./MPI-ESM1-2-LR/historical/tas_Amon_MPI-ESM1-2-LR_historical_r33i1p1f1_gn_197001-198912.nc;./MPI-ESM1-2-LR/historical/tas_Amon_MPI-ESM1-2-LR_historical_r33i1p1f1_gn_199001-200912.nc;./MPI-ESM1-2-LR/historical/tas_Amon_MPI-ESM1-2-LR_historical_r33i1p1f1_gn_201001-201412.nc,Amon;Amon;Amon;Amon;Amon;Amon;Amon;Amon;Amon,gn;gn;gn;gn;gn;gn;gn;gn;gn,185001-186912;187001-188912;189001-190912;191001-192912;193001-194912;195001-196912;197001-198912;199001-200912;201001-201412,,,,,,,,,,,,
MPI-ESM1-2-LR,historical,r34i1p1f1,ambiguous,rsdt;rlut;rsut,tas,./MPI-ESM1-2-LR/historical/tas_Amon_MPI-ESM1-2-LR_historical_r34i1p1f1_gn_185001-186912.nc;./MPI-ESM1-2-LR/historical/tas_Amon_MPI-ESM1-2-LR_historical_r34i1p1f1_gn_187001-188912.nc;./MPI-ESM1-2-LR/historical/tas_Amon_MPI-ESM1-2-LR_historical_r34i1p1f1_gn_189001-190912.nc;./MPI-ESM1-2-LR/historical/tas_Amon_MPI-ESM1-2-LR_historical_r34i1p1f1_gn_191001-192912.nc;./MPI-ESM1-2-LR/historical/tas_Amon_MPI-ESM1-2-LR_historical_r34i1p1f1_gn_193001-194912.nc;./MPI-ESM1-2-LR/historical/tas_Amon_MPI-ESM1-2-LR_historical_r34i1p1f1_gn_195001-196912.nc;./MPI-ESM1-2-LR/historical/tas_Amon_MPI-ESM1-2-LR_historical_r34i1p1f1_gn_197001-198912.nc;./MPI-ESM1-2-LR/historical/tas_Amon_MPI-ESM1-2-LR_historical_r34i1p1f1_gn_199001-200912.nc;./MPI-ESM1-2-LR/historical/tas_Amon_MPI-ESM1-2-LR_historical_r34i1p1f1_gn_201001-201412.nc,Amon;Amon;Amon;Amon;Amon;Amon;Amon;Amon;Amon,gn;gn;gn;gn;gn;gn;gn;gn;gn,185001-186912;187001-188912;189001-190912;191001-192912;193001-194912;195001-196912;197001-198912;199001-200912;201001-201412,,,,,,,,,,,,
MPI-ESM1-2-LR,historical,r35i1p1f1,ambiguous,rsdt;rlut;rsut,tas,./MPI-ESM1-2-LR/historical/tas_Amon_MPI-ESM1-2-LR_historical_r35i1p1f1_gn_185001-186912.nc;./MPI-ESM1-2-LR/historical/tas_Amon_MPI-ESM1-2-LR_historical_r35i1p1f1_gn_187001-188912.nc;./MPI-ESM1-2-LR/historical/tas_Amon_MPI-ESM1-2-LR_historical_r35i1p1f1_gn_189001-190912.nc;./MPI-ESM1-2-LR/historical/tas_Amon_MPI-ESM1-2-LR_historical_r35i1p1f1_gn_191001-192912.nc;./MPI-ESM1-2-LR/historical/tas_Amon_MPI-ESM1-2-LR_historical_r35i1p1f1_gn_193001-194912.nc;./MPI-ESM1-2-LR/historical/tas_Amon_MPI-ESM1-2-LR_historical_r35i1p1f1_gn_195001-196912.nc;./MPI-ESM1-2-LR/historical/tas_Amon_MPI-ESM1-2-LR_historical_r35i1p1f1_gn_197001-198912.nc;./MPI-ESM1-2-LR/historical/tas_Amon_MPI-ESM1-2-LR_historical_r35i1p1f1_gn_199001-200912.nc;./MPI-ESM1-2-LR/historical/tas_Amon_MPI-ESM1-2-LR_historical_r35i1p1f1_gn_201001-201412.nc,Amon;Amon;Amon;Amon;Amon;Amon;Amon;Amon;Amon,gn;gn;gn;gn;gn;gn;gn;gn;gn,185001-186912;187001-188912;189001-190912;191001-192912;193001-194912;195001-196912;197001-198912;199001-200912;201001-201412,,,,,,,,,,,,
MPI-ESM1-2-LR,historical,r36i1p1f1,ambiguous,rsdt;rlut;rsut,tas,./MPI-ESM1-2-LR/historical/tas_Amon_MPI-ESM1-2-LR_historical_r36i1p1f1_gn_185001-186912.nc;./MPI-ESM1-2-LR/historical/tas_Amon_MPI-ESM1-2-LR_historical_r36i1p1f1_gn_187001-188912.nc;./MPI-ESM1-2-LR/historical/tas_Amon_MPI-ESM1-2-LR_historical_r36i1p1f1_gn_189001-190912.nc;./MPI-ESM1-2-LR/historical/tas_Amon_MPI-ESM1-2-LR_historical_r36i1p1f1_gn_191001-192912.nc;./MPI-ESM1-2-LR/historical/tas_Amon_MPI-ESM1-2-LR_historical_r36i1p1f1_gn_193001-194912.nc;./MPI-ESM1-2-LR/historical/tas_Amon_MPI-ESM1-2-LR_historical_r36i1p1f1_gn_195001-196912.nc;./MPI-ESM1-2-LR/historical/tas_Amon_MPI-ESM1-2-LR_historical_r36i1p1f1_gn_197001-198912.nc;./MPI-ESM1-2-LR/historical/tas_Amon_MPI-ESM1-2-LR_historical_r36i1p1f1_gn_199001-200912.nc;./MPI-ESM1-2-LR/historical/tas_Amon_MPI-ESM1-2-LR_historical_r36i1p1f1_gn_201001-201412.nc,Amon;Amon;Amon;Amon;Amon;Amon;Amon;Amon;Amon,gn;gn;gn;gn;gn;gn;gn;gn;gn,185001-186912;187001-188912;189001-190912;191001-192912;193001-194912;195001-196912;197001-198912;199001-200912;201001-201412,,,,,,,,,,,,
MPI-ESM1-2-LR,historical,r37i1p1f1,ambiguous,rsdt;rlut;rsut,tas,./MPI-ESM1-2-LR/historical/tas_Amon_MPI-ESM1-2-LR_historical_r37i1p1f1_gn_185001-186912.nc;./MPI-ESM1-2-LR/historical/tas_Amon_MPI-ESM1-2-LR_historical_r37i1p1f1_gn_187001-188912.nc;./MPI-ESM1-2-LR/historical/tas_Amon_MPI-ESM1-2-LR_historical_r37i1p1f1_gn_189001-190912.nc;./MPI-ESM1-2-LR/historical/tas_Amon_MPI-ESM1-2-LR_historical_r37i1p1f1_gn_191001-192912.nc;./MPI-ESM1-2-LR/historical/tas_Amon_MPI-ESM1-2-LR_historical_r37i1p1f1_gn_193001-194912.nc;./MPI-ESM1-2-LR/historical/tas_Amon_MPI-ESM1-2-LR_historical_r37i1p1f1_gn_195001-196912.nc;./MPI-ESM1-2-LR/historical/tas_Amon_MPI-ESM1-2-LR_historical_r37i1p1f1_gn_197001-198912.nc;./MPI-ESM1-2-LR/historical/tas_Amon_MPI-ESM1-2-LR_historical_r37i1p1f1_gn_199001-200912.nc;./MPI-ESM1-2-LR/historical/tas_Amon_MPI-ESM1-2-LR_historical_r37i1p1f1_gn_201001-201412.nc,Amon;Amon;Amon;Amon;Amon;Amon;Amon;Amon;Amon,gn;gn;gn;gn;gn;gn;gn;gn;gn,185001-186912;187001-188912;189001-190912;191001-192912;193001-194912;195001-196912;197001-198912;199001-200912;201001-201412,,,,,,,,,,,,
MPI-ESM1-2-LR,historical,r38i1p1f1,ambiguous,rsdt;rlut;rsut,tas,./MPI-ESM1-2-LR/historical/tas_Amon_MPI-ESM1-2-LR_historical_r38i1p1f1_gn_185001-186912.nc;./MPI-ESM1-2-LR/historical/tas_Amon_MPI-ESM1-2-LR_historical_r38i1p1f1_gn_187001-188912.nc;./MPI-ESM1-2-LR/historical/tas_Amon_MPI-ESM1-2-LR_historical_r38i1p1f1_gn_189001-190912.nc;./MPI-ESM1-2-LR/historical/tas_Amon_MPI-ESM1-2-LR_historical_r38i1p1f1_gn_191001-192912.nc;./MPI-ESM1-2-LR/historical/tas_Amon_MPI-ESM1-2-LR_historical_r38i1p1f1_gn_193001-194912.nc;./MPI-ESM1-2-LR/historical/tas_Amon_MPI-ESM1-2-LR_historical_r38i1p1f1_gn_195001-196912.nc;./MPI-ESM1-2-LR/historical/tas_Amon_MPI-ESM1-2-LR_historical_r38i1p1f1_gn_197001-198912.nc;./MPI-ESM1-2-LR/historical/tas_Amon_MPI-ESM1-2-LR_historical_r38i1p1f1_gn_199001-200912.nc;./MPI-ESM1-2-LR/historical/tas_Amon_MPI-ESM1-2-LR_historical_r38i1p1f1_gn_201001-201412.nc,Amon;Amon;Amon;Amon;Amon;Amon;Amon;Amon;Amon,gn;gn;gn;gn;gn;gn;gn;gn;gn,185001-186912;187001-188912;189001-190912;191001-192912;193001-194912;195001-196912;197001-198912;199001-200912;201001-201412,,,,,,,,,,,,
MPI-ESM1-2-LR,historical,r39i1p1f1,ambiguous,rsdt;rlut;rsut,tas,./MPI-ESM1-2-LR/historical/tas_Amon_MPI-ESM1-2-LR_historical_r39i1p1f1_gn_185001-186912.nc;./MPI-ESM1-2-LR/historical/tas_Amon_MPI-ESM1-2-LR_historical_r39i1p1f1_gn_187001-188912.nc;./MPI-ESM1-2-LR/historical/tas_Amon_MPI-ESM1-2-LR_historical_r39i1p1f1_gn_189001-190912.nc;./MPI-ESM1-2-LR/historical/tas_Amon_MPI-ESM1-2-LR_historical_r39i1p1f1_gn_191001-192912.nc;./MPI-ESM1-2-LR/historical/tas_Amon_MPI-ESM1-2-LR_historical_r39i1p1f1_gn_193001-194912.nc;./MPI-ESM1-2-LR/historical/tas_Amon_MPI-ESM1-2-LR_historical_r39i1p1f1_gn_195001-196912.nc;./MPI-ESM1-2-LR/historical/tas_Amon_MPI-ESM1-2-LR_historical_r39i1p1f1_gn_197001-198912.nc;./MPI-ESM1-2-LR/historical/tas_Amon_MPI-ESM1-2-LR_historical_r39i1p1f1_gn_199001-200912.nc;./MPI-ESM1-2-LR/historical/tas_Amon_MPI-ESM1-2-LR_historical_r39i1p1f1_gn_201001-201412.nc,Amon;Amon;Amon;Amon;Amon;Amon;Amon;Amon;Amon,gn;gn;gn;gn;gn;gn;gn;gn;gn,185001-186912;187001-188912;189001-190912;191001-192912;193001-194912;195001-196912;197001-198912;199001-200912;201001-201412,,,,,,,,,,,,
MPI-ESM1-2-LR,historical,r3i1p1f1,ambiguous,rsdt;rlut;rsut,tas,./MPI-ESM1-2-LR/historical/tas_Amon_MPI-ESM1-2-LR_historical_r3i1p1f1_gn_185001-186912.nc;./MPI-ESM1-2-LR/historical/tas_Amon_MPI-ESM1-2-LR_historical_r3i1p1f1_gn_187001-188912.nc;./MPI-ESM1-2-LR/historical/tas_Amon_MPI-ESM1-2-LR_historical_r3i1p1f1_gn_189001-190912.nc;./MPI-ESM1-2-LR/historical/tas_Amon_MPI-ESM1-2-LR_historical_r3i1p1f1_gn_191001-192912.nc;./MPI-ESM1-2-LR/historical/tas_Amon_MPI-ESM1-2-LR_historical_r3i1p1f1_gn_193001-194912.nc;./MPI-ESM1-2-LR/historical/tas_Amon_MPI-ESM1-2-LR_historical_r3i1p1f1_gn_195001-196912.nc;./MPI-ESM1-2-LR/historical/tas_Amon_MPI-ESM1-2-LR_historical_r3i1p1f1_gn_197001-198912.nc;./MPI-ESM1-2-LR/historical/tas_Amon_MPI-ESM1-2-LR_historical_r3i1p1f1_gn_199001-200912.nc;./MPI-ESM1-2-LR/historical/tas_Amon_MPI-ESM1-2-LR_historical_r3i1p1f1_gn_201001-201412.nc,Amon;Amon;Amon;Amon;Amon;Amon;Amon;Amon;Amon,gn;gn;gn;gn;gn;gn;gn;gn;gn,185001-186912;187001-188912;189001-190912;191001-192912;193001-194912;195001-196912;197001-198912;199001-200912;201001-201412,,,,,,,,,,,,
MPI-ESM1-2-LR,historical,r40i1p1f1,ambiguous,rsdt;rlut;rsut,tas,./MPI-ESM1-2-LR/historical/tas_Amon_MPI-ESM1-2-LR_historical_r40i1p1f1_gn_185001-186912.nc;./MPI-ESM1-2-LR/historical/tas_Amon_MPI-ESM1-2-LR_historical_r40i1p1f1_gn_187001-188912.nc;./MPI-ESM1-2-LR/historical/tas_Amon_MPI-ESM1-2-LR_historical_r40i1p1f1_gn_189001-190912.nc;./MPI-ESM1-2-LR/historical/tas_Amon_MPI-ESM1-2-LR_historical_r40i1p1f1_gn_191001-192912.nc;./MPI-ESM1-2-LR/historical/tas_Amon_MPI-ESM1-2-LR_historical_r40i1p1f1_gn_193001-194912.nc;./MPI-ESM1-2-LR/historical/tas_Amon_MPI-ESM1-2-LR_historical_r40i1p1f1_gn_195001-196912.nc;./MPI-ESM1-2-LR/historical/tas_Amon_MPI-ESM1-2-LR_historical_r40i1p1f1_gn_197001-198912.nc;./MPI-ESM1-2-LR/historical/tas_Amon_MPI-ESM1-2-LR_historical_r40i1p1f1_gn_199001-200912.nc;./MPI-ESM1-2-LR/historical/tas_Amon_MPI-ESM1-2-LR_historical_r40i1p1f1_gn_201001-201412.nc,Amon;Amon;Amon;Amon;Amon;Amon;Amon;Amon;Amon,gn;gn;gn;gn;gn;gn;gn;gn;gn,185001-186912;187001-188912;189001-190912;191001-192912;193001-194912;195001-196912;197001-198912;199001-200912;201001-201412,,,,,,,,,,,,
MPI-ESM1-2-LR,historical,r41i1p1f1,ambiguous,rsdt;rlut;rsut,tas,./MPI-ESM1-2-LR/historical/tas_Amon_MPI-ESM1-2-LR_historical_r41i1p1f1_gn_185001-186912.nc;./MPI-ESM1-2-LR/historical/tas_Amon_MPI-ESM1-2-LR_historical_r41i1p1f1_gn_187001-188912.nc;./MPI-ESM1-2-LR/historical/tas_Amon_MPI-ESM1-2-LR_historical_r41i1p1f1_gn_189001-190912.nc;./MPI-ESM1-2-LR/historical/tas_Amon_MPI-ESM1-2-LR_historical_r41i1p1f1_gn_191001-192912.nc;./MPI-ESM1-2-LR/historical/tas_Amon_MPI-ESM1-2-LR_historical_r41i1p1f1_gn_193001-194912.nc;./MPI-ESM1-2-LR/historical/tas_Amon_MPI-ESM1-2-LR_historical_r41i1p1f1_gn_195001-196912.nc;./MPI-ESM1-2-LR/historical/tas_Amon_MPI-ESM1-2-LR_historical_r41i1p1f1_gn_197001-198912.nc;./MPI-ESM1-2-LR/historical/tas_Amon_MPI-ESM1-2-LR_historical_r41i1p1f1_gn_199001-200912.nc;./MPI-ESM1-2-LR/historical/tas_Amon_MPI-ESM1-2-LR_historical_r41i1p1f1_gn_201001-201412.nc,Amon;Amon;Amon;Amon;Amon;Amon;Amon;Amon;Amon,gn;gn;gn;gn;gn;gn;gn;gn;gn,185001-186912;187001-188912;189001-190912;191001-192912;193001-194912;195001-196912;197001-198912;199001-200912;201001-201412,,,,,,,,,,,,
MPI-ESM1-2-LR,historical,r42i1p1f1,ambiguous,rsdt;rlut;rsut,tas,./MPI-ESM1-2-LR/historical/tas_Amon_MPI-ESM1-2-LR_historical_r42i1p1f1_gn_185001-186912.nc;./MPI-ESM1-2-LR/historical/tas_Amon_MPI-ESM1-2-LR_historical_r42i1p1f1_gn_187001-188912.nc;./MPI-ESM1-2-LR/historical/tas_Amon_MPI-ESM1-2-LR_historical_r42i1p1f1_gn_189001-190912.nc;./MPI-ESM1-2-LR/historical/tas_Amon_MPI-ESM1-2-LR_historical_r42i1p1f1_gn_191001-192912.nc;./MPI-ESM1-2-LR/historical/tas_Amon_MPI-ESM1-2-LR_historical_r42i1p1f1_gn_193001-194912.nc;./MPI-ESM1-2-LR/historical/tas_Amon_MPI-ESM1-2-LR_historical_r42i1p1f1_gn_195001-196912.nc;./MPI-ESM1-2-LR/historical/tas_Amon_MPI-ESM1-2-LR_historical_r42i1p1f1_gn_197001-198912.nc;./MPI-ESM1-2-LR/historical/tas_Amon_MPI-ESM1-2-LR_historical_r42i1p1f1_gn_199001-200912.nc;./MPI-ESM1-2-LR/historical/tas_Amon_MPI-ESM1-2-LR_historical_r42i1p1f1_gn_201001-201412.nc,Amon;Amon;Amon;Amon;Amon;Amon;Amon;Amon;Amon,gn;gn;gn;gn;gn;gn;gn;gn;gn,185001-186912;187001-188912;189001-190912;191001-192912;193001-194912;195001-196912;197001-198912;199001-200912;201001-201412,,,,,,,,,,,,
MPI-ESM1-2-LR,historical,r43i1p1f1,ambiguous,rsdt;rlut;rsut,tas,./MPI-ESM1-2-LR/historical/tas_Amon_MPI-ESM1-2-LR_historical_r43i1p1f1_gn_185001-186912.nc;./MPI-ESM1-2-LR/historical/tas_Amon_MPI-ESM1-2-LR_historical_r43i1p1f1_gn_187001-188912.nc;./MPI-ESM1-2-LR/historical/tas_Amon_MPI-ESM1-2-LR_historical_r43i1p1f1_gn_189001-190912.nc;./MPI-ESM1-2-LR/historical/tas_Amon_MPI-ESM1-2-LR_historical_r43i1p1f1_gn_191001-192912.nc;./MPI-ESM1-2-LR/historical/tas_Amon_MPI-ESM1-2-LR_historical_r43i1p1f1_gn_193001-194912.nc;./MPI-ESM1-2-LR/historical/tas_Amon_MPI-ESM1-2-LR_historical_r43i1p1f1_gn_195001-196912.nc;./MPI-ESM1-2-LR/historical/tas_Amon_MPI-ESM1-2-LR_historical_r43i1p1f1_gn_197001-198912.nc;./MPI-ESM1-2-LR/historical/tas_Amon_MPI-ESM1-2-LR_historical_r43i1p1f1_gn_199001-200912.nc;./MPI-ESM1-2-LR/historical/tas_Amon_MPI-ESM1-2-LR_historical_r43i1p1f1_gn_201001-201412.nc,Amon;Amon;Amon;Amon;Amon;Amon;Amon;Amon;Amon,gn;gn;gn;gn;gn;gn;gn;gn;gn,185001-186912;187001-188912;189001-190912;191001-192912;193001-194912;195001-196912;197001-198912;199001-200912;201001-201412,,,,,,,,,,,,
MPI-ESM1-2-LR,historical,r44i1p1f1,ambiguous,rsdt;rlut;rsut,tas,./MPI-ESM1-2-LR/historical/tas_Amon_MPI-ESM1-2-LR_historical_r44i1p1f1_gn_185001-186912.nc;./MPI-ESM1-2-LR/historical/tas_Amon_MPI-ESM1-2-LR_historical_r44i1p1f1_gn_187001-188912.nc;./MPI-ESM1-2-LR/historical/tas_Amon_MPI-ESM1-2-LR_historical_r44i1p1f1_gn_189001-190912.nc;./MPI-ESM1-2-LR/historical/tas_Amon_MPI-ESM1-2-LR_historical_r44i1p1f1_gn_191001-192912.nc;./MPI-ESM1-2-LR/historical/tas_Amon_MPI-ESM1-2-LR_historical_r44i1p1f1_gn_193001-194912.nc;./MPI-ESM1-2-LR/historical/tas_Amon_MPI-ESM1-2-LR_historical_r44i1p1f1_gn_195001-196912.nc;./MPI-ESM1-2-LR/historical/tas_Amon_MPI-ESM1-2-LR_historical_r44i1p1f1_gn_197001-198912.nc;./MPI-ESM1-2-LR/historical/tas_Amon_MPI-ESM1-2-LR_historical_r44i1p1f1_gn_199001-200912.nc;./MPI-ESM1-2-LR/historical/tas_Amon_MPI-ESM1-2-LR_historical_r44i1p1f1_gn_201001-201412.nc,Amon;Amon;Amon;Amon;Amon;Amon;Amon;Amon;Amon,gn;gn;gn;gn;gn;gn;gn;gn;gn,185001-186912;187001-188912;189001-190912;191001-192912;193001-194912;195001-196912;197001-198912;199001-200912;201001-201412,,,,,,,,,,,,
MPI-ESM1-2-LR,historical,r45i1p1f1,ambiguous,rsdt;rlut;rsut,tas,./MPI-ESM1-2-LR/historical/tas_Amon_MPI-ESM1-2-LR_historical_r45i1p1f1_gn_185001-186912.nc;./MPI-ESM1-2-LR/historical/tas_Amon_MPI-ESM1-2-LR_historical_r45i1p1f1_gn_187001-188912.nc;./MPI-ESM1-2-LR/historical/tas_Amon_MPI-ESM1-2-LR_historical_r45i1p1f1_gn_189001-190912.nc;./MPI-ESM1-2-LR/historical/tas_Amon_MPI-ESM1-2-LR_historical_r45i1p1f1_gn_191001-192912.nc;./MPI-ESM1-2-LR/historical/tas_Amon_MPI-ESM1-2-LR_historical_r45i1p1f1_gn_193001-194912.nc;./MPI-ESM1-2-LR/historical/tas_Amon_MPI-ESM1-2-LR_historical_r45i1p1f1_gn_195001-196912.nc;./MPI-ESM1-2-LR/historical/tas_Amon_MPI-ESM1-2-LR_historical_r45i1p1f1_gn_197001-198912.nc;./MPI-ESM1-2-LR/historical/tas_Amon_MPI-ESM1-2-LR_historical_r45i1p1f1_gn_199001-200912.nc;./MPI-ESM1-2-LR/historical/tas_Amon_MPI-ESM1-2-LR_historical_r45i1p1f1_gn_201001-201412.nc,Amon;Amon;Amon;Amon;Amon;Amon;Amon;Amon;Amon,gn;gn;gn;gn;gn;gn;gn;gn;gn,185001-186912;187001-188912;189001-190912;191001-192912;193001-194912;195001-196912;197001-198912;199001-200912;201001-201412,,,,,,,,,,,,
MPI-ESM1-2-LR,historical,r46i1p1f1,ambiguous,rsdt;rlut;rsut,tas,./MPI-ESM1-2-LR/historical/tas_Amon_MPI-ESM1-2-LR_historical_r46i1p1f1_gn_185001-186912.nc;./MPI-ESM1-2-LR/historical/tas_Amon_MPI-ESM1-2-LR_historical_r46i1p1f1_gn_187001-188912.nc;./MPI-ESM1-2-LR/historical/tas_Amon_MPI-ESM1-2-LR_historical_r46i1p1f1_gn_189001-190912.nc;./MPI-ESM1-2-LR/historical/tas_Amon_MPI-ESM1-2-LR_historical_r46i1p1f1_gn_191001-192912.nc;./MPI-ESM1-2-LR/historical/tas_Amon_MPI-ESM1-2-LR_historical_r46i1p1f1_gn_193001-194912.nc;./MPI-ESM1-2-LR/historical/tas_Amon_MPI-ESM1-2-LR_historical_r46i1p1f1_gn_195001-196912.nc;./MPI-ESM1-2-LR/historical/tas_Amon_MPI-ESM1-2-LR_historical_r46i1p1f1_gn_197001-198912.nc;./MPI-ESM1-2-LR/historical/tas_Amon_MPI-ESM1-2-LR_historical_r46i1p1f1_gn_199001-200912.nc;./MPI-ESM1-2-LR/historical/tas_Amon_MPI-ESM1-2-LR_historical_r46i1p1f1_gn_201001-201412.nc,Amon;Amon;Amon;Amon;Amon;Amon;Amon;Amon;Amon,gn;gn;gn;gn;gn;gn;gn;gn;gn,185001-186912;187001-188912;189001-190912;191001-192912;193001-194912;195001-196912;197001-198912;199001-200912;201001-201412,,,,,,,,,,,,
MPI-ESM1-2-LR,historical,r47i1p1f1,ambiguous,rsdt;rlut;rsut,tas,./MPI-ESM1-2-LR/historical/tas_Amon_MPI-ESM1-2-LR_historical_r47i1p1f1_gn_185001-186912.nc;./MPI-ESM1-2-LR/historical/tas_Amon_MPI-ESM1-2-LR_historical_r47i1p1f1_gn_187001-188912.nc;./MPI-ESM1-2-LR/historical/tas_Amon_MPI-ESM1-2-LR_historical_r47i1p1f1_gn_189001-190912.nc;./MPI-ESM1-2-LR/historical/tas_Amon_MPI-ESM1-2-LR_historical_r47i1p1f1_gn_191001-192912.nc;./MPI-ESM1-2-LR/historical/tas_Amon_MPI-ESM1-2-LR_historical_r47i1p1f1_gn_193001-194912.nc;./MPI-ESM1-2-LR/historical/tas_Amon_MPI-ESM1-2-LR_historical_r47i1p1f1_gn_195001-196912.nc;./MPI-ESM1-2-LR/historical/tas_Amon_MPI-ESM1-2-LR_historical_r47i1p1f1_gn_197001-198912.nc;./MPI-ESM1-2-LR/historical/tas_Amon_MPI-ESM1-2-LR_historical_r47i1p1f1_gn_199001-200912.nc;./MPI-ESM1-2-LR/historical/tas_Amon_MPI-ESM1-2-LR_historical_r47i1p1f1_gn_201001-201412.nc,Amon;Amon;Amon;Amon;Amon;Amon;Amon;Amon;Amon,gn;gn;gn;gn;gn;gn;gn;gn;gn,185001-186912;187001-188912;189001-190912;191001-192912;193001-194912;195001-196912;197001-198912;199001-200912;201001-201412,,,,,,,,,,,,
MPI-ESM1-2-LR,historical,r48i1p1f1,ambiguous,rsdt;rlut;rsut,tas,./MPI-ESM1-2-LR/historical/tas_Amon_MPI-ESM1-2-LR_historical_r48i1p1f1_gn_185001-186912.nc;./MPI-ESM1-2-LR/historical/tas_Amon_MPI-ESM1-2-LR_historical_r48i1p1f1_gn_187001-188912.nc;./MPI-ESM1-2-LR/historical/tas_Amon_MPI-ESM1-2-LR_historical_r48i1p1f1_gn_189001-190912.nc;./MPI-ESM1-2-LR/historical/tas_Amon_MPI-ESM1-2-LR_historical_r48i1p1f1_gn_191001-192912.nc;./MPI-ESM1-2-LR/historical/tas_Amon_MPI-ESM1-2-LR_historical_r48i1p1f1_gn_193001-194912.nc;./MPI-ESM1-2-LR/historical/tas_Amon_MPI-ESM1-2-LR_historical_r48i1p1f1_gn_195001-196912.nc;./MPI-ESM1-2-LR/historical/tas_Amon_MPI-ESM1-2-LR_historical_r48i1p1f1_gn_197001-198912.nc;./MPI-ESM1-2-LR/historical/tas_Amon_MPI-ESM1-2-LR_historical_r48i1p1f1_gn_199001-200912.nc;./MPI-ESM1-2-LR/historical/tas_Amon_MPI-ESM1-2-LR_historical_r48i1p1f1_gn_201001-201412.nc,Amon;Amon;Amon;Amon;Amon;Amon;Amon;Amon;Amon,gn;gn;gn;gn;gn;gn;gn;gn;gn,185001-186912;187001-188912;189001-190912;191001-192912;193001-194912;195001-196912;197001-198912;199001-200912;201001-201412,,,,,,,,,,,,
MPI-ESM1-2-LR,historical,r49i1p1f1,ambiguous,rsdt;rlut;rsut,tas,./MPI-ESM1-2-LR/historical/tas_Amon_MPI-ESM1-2-LR_historical_r49i1p1f1_gn_185001-186912.nc;./MPI-ESM1-2-LR/historical/tas_Amon_MPI-ESM1-2-LR_historical_r49i1p1f1_gn_187001-188912.nc;./MPI-ESM1-2-LR/historical/tas_Amon_MPI-ESM1-2-LR_historical_r49i1p1f1_gn_189001-190912.nc;./MPI-ESM1-2-LR/historical/tas_Amon_MPI-ESM1-2-LR_historical_r49i1p1f1_gn_191001-192912.nc;./MPI-ESM1-2-LR/historical/tas_Amon_MPI-ESM1-2-LR_historical_r49i1p1f1_gn_193001-194912.nc;./MPI-ESM1-2-LR/historical/tas_Amon_MPI-ESM1-2-LR_historical_r49i1p1f1_gn_195001-196912.nc;./MPI-ESM1-2-LR/historical/tas_Amon_MPI-ESM1-2-LR_historical_r49i1p1f1_gn_197001-198912.nc;./MPI-ESM1-2-LR/historical/tas_Amon_MPI-ESM1-2-LR_historical_r49i1p1f1_gn_199001-200912.nc;./MPI-ESM1-2-LR/historical/tas_Amon_MPI-ESM1-2-LR_historical_r49i1p1f1_gn_201001-201412.nc,Amon;Amon;Amon;Amon;Amon;Amon;Amon;Amon;Amon,gn;gn;gn;gn;gn;gn;gn;gn;gn,185001-186912;187001-188912;189001-190912;191001-192912;193001-194912;195001-196912;197001-198912;199001-200912;201001-201412,,,,,,,,,,,,
MPI-ESM1-2-LR,historical,r4i1p1f1,ambiguous,rsdt;rlut;rsut,tas,./MPI-ESM1-2-LR/historical/tas_Amon_MPI-ESM1-2-LR_historical_r4i1p1f1_gn_185001-186912.nc;./MPI-ESM1-2-LR/historical/tas_Amon_MPI-ESM1-2-LR_historical_r4i1p1f1_gn_187001-188912.nc;./MPI-ESM1-2-LR/historical/tas_Amon_MPI-ESM1-2-LR_historical_r4i1p1f1_gn_189001-190912.nc;./MPI-ESM1-2-LR/historical/tas_Amon_MPI-ESM1-2-LR_historical_r4i1p1f1_gn_191001-192912.nc;./MPI-ESM1-2-LR/historical/tas_Amon_MPI-ESM1-2-LR_historical_r4i1p1f1_gn_193001-194912.nc;./MPI-ESM1-2-LR/historical/tas_Amon_MPI-ESM1-2-LR_historical_r4i1p1f1_gn_195001-196912.nc;./MPI-ESM1-2-LR/historical/tas_Amon_MPI-ESM1-2-LR_historical_r4i1p1f1_gn_197001-198912.nc;./MPI-ESM1-2-LR/historical/tas_Amon_MPI-ESM1-2-LR_historical_r4i1p1f1_gn_199001-200912.nc;./MPI-ESM1-2-LR/historical/tas_Amon_MPI-ESM1-2-LR_historical_r4i1p1f1_gn_201001-201412.nc,Amon;Amon;Amon;Amon;Amon;Amon;Amon;Amon;Amon,gn;gn;gn;gn;gn;gn;gn;gn;gn,185001-186912;187001-188912;189001-190912;191001-192912;193001-194912;195001-196912;197001-198912;199001-200912;201001-201412,,,,,,,,,,,,
MPI-ESM1-2-LR,historical,r50i1p1f1,ambiguous,rsdt;rlut;rsut,tas,./MPI-ESM1-2-LR/historical/tas_Amon_MPI-ESM1-2-LR_historical_r50i1p1f1_gn_185001-186912.nc;./MPI-ESM1-2-LR/historical/tas_Amon_MPI-ESM1-2-LR_historical_r50i1p1f1_gn_187001-188912.nc;./MPI-ESM1-2-LR/historical/tas_Amon_MPI-ESM1-2-LR_historical_r50i1p1f1_gn_189001-190912.nc;./MPI-ESM1-2-LR/historical/tas_Amon_MPI-ESM1-2-LR_historical_r50i1p1f1_gn_191001-192912.nc;./MPI-ESM1-2-LR/historical/tas_Amon_MPI-ESM1-2-LR_historical_r50i1p1f1_gn_193001-194912.nc;./MPI-ESM1-2-LR/historical/tas_Amon_MPI-ESM1-2-LR_historical_r50i1p1f1_gn_195001-196912.nc;./MPI-ESM1-2-LR/historical/tas_Amon_MPI-ESM1-2-LR_historical_r50i1p1f1_gn_197001-198912.nc;./MPI-ESM1-2-LR/historical/tas_Amon_MPI-ESM1-2-LR_historical_r50i1p1f1_gn_199001-200912.nc;./MPI-ESM1-2-LR/historical/tas_Amon_MPI-ESM1-2-LR_historical_r50i1p1f1_gn_201001-201412.nc,Amon;Amon;Amon;Amon;Amon;Amon;Amon;Amon;Amon,gn;gn;gn;gn;gn;gn;gn;gn;gn,185001-186912;187001-188912;189001-190912;191001-192912;193001-194912;195001-196912;197001-198912;199001-200912;201001-201412,,,,,,,,,,,,
MPI-ESM1-2-LR,historical,r5i1p1f1,ambiguous,rsdt;rlut;rsut,tas,./MPI-ESM1-2-LR/historical/tas_Amon_MPI-ESM1-2-LR_historical_r5i1p1f1_gn_185001-186912.nc;./MPI-ESM1-2-LR/historical/tas_Amon_MPI-ESM1-2-LR_historical_r5i1p1f1_gn_187001-188912.nc;./MPI-ESM1-2-LR/historical/tas_Amon_MPI-ESM1-2-LR_historical_r5i1p1f1_gn_189001-190912.nc;./MPI-ESM1-2-LR/historical/tas_Amon_MPI-ESM1-2-LR_historical_r5i1p1f1_gn_191001-192912.nc;./MPI-ESM1-2-LR/historical/tas_Amon_MPI-ESM1-2-LR_historical_r5i1p1f1_gn_193001-194912.nc;./MPI-ESM1-2-LR/historical/tas_Amon_MPI-ESM1-2-LR_historical_r5i1p1f1_gn_195001-196912.nc;./MPI-ESM1-2-LR/historical/tas_Amon_MPI-ESM1-2-LR_historical_r5i1p1f1_gn_197001-198912.nc;./MPI-ESM1-2-LR/historical/tas_Amon_MPI-ESM1-2-LR_historical_r5i1p1f1_gn_199001-200912.nc;./MPI-ESM1-2-LR/historical/tas_Amon_MPI-ESM1-2-LR_historical_r5i1p1f1_gn_201001-201412.nc,Amon;Amon;Amon;Amon;Amon;Amon;Amon;Amon;Amon,gn;gn;gn;gn;gn;gn;gn;gn;gn,185001-186912;187001-188912;189001-190912;191001-192912;193001-194912;195001-196912;197001-198912;199001-200912;201001-201412,,,,,,,,,,,,
MPI-ESM1-2-LR,historical,r6i1p1f1,ambiguous,rsdt;rlut;rsut,tas,./MPI-ESM1-2-LR/historical/tas_Amon_MPI-ESM1-2-LR_historical_r6i1p1f1_gn_185001-186912.nc;./MPI-ESM1-2-LR/historical/tas_Amon_MPI-ESM1-2-LR_historical_r6i1p1f1_gn_187001-188912.nc;./MPI-ESM1-2-LR/historical/tas_Amon_MPI-ESM1-2-LR_historical_r6i1p1f1_gn_189001-190912.nc;./MPI-ESM1-2-LR/historical/tas_Amon_MPI-ESM1-2-LR_historical_r6i1p1f1_gn_191001-192912.nc;./MPI-ESM1-2-LR/historical/tas_Amon_MPI-ESM1-2-LR_historical_r6i1p1f1_gn_193001-194912.nc;./MPI-ESM1-2-LR/historical/tas_Amon_MPI-ESM1-2-LR_historical_r6i1p1f1_gn_195001-196912.nc;./MPI-ESM1-2-LR/historical/tas_Amon_MPI-ESM1-2-LR_historical_r6i1p1f1_gn_197001-198912.nc;./MPI-ESM1-2-LR/historical/tas_Amon_MPI-ESM1-2-LR_historical_r6i1p1f1_gn_199001-200912.nc;./MPI-ESM1-2-LR/historical/tas_Amon_MPI-ESM1-2-LR_historical_r6i1p1f1_gn_201001-201412.nc,Amon;Amon;Amon;Amon;Amon;Amon;Amon;Amon;Amon,gn;gn;gn;gn;gn;gn;gn;gn;gn,185001-186912;187001-188912;189001-190912;191001-192912;193001-194912;195001-196912;197001-198912;199001-200912;201001-201412,,,,,,,,,,,,
MPI-ESM1-2-LR,historical,r7i1p1f1,ambiguous,rsdt;rlut;rsut,tas,./MPI-ESM1-2-LR/historical/tas_Amon_MPI-ESM1-2-LR_historical_r7i1p1f1_gn_185001-186912.nc;./MPI-ESM1-2-LR/historical/tas_Amon_MPI-ESM1-2-LR_historical_r7i1p1f1_gn_187001-188912.nc;./MPI-ESM1-2-LR/historical/tas_Amon_MPI-ESM1-2-LR_historical_r7i1p1f1_gn_189001-190912.nc;./MPI-ESM1-2-LR/historical/tas_Amon_MPI-ESM1-2-LR_historical_r7i1p1f1_gn_191001-192912.nc;./MPI-ESM1-2-LR/historical/tas_Amon_MPI-ESM1-2-LR_historical_r7i1p1f1_gn_193001-194912.nc;./MPI-ESM1-2-LR/historical/tas_Amon_MPI-ESM1-2-LR_historical_r7i1p1f1_gn_195001-196912.nc;./MPI-ESM1-2-LR/historical/tas_Amon_MPI-ESM1-2-LR_historical_r7i1p1f1_gn_197001-198912.nc;./MPI-ESM1-2-LR/historical/tas_Amon_MPI-ESM1-2-LR_historical_r7i1p1f1_gn_199001-200912.nc;./MPI-ESM1-2-LR/historical/tas_Amon_MPI-ESM1-2-LR_historical_r7i1p1f1_gn_201001-201412.nc,Amon;Amon;Amon;Amon;Amon;Amon;Amon;Amon;Amon,gn;gn;gn;gn;gn;gn;gn;gn;gn,185001-186912;187001-188912;189001-190912;191001-192912;193001-194912;195001-196912;197001-198912;199001-200912;201001-201412,,,,,,,,,,,,
MPI-ESM1-2-LR,historical,r8i1p1f1,ambiguous,rsdt;rlut;rsut,tas,./MPI-ESM1-2-LR/historical/tas_Amon_MPI-ESM1-2-LR_historical_r8i1p1f1_gn_185001-186912.nc;./MPI-ESM1-2-LR/historical/tas_Amon_MPI-ESM1-2-LR_historical_r8i1p1f1_gn_187001-188912.nc;./MPI-ESM1-2-LR/historical/tas_Amon_MPI-ESM1-2-LR_historical_r8i1p1f1_gn_189001-190912.nc;./MPI-ESM1-2-LR/historical/tas_Amon_MPI-ESM1-2-LR_historical_r8i1p1f1_gn_191001-192912.nc;./MPI-ESM1-2-LR/historical/tas_Amon_MPI-ESM1-2-LR_historical_r8i1p1f1_gn_193001-194912.nc;./MPI-ESM1-2-LR/historical/tas_Amon_MPI-ESM1-2-LR_historical_r8i1p1f1_gn_195001-196912.nc;./MPI-ESM1-2-LR/historical/tas_Amon_MPI-ESM1-2-LR_historical_r8i1p1f1_gn_197001-198912.nc;./MPI-ESM1-2-LR/historical/tas_Amon_MPI-ESM1-2-LR_historical_r8i1p1f1_gn_199001-200912.nc;./MPI-ESM1-2-LR/historical/tas_Amon_MPI-ESM1-2-LR_historical_r8i1p1f1_gn_201001-201412.nc,Amon;Amon;Amon;Amon;Amon;Amon;Amon;Amon;Amon,gn;gn;gn;gn;gn;gn;gn;gn;gn,185001-186912;187001-188912;189001-190912;191001-192912;193001-194912;195001-196912;197001-198912;199001-200912;201001-201412,,,,,,,,,,,,
MPI-ESM1-2-LR,historical,r9i1p1f1,ambiguous,rsdt;rlut;rsut,tas,./MPI-ESM1-2-LR/historical/tas_Amon_MPI-ESM1-2-LR_historical_r9i1p1f1_gn_185001-186912.nc;./MPI-ESM1-2-LR/historical/tas_Amon_MPI-ESM1-2-LR_historical_r9i1p1f1_gn_187001-188912.nc;./MPI-ESM1-2-LR/historical/tas_Amon_MPI-ESM1-2-LR_historical_r9i1p1f1_gn_189001-190912.nc;./MPI-ESM1-2-LR/historical/tas_Amon_MPI-ESM1-2-LR_historical_r9i1p1f1_gn_191001-192912.nc;./MPI-ESM1-2-LR/historical/tas_Amon_MPI-ESM1-2-LR_historical_r9i1p1f1_gn_193001-194912.nc;./MPI-ESM1-2-LR/historical/tas_Amon_MPI-ESM1-2-LR_historical_r9i1p1f1_gn_195001-196912.nc;./MPI-ESM1-2-LR/historical/tas_Amon_MPI-ESM1-2-LR_historical_r9i1p1f1_gn_197001-198912.nc;./MPI-ESM1-2-LR/historical/tas_Amon_MPI-ESM1-2-LR_historical_r9i1p1f1_gn_199001-200912.nc;./MPI-ESM1-2-LR/historical/tas_Amon_MPI-ESM1-2-LR_historical_r9i1p1f1_gn_201001-201412.nc,Amon;Amon;Amon;Amon;Amon;Amon;Amon;Amon;Amon,gn;gn;gn;gn;gn;gn;gn;gn;gn,185001-186912;187001-188912;189001-190912;191001-192912;193001-194912;195001-196912;197001-198912;199001-200912;201001-201412,,,,,,,,,,,,
MRI-ESM2-0,amip-hist,r1i1p1f1,complete,,,./MRI-ESM2-0/amip-hist/tas_Amon_MRI-ESM2-0_amip-hist_r1i1p1f1_gn_187001-201412.nc,Amon,gn,187001-201412,./MRI-ESM2-0/amip-hist/rsdt_Amon_MRI-ESM2-0_amip-hist_r1i1p1f1_gn_187001-201412.nc,Amon,gn,187001-201412,./MRI-ESM2-0/amip-hist/rlut_Amon_MRI-ESM2-0_amip-hist_r1i1p1f1_gn_187001-201412.nc,Amon,gn,187001-201412,./MRI-ESM2-0/amip-hist/rsut_Amon_MRI-ESM2-0_amip-hist_r1i1p1f1_gn_187001-201412.nc,Amon,gn,187001-201412
MRI-ESM2-0,amip-hist,r2i1p1f1,complete,,,./MRI-ESM2-0/amip-hist/tas_Amon_MRI-ESM2-0_amip-hist_r2i1p1f1_gn_187001-201412.nc,Amon,gn,187001-201412,./MRI-ESM2-0/amip-hist/rsdt_Amon_MRI-ESM2-0_amip-hist_r2i1p1f1_gn_187001-201412.nc,Amon,gn,187001-201412,./MRI-ESM2-0/amip-hist/rlut_Amon_MRI-ESM2-0_amip-hist_r2i1p1f1_gn_187001-201412.nc,Amon,gn,187001-201412,./MRI-ESM2-0/amip-hist/rsut_Amon_MRI-ESM2-0_amip-hist_r2i1p1f1_gn_187001-201412.nc,Amon,gn,187001-201412
MRI-ESM2-0,amip-hist,r3i1p1f1,complete,,,./MRI-ESM2-0/amip-hist/tas_Amon_MRI-ESM2-0_amip-hist_r3i1p1f1_gn_187001-201412.nc,Amon,gn,187001-201412,./MRI-ESM2-0/amip-hist/rsdt_Amon_MRI-ESM2-0_amip-hist_r3i1p1f1_gn_187001-201412.nc,Amon,gn,187001-201412,./MRI-ESM2-0/amip-hist/rlut_Amon_MRI-ESM2-0_amip-hist_r3i1p1f1_gn_187001-201412.nc,Amon,gn,187001-201412,./MRI-ESM2-0/amip-hist/rsut_Amon_MRI-ESM2-0_amip-hist_r3i1p1f1_gn_187001-201412.nc,Amon,gn,187001-201412
MRI-ESM2-0,amip-hist,r4i1p1f1,complete,,,./MRI-ESM2-0/amip-hist/tas_Amon_MRI-ESM2-0_amip-hist_r4i1p1f1_gn_187001-201412.nc,Amon,gn,187001-201412,./MRI-ESM2-0/amip-hist/rsdt_Amon_MRI-ESM2-0_amip-hist_r4i1p1f1_gn_187001-201412.nc,Amon,gn,187001-201412,./MRI-ESM2-0/amip-hist/rlut_Amon_MRI-ESM2-0_amip-hist_r4i1p1f1_gn_187001-201412.nc,Amon,gn,187001-201412,./MRI-ESM2-0/amip-hist/rsut_Amon_MRI-ESM2-0_amip-hist_r4i1p1f1_gn_187001-201412.nc,Amon,gn,187001-201412
MRI-ESM2-0,amip-hist,r5i1p1f1,complete,,,./MRI-ESM2-0/amip-hist/tas_Amon_MRI-ESM2-0_amip-hist_r5i1p1f1_gn_187001-201412.nc,Amon,gn,187001-201412,./MRI-ESM2-0/amip-hist/rsdt_Amon_MRI-ESM2-0_amip-hist_r5i1p1f1_gn_187001-201412.nc,Amon,gn,187001-201412,./MRI-ESM2-0/amip-hist/rlut_Amon_MRI-ESM2-0_amip-hist_r5i1p1f1_gn_187001-201412.nc,Amon,gn,187001-201412,./MRI-ESM2-0/amip-hist/rsut_Amon_MRI-ESM2-0_amip-hist_r5i1p1f1_gn_187001-201412.nc,Amon,gn,187001-201412
MRI-ESM2-0,amip-piForcing,r1i1p1f1,complete,,,./MRI-ESM2-0/amip-piForcing/tas_Amon_MRI-ESM2-0_amip-piForcing_r1i1p1f1_gn_187001-201412.nc,Amon,gn,187001-201412,./MRI-ESM2-0/amip-piForcing/rsdt_Amon_MRI-ESM2-0_amip-piForcing_r1i1p1f1_gn_187001-201412.nc,Amon,gn,187001-201412,./MRI-ESM2-0/amip-piForcing/rlut_Amon_MRI-ESM2-0_amip-piForcing_r1i1p1f1_gn_187001-201412.nc,Amon,gn,187001-201412,./MRI-ESM2-0/amip-piForcing/rsut_Amon_MRI-ESM2-0_amip-piForcing_r1i1p1f1_gn_187001-201412.nc,Amon,gn,187001-201412
NorESM2-LM,historical,r1i1p1f1,ambiguous,,tas;rsdt;rlut;rsut,./NorESM2-LM/historical/tas_Amon_NorESM2-LM_historical_r1i1p1f1_gn_185001-185912.nc;./NorESM2-LM/historical/tas_Amon_NorESM2-LM_historical_r1i1p1f1_gn_186001-186912.nc;./NorESM2-LM/historical/tas_Amon_NorESM2-LM_historical_r1i1p1f1_gn_187001-187912.nc;./NorESM2-LM/historical/tas_Amon_NorESM2-LM_historical_r1i1p1f1_gn_188001-188912.nc;./NorESM2-LM/historical/tas_Amon_NorESM2-LM_historical_r1i1p1f1_gn_189001-189912.nc;./NorESM2-LM/historical/tas_Amon_NorESM2-LM_historical_r1i1p1f1_gn_190001-190912.nc;./NorESM2-LM/historical/tas_Amon_NorESM2-LM_historical_r1i1p1f1_gn_191001-191912.nc;./NorESM2-LM/historical/tas_Amon_NorESM2-LM_historical_r1i1p1f1_gn_192001-192912.nc;./NorESM2-LM/historical/tas_Amon_NorESM2-LM_historical_r1i1p1f1_gn_193001-193912.nc;./NorESM2-LM/historical/tas_Amon_NorESM2-LM_historical_r1i1p1f1_gn_194001-194912.nc;./NorESM2-LM/historical/tas_Amon_NorESM2-LM_historical_r1i1p1f1_gn_195001-195912.nc;./NorESM2-LM/historical/tas_Amon_NorESM2-LM_historical_r1i1p1f1_gn_196001-196912.nc;./NorESM2-LM/historical/tas_Amon_NorESM2-LM_historical_r1i1p1f1_gn_197001-197912.nc;./NorESM2-LM/historical/tas_Amon_NorESM2-LM_historical_r1i1p1f1_gn_198001-198912.nc;./NorESM2-LM/historical/tas_Amon_NorESM2-LM_historical_r1i1p1f1_gn_199001-199912.nc;./NorESM2-LM/historical/tas_Amon_NorESM2-LM_historical_r1i1p1f1_gn_200001-200912.nc;./NorESM2-LM/historical/tas_Amon_NorESM2-LM_historical_r1i1p1f1_gn_201001-201412.nc,Amon;Amon;Amon;Amon;Amon;Amon;Amon;Amon;Amon;Amon;Amon;Amon;Amon;Amon;Amon;Amon;Amon,gn;gn;gn;gn;gn;gn;gn;gn;gn;gn;gn;gn;gn;gn;gn;gn;gn,185001-185912;186001-186912;187001-187912;188001-188912;189001-189912;190001-190912;191001-191912;192001-192912;193001-193912;194001-194912;195001-195912;196001-196912;197001-197912;198001-198912;199001-199912;200001-200912;201001-201412,./NorESM2-LM/historical/rsdt_Amon_NorESM2-LM_historical_r1i1p1f1_gn_185001-185912.nc;./NorESM2-LM/historical/rsdt_Amon_NorESM2-LM_historical_r1i1p1f1_gn_186001-186912.nc;./NorESM2-LM/historical/rsdt_Amon_NorESM2-LM_historical_r1i1p1f1_gn_187001-187912.nc;./NorESM2-LM/historical/rsdt_Amon_NorESM2-LM_historical_r1i1p1f1_gn_188001-188912.nc;./NorESM2-LM/historical/rsdt_Amon_NorESM2-LM_historical_r1i1p1f1_gn_189001-189912.nc;./NorESM2-LM/historical/rsdt_Amon_NorESM2-LM_historical_r1i1p1f1_gn_190001-190912.nc;./NorESM2-LM/historical/rsdt_Amon_NorESM2-LM_historical_r1i1p1f1_gn_191001-191912.nc;./NorESM2-LM/historical/rsdt_Amon_NorESM2-LM_historical_r1i1p1f1_gn_192001-192912.nc;./NorESM2-LM/historical/rsdt_Amon_NorESM2-LM_historical_r1i1p1f1_gn_193001-193912.nc;./NorESM2-LM/historical/rsdt_Amon_NorESM2-LM_historical_r1i1p1f1_gn_194001-194912.nc;./NorESM2-LM/historical/rsdt_Amon_NorESM2-LM_historical_r1i1p1f1_gn_195001-195912.nc;./NorESM2-LM/historical/rsdt_Amon_NorESM2-LM_historical_r1i1p1f1_gn_196001-196912.nc;./NorESM2-LM/historical/rsdt_Amon_NorESM2-LM_historical_r1i1p1f1_gn_197001-197912.nc;./NorESM2-LM/historical/rsdt_Amon_NorESM2-LM_historical_r1i1p1f1_gn_198001-198912.nc;./NorESM2-LM/historical/rsdt_Amon_NorESM2-LM_historical_r1i1p1f1_gn_199001-199912.nc;./NorESM2-LM/historical/rsdt_Amon_NorESM2-LM_historical_r1i1p1f1_gn_200001-200912.nc;./NorESM2-LM/historical/rsdt_Amon_NorESM2-LM_historical_r1i1p1f1_gn_201001-201412.nc,Amon;Amon;Amon;Amon;Amon;Amon;Amon;Amon;Amon;Amon;Amon;Amon;Amon;Amon;Amon;Amon;Amon,gn;gn;gn;gn;gn;gn;gn;gn;gn;gn;gn;gn;gn;gn;gn;gn;gn,185001-185912;186001-186912;187001-187912;188001-188912;189001-189912;190001-190912;191001-191912;192001-192912;193001-193912;194001-194912;195001-195912;196001-196912;197001-197912;198001-198912;199001-199912;200001-200912;201001-201412,./NorESM2-LM/historical/rlut_Amon_NorESM2-LM_historical_r1i1p1f1_gn_185001-185912.nc;./NorESM2-LM/historical/rlut_Amon_NorESM2-LM_historical_r1i1p1f1_gn_186001-186912.nc;./NorESM2-LM/historical/rlut_Amon_NorESM2-LM_historical_r1i1p1f1_gn_187001-187912.nc;./NorESM2-LM/historical/rlut_Amon_NorESM2-LM_historical_r1i1p1f1_gn_188001-188912.nc;./NorESM2-LM/historical/rlut_Amon_NorESM2-LM_historical_r1i1p1f1_gn_189001-189912.nc;./NorESM2-LM/historical/rlut_Amon_NorESM2-LM_historical_r1i1p1f1_gn_190001-190912.nc;./NorESM2-LM/historical/rlut_Amon_NorESM2-LM_historical_r1i1p1f1_gn_191001-191912.nc;./NorESM2-LM/historical/rlut_Amon_NorESM2-LM_historical_r1i1p1f1_gn_192001-192912.nc;./NorESM2-LM/historical/rlut_Amon_NorESM2-LM_historical_r1i1p1f1_gn_193001-193912.nc;./NorESM2-LM/historical/rlut_Amon_NorESM2-LM_historical_r1i1p1f1_gn_194001-194912.nc;./NorESM2-LM/historical/rlut_Amon_NorESM2-LM_historical_r1i1p1f1_gn_195001-195912.nc;./NorESM2-LM/historical/rlut_Amon_NorESM2-LM_historical_r1i1p1f1_gn_196001-196912.nc;./NorESM2-LM/historical/rlut_Amon_NorESM2-LM_historical_r1i1p1f1_gn_197001-197912.nc;./NorESM2-LM/historical/rlut_Amon_NorESM2-LM_historical_r1i1p1f1_gn_198001-198912.nc;./NorESM2-LM/historical/rlut_Amon_NorESM2-LM_historical_r1i1p1f1_gn_199001-199912.nc;./NorESM2-LM/historical/rlut_Amon_NorESM2-LM_historical_r1i1p1f1_gn_200001-200912.nc;./NorESM2-LM/historical/rlut_Amon_NorESM2-LM_historical_r1i1p1f1_gn_201001-201412.nc,Amon;Amon;Amon;Amon;Amon;Amon;Amon;Amon;Amon;Amon;Amon;Amon;Amon;Amon;Amon;Amon;Amon,gn;gn;gn;gn;gn;gn;gn;gn;gn;gn;gn;gn;gn;gn;gn;gn;gn,185001-185912;186001-186912;187001-187912;188001-188912;189001-189912;190001-190912;191001-191912;192001-192912;193001-193912;194001-194912;195001-195912;196001-196912;197001-197912;198001-198912;199001-199912;200001-200912;201001-201412,./NorESM2-LM/historical/rsut_Amon_NorESM2-LM_historical_r1i1p1f1_gn_185001-185912.nc;./NorESM2-LM/historical/rsut_Amon_NorESM2-LM_historical_r1i1p1f1_gn_186001-186912.nc;./NorESM2-LM/historical/rsut_Amon_NorESM2-LM_historical_r1i1p1f1_gn_187001-187912.nc;./NorESM2-LM/historical/rsut_Amon_NorESM2-LM_historical_r1i1p1f1_gn_188001-188912.nc;./NorESM2-LM/historical/rsut_Amon_NorESM2-LM_historical_r1i1p1f1_gn_189001-189912.nc;./NorESM2-LM/historical/rsut_Amon_NorESM2-LM_historical_r1i1p1f1_gn_190001-190912.nc;./NorESM2-LM/historical/rsut_Amon_NorESM2-LM_historical_r1i1p1f1_gn_191001-191912.nc;./NorESM2-LM/historical/rsut_Amon_NorESM2-LM_historical_r1i1p1f1_gn_192001-192912.nc;./NorESM2-LM/historical/rsut_Amon_NorESM2-LM_historical_r1i1p1f1_gn_193001-193912.nc;./NorESM2-LM/historical/rsut_Amon_NorESM2-LM_historical_r1i1p1f1_gn_194001-194912.nc;./NorESM2-LM/historical/rsut_Amon_NorESM2-LM_historical_r1i1p1f1_gn_195001-195912.nc;./NorESM2-LM/historical/rsut_Amon_NorESM2-LM_historical_r1i1p1f1_gn_196001-196912.nc;./NorESM2-LM/historical/rsut_Amon_NorESM2-LM_historical_r1i1p1f1_gn_197001-197912.nc;./NorESM2-LM/historical/rsut_Amon_NorESM2-LM_historical_r1i1p1f1_gn_198001-198912.nc;./NorESM2-LM/historical/rsut_Amon_NorESM2-LM_historical_r1i1p1f1_gn_199001-199912.nc;./NorESM2-LM/historical/rsut_Amon_NorESM2-LM_historical_r1i1p1f1_gn_200001-200912.nc;./NorESM2-LM/historical/rsut_Amon_NorESM2-LM_historical_r1i1p1f1_gn_201001-201412.nc,Amon;Amon;Amon;Amon;Amon;Amon;Amon;Amon;Amon;Amon;Amon;Amon;Amon;Amon;Amon;Amon;Amon,gn;gn;gn;gn;gn;gn;gn;gn;gn;gn;gn;gn;gn;gn;gn;gn;gn,185001-185912;186001-186912;187001-187912;188001-188912;189001-189912;190001-190912;191001-191912;192001-192912;193001-193912;194001-194912;195001-195912;196001-196912;197001-197912;198001-198912;199001-199912;200001-200912;201001-201412
NorESM2-LM,historical,r2i1p1f1,ambiguous,,tas;rsdt;rlut;rsut,./NorESM2-LM/historical/tas_Amon_NorESM2-LM_historical_r2i1p1f1_gn_185001-185912.nc;./NorESM2-LM/historical/tas_Amon_NorESM2-LM_historical_r2i1p1f1_gn_186001-186912.nc;./NorESM2-LM/historical/tas_Amon_NorESM2-LM_historical_r2i1p1f1_gn_187001-187912.nc;./NorESM2-LM/historical/tas_Amon_NorESM2-LM_historical_r2i1p1f1_gn_188001-188912.nc;./NorESM2-LM/historical/tas_Amon_NorESM2-LM_historical_r2i1p1f1_gn_189001-189912.nc;./NorESM2-LM/historical/tas_Amon_NorESM2-LM_historical_r2i1p1f1_gn_190001-190912.nc;./NorESM2-LM/historical/tas_Amon_NorESM2-LM_historical_r2i1p1f1_gn_191001-191912.nc;./NorESM2-LM/historical/tas_Amon_NorESM2-LM_historical_r2i1p1f1_gn_192001-192912.nc;./NorESM2-LM/historical/tas_Amon_NorESM2-LM_historical_r2i1p1f1_gn_193001-193912.nc;./NorESM2-LM/historical/tas_Amon_NorESM2-LM_historical_r2i1p1f1_gn_194001-194912.nc;./NorESM2-LM/historical/tas_Amon_NorESM2-LM_historical_r2i1p1f1_gn_195001-195912.nc;./NorESM2-LM/historical/tas_Amon_NorESM2-LM_historical_r2i1p1f1_gn_196001-196912.nc;./NorESM2-LM/historical/tas_Amon_NorESM2-LM_historical_r2i1p1f1_gn_197001-197912.nc;./NorESM2-LM/historical/tas_Amon_NorESM2-LM_historical_r2i1p1f1_gn_198001-198912.nc;./NorESM2-LM/historical/tas_Amon_NorESM2-LM_historical_r2i1p1f1_gn_199001-199912.nc;./NorESM2-LM/historical/tas_Amon_NorESM2-LM_historical_r2i1p1f1_gn_200001-200912.nc;./NorESM2-LM/historical/tas_Amon_NorESM2-LM_historical_r2i1p1f1_gn_201001-201412.nc,Amon;Amon;Amon;Amon;Amon;Amon;Amon;Amon;Amon;Amon;Amon;Amon;Amon;Amon;Amon;Amon;Amon,gn;gn;gn;gn;gn;gn;gn;gn;gn;gn;gn;gn;gn;gn;gn;gn;gn,185001-185912;186001-186912;187001-187912;188001-188912;189001-189912;190001-190912;191001-191912;192001-192912;193001-193912;194001-194912;195001-195912;196001-196912;197001-197912;198001-198912;199001-199912;200001-200912;201001-201412,./NorESM2-LM/historical/rsdt_Amon_NorESM2-LM_historical_r2i1p1f1_gn_185001-185912.nc;./NorESM2-LM/historical/rsdt_Amon_NorESM2-LM_historical_r2i1p1f1_gn_186001-186912.nc;./NorESM2-LM/historical/rsdt_Amon_NorESM2-LM_historical_r2i1p1f1_gn_187001-187912.nc;./NorESM2-LM/historical/rsdt_Amon_NorESM2-LM_historical_r2i1p1f1_gn_188001-188912.nc;./NorESM2-LM/historical/rsdt_Amon_NorESM2-LM_historical_r2i1p1f1_gn_189001-189912.nc;./NorESM2-LM/historical/rsdt_Amon_NorESM2-LM_historical_r2i1p1f1_gn_190001-190912.nc;./NorESM2-LM/historical/rsdt_Amon_NorESM2-LM_historical_r2i1p1f1_gn_191001-191912.nc;./NorESM2-LM/historical/rsdt_Amon_NorESM2-LM_historical_r2i1p1f1_gn_192001-192912.nc;./NorESM2-LM/historical/rsdt_Amon_NorESM2-LM_historical_r2i1p1f1_gn_193001-193912.nc;./NorESM2-LM/historical/rsdt_Amon_NorESM2-LM_historical_r2i1p1f1_gn_194001-194912.nc;./NorESM2-LM/historical/rsdt_Amon_NorESM2-LM_historical_r2i1p1f1_gn_195001-195912.nc;./NorESM2-LM/historical/rsdt_Amon_NorESM2-LM_historical_r2i1p1f1_gn_196001-196912.nc;./NorESM2-LM/historical/rsdt_Amon_NorESM2-LM_historical_r2i1p1f1_gn_197001-197912.nc;./NorESM2-LM/historical/rsdt_Amon_NorESM2-LM_historical_r2i1p1f1_gn_198001-198912.nc;./NorESM2-LM/historical/rsdt_Amon_NorESM2-LM_historical_r2i1p1f1_gn_199001-199912.nc;./NorESM2-LM/historical/rsdt_Amon_NorESM2-LM_historical_r2i1p1f1_gn_200001-200912.nc;./NorESM2-LM/historical/rsdt_Amon_NorESM2-LM_historical_r2i1p1f1_gn_201001-201412.nc,Amon;Amon;Amon;Amon;Amon;Amon;Amon;Amon;Amon;Amon;Amon;Amon;Amon;Amon;Amon;Amon;Amon,gn;gn;gn;gn;gn;gn;gn;gn;gn;gn;gn;gn;gn;gn;gn;gn;gn,185001-185912;186001-186912;187001-187912;188001-188912;189001-189912;190001-190912;191001-191912;192001-192912;193001-193912;194001-194912;195001-195912;196001-196912;197001-197912;198001-198912;199001-199912;200001-200912;201001-201412,./NorESM2-LM/historical/rlut_Amon_NorESM2-LM_historical_r2i1p1f1_gn_185001-185912.nc;./NorESM2-LM/historical/rlut_Amon_NorESM2-LM_historical_r2i1p1f1_gn_186001-186912.nc;./NorESM2-LM/historical/rlut_Amon_NorESM2-LM_historical_r2i1p1f1_gn_187001-187912.nc;./NorESM2-LM/historical/rlut_Amon_NorESM2-LM_historical_r2i1p1f1_gn_188001-188912.nc;./NorESM2-LM/historical/rlut_Amon_NorESM2-LM_historical_r2i1p1f1_gn_189001-189912.nc;./NorESM2-LM/historical/rlut_Amon_NorESM2-LM_historical_r2i1p1f1_gn_190001-190912.nc;./NorESM2-LM/historical/rlut_Amon_NorESM2-LM_historical_r2i1p1f1_gn_191001-191912.nc;./NorESM2-LM/historical/rlut_Amon_NorESM2-LM_historical_r2i1p1f1_gn_192001-192912.nc;./NorESM2-LM/historical/rlut_Amon_NorESM2-LM_historical_r2i1p1f1_gn_193001-193912.nc;./NorESM2-LM/historical/rlut_Amon_NorESM2-LM_historical_r2i1p1f1_gn_194001-194912.nc;./NorESM2-LM/historical/rlut_Amon_NorESM2-LM_historical_r2i1p1f1_gn_195001-195912.nc;./NorESM2-LM/historical/rlut_Amon_NorESM2-LM_historical_r2i1p1f1_gn_196001-196912.nc;./NorESM2-LM/historical/rlut_Amon_NorESM2-LM_historical_r2i1p1f1_gn_197001-197912.nc;./NorESM2-LM/historical/rlut_Amon_NorESM2-LM_historical_r2i1p1f1_gn_198001-198912.nc;./NorESM2-LM/historical/rlut_Amon_NorESM2-LM_historical_r2i1p1f1_gn_199001-199912.nc;./NorESM2-LM/historical/rlut_Amon_NorESM2-LM_historical_r2i1p1f1_gn_200001-200912.nc;./NorESM2-LM/historical/rlut_Amon_NorESM2-LM_historical_r2i1p1f1_gn_201001-201412.nc,Amon;Amon;Amon;Amon;Amon;Amon;Amon;Amon;Amon;Amon;Amon;Amon;Amon;Amon;Amon;Amon;Amon,gn;gn;gn;gn;gn;gn;gn;gn;gn;gn;gn;gn;gn;gn;gn;gn;gn,185001-185912;186001-186912;187001-187912;188001-188912;189001-189912;190001-190912;191001-191912;192001-192912;193001-193912;194001-194912;195001-195912;196001-196912;197001-197912;198001-198912;199001-199912;200001-200912;201001-201412,./NorESM2-LM/historical/rsut_Amon_NorESM2-LM_historical_r2i1p1f1_gn_185001-185912.nc;./NorESM2-LM/historical/rsut_Amon_NorESM2-LM_historical_r2i1p1f1_gn_186001-186912.nc;./NorESM2-LM/historical/rsut_Amon_NorESM2-LM_historical_r2i1p1f1_gn_187001-187912.nc;./NorESM2-LM/historical/rsut_Amon_NorESM2-LM_historical_r2i1p1f1_gn_188001-188912.nc;./NorESM2-LM/historical/rsut_Amon_NorESM2-LM_historical_r2i1p1f1_gn_189001-189912.nc;./NorESM2-LM/historical/rsut_Amon_NorESM2-LM_historical_r2i1p1f1_gn_190001-190912.nc;./NorESM2-LM/historical/rsut_Amon_NorESM2-LM_historical_r2i1p1f1_gn_191001-191912.nc;./NorESM2-LM/historical/rsut_Amon_NorESM2-LM_historical_r2i1p1f1_gn_192001-192912.nc;./NorESM2-LM/historical/rsut_Amon_NorESM2-LM_historical_r2i1p1f1_gn_193001-193912.nc;./NorESM2-LM/historical/rsut_Amon_NorESM2-LM_historical_r2i1p1f1_gn_194001-194912.nc;./NorESM2-LM/historical/rsut_Amon_NorESM2-LM_historical_r2i1p1f1_gn_195001-195912.nc;./NorESM2-LM/historical/rsut_Amon_NorESM2-LM_historical_r2i1p1f1_gn_196001-196912.nc;./NorESM2-LM/historical/rsut_Amon_NorESM2-LM_historical_r2i1p1f1_gn_197001-197912.nc;./NorESM2-LM/historical/rsut_Amon_NorESM2-LM_historical_r2i1p1f1_gn_198001-198912.nc;./NorESM2-LM/historical/rsut_Amon_NorESM2-LM_historical_r2i1p1f1_gn_199001-199912.nc;./NorESM2-LM/historical/rsut_Amon_NorESM2-LM_historical_r2i1p1f1_gn_200001-200912.nc;./NorESM2-LM/historical/rsut_Amon_NorESM2-LM_historical_r2i1p1f1_gn_201001-201412.nc,Amon;Amon;Amon;Amon;Amon;Amon;Amon;Amon;Amon;Amon;Amon;Amon;Amon;Amon;Amon;Amon;Amon,gn;gn;gn;gn;gn;gn;gn;gn;gn;gn;gn;gn;gn;gn;gn;gn;gn,185001-185912;186001-186912;187001-187912;188001-188912;189001-189912;190001-190912;191001-191912;192001-192912;193001-193912;194001-194912;195001-195912;196001-196912;197001-197912;198001-198912;199001-199912;200001-200912;201001-201412
NorESM2-LM,historical,r3i1p1f1,ambiguous,,tas;rsdt;rlut;rsut,./NorESM2-LM/historical/tas_Amon_NorESM2-LM_historical_r3i1p1f1_gn_185001-185912.nc;./NorESM2-LM/historical/tas_Amon_NorESM2-LM_historical_r3i1p1f1_gn_186001-186912.nc;./NorESM2-LM/historical/tas_Amon_NorESM2-LM_historical_r3i1p1f1_gn_187001-187912.nc;./NorESM2-LM/historical/tas_Amon_NorESM2-LM_historical_r3i1p1f1_gn_188001-188912.nc;./NorESM2-LM/historical/tas_Amon_NorESM2-LM_historical_r3i1p1f1_gn_189001-189912.nc;./NorESM2-LM/historical/tas_Amon_NorESM2-LM_historical_r3i1p1f1_gn_190001-190912.nc;./NorESM2-LM/historical/tas_Amon_NorESM2-LM_historical_r3i1p1f1_gn_191001-191912.nc;./NorESM2-LM/historical/tas_Amon_NorESM2-LM_historical_r3i1p1f1_gn_192001-192912.nc;./NorESM2-LM/historical/tas_Amon_NorESM2-LM_historical_r3i1p1f1_gn_193001-193912.nc;./NorESM2-LM/historical/tas_Amon_NorESM2-LM_historical_r3i1p1f1_gn_194001-194912.nc;./NorESM2-LM/historical/tas_Amon_NorESM2-LM_historical_r3i1p1f1_gn_195001-195912.nc;./NorESM2-LM/historical/tas_Amon_NorESM2-LM_historical_r3i1p1f1_gn_196001-196912.nc;./NorESM2-LM/historical/tas_Amon_NorESM2-LM_historical_r3i1p1f1_gn_197001-197912.nc;./NorESM2-LM/historical/tas_Amon_NorESM2-LM_historical_r3i1p1f1_gn_198001-198912.nc;./NorESM2-LM/historical/tas_Amon_NorESM2-LM_historical_r3i1p1f1_gn_199001-199912.nc;./NorESM2-LM/historical/tas_Amon_NorESM2-LM_historical_r3i1p1f1_gn_200001-200912.nc;./NorESM2-LM/historical/tas_Amon_NorESM2-LM_historical_r3i1p1f1_gn_201001-201412.nc,Amon;Amon;Amon;Amon;Amon;Amon;Amon;Amon;Amon;Amon;Amon;Amon;Amon;Amon;Amon;Amon;Amon,gn;gn;gn;gn;gn;gn;gn;gn;gn;gn;gn;gn;gn;gn;gn;gn;gn,185001-185912;186001-186912;187001-187912;188001-188912;189001-189912;190001-190912;191001-191912;192001-192912;193001-193912;194001-194912;195001-195912;196001-196912;197001-197912;198001-198912;199001-199912;200001-200912;201001-201412,./NorESM2-LM/historical/rsdt_Amon_NorESM2-LM_historical_r3i1p1f1_gn_185001-185912.nc;./NorESM2-LM/historical/rsdt_Amon_NorESM2-LM_historical_r3i1p1f1_gn_186001-186912.nc;./NorESM2-LM/historical/rsdt_Amon_NorESM2-LM_historical_r3i1p1f1_gn_187001-187912.nc;./NorESM2-LM/historical/rsdt_Amon_NorESM2-LM_historical_r3i1p1f1_gn_188001-188912.nc;./NorESM2-LM/historical/rsdt_Amon_NorESM2-LM_historical_r3i1p1f1_gn_189001-189912.nc;./NorESM2-LM/historical/rsdt_Amon_NorESM2-LM_historical_r3i1p1f1_gn_190001-190912.nc;./NorESM2-LM/historical/rsdt_Amon_NorESM2-LM_historical_r3i1p1f1_gn_191001-191912.nc;./NorESM2-LM/historical/rsdt_Amon_NorESM2-LM_historical_r3i1p1f1_gn_192001-192912.nc;./NorESM2-LM/historical/rsdt_Amon_NorESM2-LM_historical_r3i1p1f1_gn_193001-193912.nc;./NorESM2-LM/historical/rsdt_Amon_NorESM2-LM_historical_r3i1p1f1_gn_194001-194912.nc;./NorESM2-LM/historical/rsdt_Amon_NorESM2-LM_historical_r3i1p1f1_gn_195001-195912.nc;./NorESM2-LM/historical/rsdt_Amon_NorESM2-LM_historical_r3i1p1f1_gn_196001-196912.nc;./NorESM2-LM/historical/rsdt_Amon_NorESM2-LM_historical_r3i1p1f1_gn_197001-197912.nc;./NorESM2-LM/historical/rsdt_Amon_NorESM2-LM_historical_r3i1p1f1_gn_198001-198912.nc;./NorESM2-LM/historical/rsdt_Amon_NorESM2-LM_historical_r3i1p1f1_gn_199001-199912.nc;./NorESM2-LM/historical/rsdt_Amon_NorESM2-LM_historical_r3i1p1f1_gn_200001-200912.nc;./NorESM2-LM/historical/rsdt_Amon_NorESM2-LM_historical_r3i1p1f1_gn_201001-201412.nc,Amon;Amon;Amon;Amon;Amon;Amon;Amon;Amon;Amon;Amon;Amon;Amon;Amon;Amon;Amon;Amon;Amon,gn;gn;gn;gn;gn;gn;gn;gn;gn;gn;gn;gn;gn;gn;gn;gn;gn,185001-185912;186001-186912;187001-187912;188001-188912;189001-189912;190001-190912;191001-191912;192001-192912;193001-193912;194001-194912;195001-195912;196001-196912;197001-197912;198001-198912;199001-199912;200001-200912;201001-201412,./NorESM2-LM/historical/rlut_Amon_NorESM2-LM_historical_r3i1p1f1_gn_185001-185912.nc;./NorESM2-LM/historical/rlut_Amon_NorESM2-LM_historical_r3i1p1f1_gn_186001-186912.nc;./NorESM2-LM/historical/rlut_Amon_NorESM2-LM_historical_r3i1p1f1_gn_187001-187912.nc;./NorESM2-LM/historical/rlut_Amon_NorESM2-LM_historical_r3i1p1f1_gn_188001-188912.nc;./NorESM2-LM/historical/rlut_Amon_NorESM2-LM_historical_r3i1p1f1_gn_189001-189912.nc;./NorESM2-LM/historical/rlut_Amon_NorESM2-LM_historical_r3i1p1f1_gn_190001-190912.nc;./NorESM2-LM/historical/rlut_Amon_NorESM2-LM_historical_r3i1p1f1_gn_191001-191912.nc;./NorESM2-LM/historical/rlut_Amon_NorESM2-LM_historical_r3i1p1f1_gn_192001-192912.nc;./NorESM2-LM/historical/rlut_Amon_NorESM2-LM_historical_r3i1p1f1_gn_193001-193912.nc;./NorESM2-LM/historical/rlut_Amon_NorESM2-LM_historical_r3i1p1f1_gn_194001-194912.nc;./NorESM2-LM/historical/rlut_Amon_NorESM2-LM_historical_r3i1p1f1_gn_195001-195912.nc;./NorESM2-LM/historical/rlut_Amon_NorESM2-LM_historical_r3i1p1f1_gn_196001-196912.nc;./NorESM2-LM/historical/rlut_Amon_NorESM2-LM_historical_r3i1p1f1_gn_197001-197912.nc;./NorESM2-LM/historical/rlut_Amon_NorESM2-LM_historical_r3i1p1f1_gn_198001-198912.nc;./NorESM2-LM/historical/rlut_Amon_NorESM2-LM_historical_r3i1p1f1_gn_199001-199912.nc;./NorESM2-LM/historical/rlut_Amon_NorESM2-LM_historical_r3i1p1f1_gn_200001-200912.nc;./NorESM2-LM/historical/rlut_Amon_NorESM2-LM_historical_r3i1p1f1_gn_201001-201412.nc,Amon;Amon;Amon;Amon;Amon;Amon;Amon;Amon;Amon;Amon;Amon;Amon;Amon;Amon;Amon;Amon;Amon,gn;gn;gn;gn;gn;gn;gn;gn;gn;gn;gn;gn;gn;gn;gn;gn;gn,185001-185912;186001-186912;187001-187912;188001-188912;189001-189912;190001-190912;191001-191912;192001-192912;193001-193912;194001-194912;195001-195912;196001-196912;197001-197912;198001-198912;199001-199912;200001-200912;201001-201412,./NorESM2-LM/historical/rsut_Amon_NorESM2-LM_historical_r3i1p1f1_gn_185001-185912.nc;./NorESM2-LM/historical/rsut_Amon_NorESM2-LM_historical_r3i1p1f1_gn_186001-186912.nc;./NorESM2-LM/historical/rsut_Amon_NorESM2-LM_historical_r3i1p1f1_gn_187001-187912.nc;./NorESM2-LM/historical/rsut_Amon_NorESM2-LM_historical_r3i1p1f1_gn_188001-188912.nc;./NorESM2-LM/historical/rsut_Amon_NorESM2-LM_historical_r3i1p1f1_gn_189001-189912.nc;./NorESM2-LM/historical/rsut_Amon_NorESM2-LM_historical_r3i1p1f1_gn_190001-190912.nc;./NorESM2-LM/historical/rsut_Amon_NorESM2-LM_historical_r3i1p1f1_gn_191001-191912.nc;./NorESM2-LM/historical/rsut_Amon_NorESM2-LM_historical_r3i1p1f1_gn_192001-192912.nc;./NorESM2-LM/historical/rsut_Amon_NorESM2-LM_historical_r3i1p1f1_gn_193001-193912.nc;./NorESM2-LM/historical/rsut_Amon_NorESM2-LM_historical_r3i1p1f1_gn_194001-194912.nc;./NorESM2-LM/historical/rsut_Amon_NorESM2-LM_historical_r3i1p1f1_gn_195001-195912.nc;./NorESM2-LM/historical/rsut_Amon_NorESM2-LM_historical_r3i1p1f1_gn_196001-196912.nc;./NorESM2-LM/historical/rsut_Amon_NorESM2-LM_historical_r3i1p1f1_gn_197001-197912.nc;./NorESM2-LM/historical/rsut_Amon_NorESM2-LM_historical_r3i1p1f1_gn_198001-198912.nc;./NorESM2-LM/historical/rsut_Amon_NorESM2-LM_historical_r3i1p1f1_gn_199001-199912.nc;./NorESM2-LM/historical/rsut_Amon_NorESM2-LM_historical_r3i1p1f1_gn_200001-200912.nc;./NorESM2-LM/historical/rsut_Amon_NorESM2-LM_historical_r3i1p1f1_gn_201001-201412.nc,Amon;Amon;Amon;Amon;Amon;Amon;Amon;Amon;Amon;Amon;Amon;Amon;Amon;Amon;Amon;Amon;Amon,gn;gn;gn;gn;gn;gn;gn;gn;gn;gn;gn;gn;gn;gn;gn;gn;gn,185001-185912;186001-186912;187001-187912;188001-188912;189001-189912;190001-190912;191001-191912;192001-192912;193001-193912;194001-194912;195001-195912;196001-196912;197001-197912;198001-198912;199001-199912;200001-200912;201001-201412
NorESM2-LM,piClim-histall,r1i1p1f1,ambiguous,tas,rsdt;rlut;rsut,,,,,./NorESM2-LM/piClim-histall/rsdt_Amon_NorESM2-LM_piClim-histall_r1i1p1f1_gn_185001-185912.nc;./NorESM2-LM/piClim-histall/rsdt_Amon_NorESM2-LM_piClim-histall_r1i1p1f1_gn_186001-186912.nc;./NorESM2-LM/piClim-histall/rsdt_Amon_NorESM2-LM_piClim-histall_r1i1p1f1_gn_187001-187912.nc;./NorESM2-LM/piClim-histall/rsdt_Amon_NorESM2-LM_piClim-histall_r1i1p1f1_gn_188001-188912.nc;./NorESM2-LM/piClim-histall/rsdt_Amon_NorESM2-LM_piClim-histall_r1i1p1f1_gn_189001-189912.nc;./NorESM2-LM/piClim-histall/rsdt_Amon_NorESM2-LM_piClim-histall_r1i1p1f1_gn_190001-190912.nc;./NorESM2-LM/piClim-histall/rsdt_Amon_NorESM2-LM_piClim-histall_r1i1p1f1_gn_191001-191912.nc;./NorESM2-LM/piClim-histall/rsdt_Amon_NorESM2-LM_piClim-histall_r1i1p1f1_gn_192001-192912.nc;./NorESM2-LM/piClim-histall/rsdt_Amon_NorESM2-LM_piClim-histall_r1i1p1f1_gn_193001-193912.nc;./NorESM2-LM/piClim-histall/rsdt_Amon_NorESM2-LM_piClim-histall_r1i1p1f1_gn_194001-194912.nc;./NorESM2-LM/piClim-histall/rsdt_Amon_NorESM2-LM_piClim-histall_r1i1p1f1_gn_195001-195912.nc;./NorESM2-LM/piClim-histall/rsdt_Amon_NorESM2-LM_piClim-histall_r1i1p1f1_gn_196001-196912.nc;./NorESM2-LM/piClim-histall/rsdt_Amon_NorESM2-LM_piClim-histall_r1i1p1f1_gn_197001-197912.nc;./NorESM2-LM/piClim-histall/rsdt_Amon_NorESM2-LM_piClim-histall_r1i1p1f1_gn_198001-198912.nc;./NorESM2-LM/piClim-histall/rsdt_Amon_NorESM2-LM_piClim-histall_r1i1p1f1_gn_199001-199912.nc;./NorESM2-LM/piClim-histall/rsdt_Amon_NorESM2-LM_piClim-histall_r1i1p1f1_gn_200001-200912.nc;./NorESM2-LM/piClim-histall/rsdt_Amon_NorESM2-LM_piClim-histall_r1i1p1f1_gn_201001-201412.nc,Amon;Amon;Amon;Amon;Amon;Amon;Amon;Amon;Amon;Amon;Amon;Amon;Amon;Amon;Amon;Amon;Amon,gn;gn;gn;gn;gn;gn;gn;gn;gn;gn;gn;gn;gn;gn;gn;gn;gn,185001-185912;186001-186912;187001-187912;188001-188912;189001-189912;190001-190912;191001-191912;192001-192912;193001-193912;194001-194912;195001-195912;196001-196912;197001-197912;198001-198912;199001-199912;200001-200912;201001-201412,./NorESM2-LM/piClim-histall/rlut_Amon_NorESM2-LM_piClim-histall_r1i1p1f1_gn_185001-185912.nc;./NorESM2-LM/piClim-histall/rlut_Amon_NorESM2-LM_piClim-histall_r1i1p1f1_gn_186001-186912.nc;./NorESM2-LM/piClim-histall/rlut_Amon_NorESM2-LM_piClim-histall_r1i1p1f1_gn_187001-187912.nc;./NorESM2-LM/piClim-histall/rlut_Amon_NorESM2-LM_piClim-histall_r1i1p1f1_gn_188001-188912.nc;./NorESM2-LM/piClim-histall/rlut_Amon_NorESM2-LM_piClim-histall_r1i1p1f1_gn_189001-189912.nc;./NorESM2-LM/piClim-histall/rlut_Amon_NorESM2-LM_piClim-histall_r1i1p1f1_gn_190001-190912.nc;./NorESM2-LM/piClim-histall/rlut_Amon_NorESM2-LM_piClim-histall_r1i1p1f1_gn_191001-191912.nc;./NorESM2-LM/piClim-histall/rlut_Amon_NorESM2-LM_piClim-histall_r1i1p1f1_gn_192001-192912.nc;./NorESM2-LM/piClim-histall/rlut_Amon_NorESM2-LM_piClim-histall_r1i1p1f1_gn_193001-193912.nc;./NorESM2-LM/piClim-histall/rlut_Amon_NorESM2-LM_piClim-histall_r1i1p1f1_gn_194001-194912.nc;./NorESM2-LM/piClim-histall/rlut_Amon_NorESM2-LM_piClim-histall_r1i1p1f1_gn_195001-195912.nc;./NorESM2-LM/piClim-histall/rlut_Amon_NorESM2-LM_piClim-histall_r1i1p1f1_gn_196001-196912.nc;./NorESM2-LM/piClim-histall/rlut_Amon_NorESM2-LM_piClim-histall_r1i1p1f1_gn_197001-197912.nc;./NorESM2-LM/piClim-histall/rlut_Amon_NorESM2-LM_piClim-histall_r1i1p1f1_gn_198001-198912.nc;./NorESM2-LM/piClim-histall/rlut_Amon_NorESM2-LM_piClim-histall_r1i1p1f1_gn_199001-199912.nc;./NorESM2-LM/piClim-histall/rlut_Amon_NorESM2-LM_piClim-histall_r1i1p1f1_gn_200001-200912.nc;./NorESM2-LM/piClim-histall/rlut_Amon_NorESM2-LM_piClim-histall_r1i1p1f1_gn_201001-201412.nc,Amon;Amon;Amon;Amon;Amon;Amon;Amon;Amon;Amon;Amon;Amon;Amon;Amon;Amon;Amon;Amon;Amon,gn;gn;gn;gn;gn;gn;gn;gn;gn;gn;gn;gn;gn;gn;gn;gn;gn,185001-185912;186001-186912;187001-187912;188001-188912;189001-189912;190001-190912;191001-191912;192001-192912;193001-193912;194001-194912;195001-195912;196001-196912;197001-197912;198001-198912;199001-199912;200001-200912;201001-201412,./NorESM2-LM/piClim-histall/rsut_Amon_NorESM2-LM_piClim-histall_r1i1p1f1_gn_185001-185912.nc;./NorESM2-LM/piClim-histall/rsut_Amon_NorESM2-LM_piClim-histall_r1i1p1f1_gn_186001-186912.nc;./NorESM2-LM/piClim-histall/rsut_Amon_NorESM2-LM_piClim-histall_r1i1p1f1_gn_187001-187912.nc;./NorESM2-LM/piClim-histall/rsut_Amon_NorESM2-LM_piClim-histall_r1i1p1f1_gn_188001-188912.nc;./NorESM2-LM/piClim-histall/rsut_Amon_NorESM2-LM_piClim-histall_r1i1p1f1_gn_189001-189912.nc;./NorESM2-LM/piClim-histall/rsut_Amon_NorESM2-LM_piClim-histall_r1i1p1f1_gn_190001-190912.nc;./NorESM2-LM/piClim-histall/rsut_Amon_NorESM2-LM_piClim-histall_r1i1p1f1_gn_191001-191912.nc;./NorESM2-LM/piClim-histall/rsut_Amon_NorESM2-LM_piClim-histall_r1i1p1f1_gn_192001-192912.nc;./NorESM2-LM/piClim-histall/rsut_Amon_NorESM2-LM_piClim-histall_r1i1p1f1_gn_193001-193912.nc;./NorESM2-LM/piClim-histall/rsut_Amon_NorESM2-LM_piClim-histall_r1i1p1f1_gn_194001-194912.nc;./NorESM2-LM/piClim-histall/rsut_Amon_NorESM2-LM_piClim-histall_r1i1p1f1_gn_195001-195912.nc;./NorESM2-LM/piClim-histall/rsut_Amon_NorESM2-LM_piClim-histall_r1i1p1f1_gn_196001-196912.nc;./NorESM2-LM/piClim-histall/rsut_Amon_NorESM2-LM_piClim-histall_r1i1p1f1_gn_197001-197912.nc;./NorESM2-LM/piClim-histall/rsut_Amon_NorESM2-LM_piClim-histall_r1i1p1f1_gn_198001-198912.nc;./NorESM2-LM/piClim-histall/rsut_Amon_NorESM2-LM_piClim-histall_r1i1p1f1_gn_199001-199912.nc;./NorESM2-LM/piClim-histall/rsut_Amon_NorESM2-LM_piClim-histall_r1i1p1f1_gn_200001-200912.nc;./NorESM2-LM/piClim-histall/rsut_Amon_NorESM2-LM_piClim-histall_r1i1p1f1_gn_201001-201412.nc,Amon;Amon;Amon;Amon;Amon;Amon;Amon;Amon;Amon;Amon;Amon;Amon;Amon;Amon;Amon;Amon;Amon,gn;gn;gn;gn;gn;gn;gn;gn;gn;gn;gn;gn;gn;gn;gn;gn;gn,185001-185912;186001-186912;187001-187912;188001-188912;189001-189912;190001-190912;191001-191912;192001-192912;193001-193912;194001-194912;195001-195912;196001-196912;197001-197912;198001-198912;199001-199912;200001-200912;201001-201412
NorESM2-LM,piClim-histall,r2i1p1f1,ambiguous,tas,rsdt;rlut;rsut,,,,,./NorESM2-LM/piClim-histall/rsdt_Amon_NorESM2-LM_piClim-histall_r2i1p1f1_gn_185001-185912.nc;./NorESM2-LM/piClim-histall/rsdt_Amon_NorESM2-LM_piClim-histall_r2i1p1f1_gn_186001-186912.nc;./NorESM2-LM/piClim-histall/rsdt_Amon_NorESM2-LM_piClim-histall_r2i1p1f1_gn_187001-187912.nc;./NorESM2-LM/piClim-histall/rsdt_Amon_NorESM2-LM_piClim-histall_r2i1p1f1_gn_188001-188912.nc;./NorESM2-LM/piClim-histall/rsdt_Amon_NorESM2-LM_piClim-histall_r2i1p1f1_gn_189001-189912.nc;./NorESM2-LM/piClim-histall/rsdt_Amon_NorESM2-LM_piClim-histall_r2i1p1f1_gn_190001-190912.nc;./NorESM2-LM/piClim-histall/rsdt_Amon_NorESM2-LM_piClim-histall_r2i1p1f1_gn_191001-191912.nc;./NorESM2-LM/piClim-histall/rsdt_Amon_NorESM2-LM_piClim-histall_r2i1p1f1_gn_192001-192912.nc;./NorESM2-LM/piClim-histall/rsdt_Amon_NorESM2-LM_piClim-histall_r2i1p1f1_gn_193001-193912.nc;./NorESM2-LM/piClim-histall/rsdt_Amon_NorESM2-LM_piClim-histall_r2i1p1f1_gn_194001-194912.nc;./NorESM2-LM/piClim-histall/rsdt_Amon_NorESM2-LM_piClim-histall_r2i1p1f1_gn_195001-195912.nc;./NorESM2-LM/piClim-histall/rsdt_Amon_NorESM2-LM_piClim-histall_r2i1p1f1_gn_196001-196912.nc;./NorESM2-LM/piClim-histall/rsdt_Amon_NorESM2-LM_piClim-histall_r2i1p1f1_gn_197001-197912.nc;./NorESM2-LM/piClim-histall/rsdt_Amon_NorESM2-LM_piClim-histall_r2i1p1f1_gn_198001-198912.nc;./NorESM2-LM/piClim-histall/rsdt_Amon_NorESM2-LM_piClim-histall_r2i1p1f1_gn_199001-199912.nc;./NorESM2-LM/piClim-histall/rsdt_Amon_NorESM2-LM_piClim-histall_r2i1p1f1_gn_200001-200912.nc;./NorESM2-LM/piClim-histall/rsdt_Amon_NorESM2-LM_piClim-histall_r2i1p1f1_gn_201001-201412.nc,Amon;Amon;Amon;Amon;Amon;Amon;Amon;Amon;Amon;Amon;Amon;Amon;Amon;Amon;Amon;Amon;Amon,gn;gn;gn;gn;gn;gn;gn;gn;gn;gn;gn;gn;gn;gn;gn;gn;gn,185001-185912;186001-186912;187001-187912;188001-188912;189001-189912;190001-190912;191001-191912;192001-192912;193001-193912;194001-194912;195001-195912;196001-196912;197001-197912;198001-198912;199001-199912;200001-200912;201001-201412,./NorESM2-LM/piClim-histall/rlut_Amon_NorESM2-LM_piClim-histall_r2i1p1f1_gn_185001-185912.nc;./NorESM2-LM/piClim-histall/rlut_Amon_NorESM2-LM_piClim-histall_r2i1p1f1_gn_186001-186912.nc;./NorESM2-LM/piClim-histall/rlut_Amon_NorESM2-LM_piClim-histall_r2i1p1f1_gn_187001-187912.nc;./NorESM2-LM/piClim-histall/rlut_Amon_NorESM2-LM_piClim-histall_r2i1p1f1_gn_188001-188912.nc;./NorESM2-LM/piClim-histall/rlut_Amon_NorESM2-LM_piClim-histall_r2i1p1f1_gn_189001-189912.nc;./NorESM2-LM/piClim-histall/rlut_Amon_NorESM2-LM_piClim-histall_r2i1p1f1_gn_190001-190912.nc;./NorESM2-LM/piClim-histall/rlut_Amon_NorESM2-LM_piClim-histall_r2i1p1f1_gn_191001-191912.nc;./NorESM2-LM/piClim-histall/rlut_Amon_NorESM2-LM_piClim-histall_r2i1p1f1_gn_192001-192912.nc;./NorESM2-LM/piClim-histall/rlut_Amon_NorESM2-LM_piClim-histall_r2i1p1f1_gn_193001-193912.nc;./NorESM2-LM/piClim-histall/rlut_Amon_NorESM2-LM_piClim-histall_r2i1p1f1_gn_194001-194912.nc;./NorESM2-LM/piClim-histall/rlut_Amon_NorESM2-LM_piClim-histall_r2i1p1f1_gn_195001-195912.nc;./NorESM2-LM/piClim-histall/rlut_Amon_NorESM2-LM_piClim-histall_r2i1p1f1_gn_196001-196912.nc;./NorESM2-LM/piClim-histall/rlut_Amon_NorESM2-LM_piClim-histall_r2i1p1f1_gn_197001-197912.nc;./NorESM2-LM/piClim-histall/rlut_Amon_NorESM2-LM_piClim-histall_r2i1p1f1_gn_198001-198912.nc;./NorESM2-LM/piClim-histall/rlut_Amon_NorESM2-LM_piClim-histall_r2i1p1f1_gn_199001-199912.nc;./NorESM2-LM/piClim-histall/rlut_Amon_NorESM2-LM_piClim-histall_r2i1p1f1_gn_200001-200912.nc;./NorESM2-LM/piClim-histall/rlut_Amon_NorESM2-LM_piClim-histall_r2i1p1f1_gn_201001-201412.nc,Amon;Amon;Amon;Amon;Amon;Amon;Amon;Amon;Amon;Amon;Amon;Amon;Amon;Amon;Amon;Amon;Amon,gn;gn;gn;gn;gn;gn;gn;gn;gn;gn;gn;gn;gn;gn;gn;gn;gn,185001-185912;186001-186912;187001-187912;188001-188912;189001-189912;190001-190912;191001-191912;192001-192912;193001-193912;194001-194912;195001-195912;196001-196912;197001-197912;198001-198912;199001-199912;200001-200912;201001-201412,./NorESM2-LM/piClim-histall/rsut_Amon_NorESM2-LM_piClim-histall_r2i1p1f1_gn_185001-185912.nc;./NorESM2-LM/piClim-histall/rsut_Amon_NorESM2-LM_piClim-histall_r2i1p1f1_gn_186001-186912.nc;./NorESM2-LM/piClim-histall/rsut_Amon_NorESM2-LM_piClim-histall_r2i1p1f1_gn_187001-187912.nc;./NorESM2-LM/piClim-histall/rsut_Amon_NorESM2-LM_piClim-histall_r2i1p1f1_gn_188001-188912.nc;./NorESM2-LM/piClim-histall/rsut_Amon_NorESM2-LM_piClim-histall_r2i1p1f1_gn_189001-189912.nc;./NorESM2-LM/piClim-histall/rsut_Amon_NorESM2-LM_piClim-histall_r2i1p1f1_gn_190001-190912.nc;./NorESM2-LM/piClim-histall/rsut_Amon_NorESM2-LM_piClim-histall_r2i1p1f1_gn_191001-191912.nc;./NorESM2-LM/piClim-histall/rsut_Amon_NorESM2-LM_piClim-histall_r2i1p1f1_gn_192001-192912.nc;./NorESM2-LM/piClim-histall/rsut_Amon_NorESM2-LM_piClim-histall_r2i1p1f1_gn_193001-193912.nc;./NorESM2-LM/piClim-histall/rsut_Amon_NorESM2-LM_piClim-histall_r2i1p1f1_gn_194001-194912.nc;./NorESM2-LM/piClim-histall/rsut_Amon_NorESM2-LM_piClim-histall_r2i1p1f1_gn_195001-195912.nc;./NorESM2-LM/piClim-histall/rsut_Amon_NorESM2-LM_piClim-histall_r2i1p1f1_gn_196001-196912.nc;./NorESM2-LM/piClim-histall/rsut_Amon_NorESM2-LM_piClim-histall_r2i1p1f1_gn_197001-197912.nc;./NorESM2-LM/piClim-histall/rsut_Amon_NorESM2-LM_piClim-histall_r2i1p1f1_gn_198001-198912.nc;./NorESM2-LM/piClim-histall/rsut_Amon_NorESM2-LM_piClim-histall_r2i1p1f1_gn_199001-199912.nc;./NorESM2-LM/piClim-histall/rsut_Amon_NorESM2-LM_piClim-histall_r2i1p1f1_gn_200001-200912.nc;./NorESM2-LM/piClim-histall/rsut_Amon_NorESM2-LM_piClim-histall_r2i1p1f1_gn_201001-201412.nc,Amon;Amon;Amon;Amon;Amon;Amon;Amon;Amon;Amon;Amon;Amon;Amon;Amon;Amon;Amon;Amon;Amon,gn;gn;gn;gn;gn;gn;gn;gn;gn;gn;gn;gn;gn;gn;gn;gn;gn,185001-185912;186001-186912;187001-187912;188001-188912;189001-189912;190001-190912;191001-191912;192001-192912;193001-193912;194001-194912;195001-195912;196001-196912;197001-197912;198001-198912;199001-199912;200001-200912;201001-201412
NorESM2-LM,piClim-histall,r3i1p1f1,ambiguous,tas,rsdt;rlut;rsut,,,,,./NorESM2-LM/piClim-histall/rsdt_Amon_NorESM2-LM_piClim-histall_r3i1p1f1_gn_185001-185912.nc;./NorESM2-LM/piClim-histall/rsdt_Amon_NorESM2-LM_piClim-histall_r3i1p1f1_gn_186001-186912.nc;./NorESM2-LM/piClim-histall/rsdt_Amon_NorESM2-LM_piClim-histall_r3i1p1f1_gn_187001-187912.nc;./NorESM2-LM/piClim-histall/rsdt_Amon_NorESM2-LM_piClim-histall_r3i1p1f1_gn_188001-188912.nc;./NorESM2-LM/piClim-histall/rsdt_Amon_NorESM2-LM_piClim-histall_r3i1p1f1_gn_189001-189912.nc;./NorESM2-LM/piClim-histall/rsdt_Amon_NorESM2-LM_piClim-histall_r3i1p1f1_gn_190001-190912.nc;./NorESM2-LM/piClim-histall/rsdt_Amon_NorESM2-LM_piClim-histall_r3i1p1f1_gn_191001-191912.nc;./NorESM2-LM/piClim-histall/rsdt_Amon_NorESM2-LM_piClim-histall_r3i1p1f1_gn_192001-192912.nc;./NorESM2-LM/piClim-histall/rsdt_Amon_NorESM2-LM_piClim-histall_r3i1p1f1_gn_193001-193912.nc;./NorESM2-LM/piClim-histall/rsdt_Amon_NorESM2-LM_piClim-histall_r3i1p1f1_gn_194001-194912.nc;./NorESM2-LM/piClim-histall/rsdt_Amon_NorESM2-LM_piClim-histall_r3i1p1f1_gn_195001-195912.nc;./NorESM2-LM/piClim-histall/rsdt_Amon_NorESM2-LM_piClim-histall_r3i1p1f1_gn_196001-196912.nc;./NorESM2-LM/piClim-histall/rsdt_Amon_NorESM2-LM_piClim-histall_r3i1p1f1_gn_197001-197912.nc;./NorESM2-LM/piClim-histall/rsdt_Amon_NorESM2-LM_piClim-histall_r3i1p1f1_gn_198001-198912.nc;./NorESM2-LM/piClim-histall/rsdt_Amon_NorESM2-LM_piClim-histall_r3i1p1f1_gn_199001-199912.nc;./NorESM2-LM/piClim-histall/rsdt_Amon_NorESM2-LM_piClim-histall_r3i1p1f1_gn_200001-200912.nc;./NorESM2-LM/piClim-histall/rsdt_Amon_NorESM2-LM_piClim-histall_r3i1p1f1_gn_201001-201412.nc,Amon;Amon;Amon;Amon;Amon;Amon;Amon;Amon;Amon;Amon;Amon;Amon;Amon;Amon;Amon;Amon;Amon,gn;gn;gn;gn;gn;gn;gn;gn;gn;gn;gn;gn;gn;gn;gn;gn;gn,185001-185912;186001-186912;187001-187912;188001-188912;189001-189912;190001-190912;191001-191912;192001-192912;193001-193912;194001-194912;195001-195912;196001-196912;197001-197912;198001-198912;199001-199912;200001-200912;201001-201412,./NorESM2-LM/piClim-histall/rlut_Amon_NorESM2-LM_piClim-histall_r3i1p1f1_gn_185001-185912.nc;./NorESM2-LM/piClim-histall/rlut_Amon_NorESM2-LM_piClim-histall_r3i1p1f1_gn_186001-186912.nc;./NorESM2-LM/piClim-histall/rlut_Amon_NorESM2-LM_piClim-histall_r3i1p1f1_gn_187001-187912.nc;./NorESM2-LM/piClim-histall/rlut_Amon_NorESM2-LM_piClim-histall_r3i1p1f1_gn_188001-188912.nc;./NorESM2-LM/piClim-histall/rlut_Amon_NorESM2-LM_piClim-histall_r3i1p1f1_gn_189001-189912.nc;./NorESM2-LM/piClim-histall/rlut_Amon_NorESM2-LM_piClim-histall_r3i1p1f1_gn_190001-190912.nc;./NorESM2-LM/piClim-histall/rlut_Amon_NorESM2-LM_piClim-histall_r3i1p1f1_gn_191001-191912.nc;./NorESM2-LM/piClim-histall/rlut_Amon_NorESM2-LM_piClim-histall_r3i1p1f1_gn_192001-192912.nc;./NorESM2-LM/piClim-histall/rlut_Amon_NorESM2-LM_piClim-histall_r3i1p1f1_gn_193001-193912.nc;./NorESM2-LM/piClim-histall/rlut_Amon_NorESM2-LM_piClim-histall_r3i1p1f1_gn_194001-194912.nc;./NorESM2-LM/piClim-histall/rlut_Amon_NorESM2-LM_piClim-histall_r3i1p1f1_gn_195001-195912.nc;./NorESM2-LM/piClim-histall/rlut_Amon_NorESM2-LM_piClim-histall_r3i1p1f1_gn_196001-196912.nc;./NorESM2-LM/piClim-histall/rlut_Amon_NorESM2-LM_piClim-histall_r3i1p1f1_gn_197001-197912.nc;./NorESM2-LM/piClim-histall/rlut_Amon_NorESM2-LM_piClim-histall_r3i1p1f1_gn_198001-198912.nc;./NorESM2-LM/piClim-histall/rlut_Amon_NorESM2-LM_piClim-histall_r3i1p1f1_gn_199001-199912.nc;./NorESM2-LM/piClim-histall/rlut_Amon_NorESM2-LM_piClim-histall_r3i1p1f1_gn_200001-200912.nc;./NorESM2-LM/piClim-histall/rlut_Amon_NorESM2-LM_piClim-histall_r3i1p1f1_gn_201001-201412.nc,Amon;Amon;Amon;Amon;Amon;Amon;Amon;Amon;Amon;Amon;Amon;Amon;Amon;Amon;Amon;Amon;Amon,gn;gn;gn;gn;gn;gn;gn;gn;gn;gn;gn;gn;gn;gn;gn;gn;gn,185001-185912;186001-186912;187001-187912;188001-188912;189001-189912;190001-190912;191001-191912;192001-192912;193001-193912;194001-194912;195001-195912;196001-196912;197001-197912;198001-198912;199001-199912;200001-200912;201001-201412,./NorESM2-LM/piClim-histall/rsut_Amon_NorESM2-LM_piClim-histall_r3i1p1f1_gn_185001-185912.nc;./NorESM2-LM/piClim-histall/rsut_Amon_NorESM2-LM_piClim-histall_r3i1p1f1_gn_186001-186912.nc;./NorESM2-LM/piClim-histall/rsut_Amon_NorESM2-LM_piClim-histall_r3i1p1f1_gn_187001-187912.nc;./NorESM2-LM/piClim-histall/rsut_Amon_NorESM2-LM_piClim-histall_r3i1p1f1_gn_188001-188912.nc;./NorESM2-LM/piClim-histall/rsut_Amon_NorESM2-LM_piClim-histall_r3i1p1f1_gn_189001-189912.nc;./NorESM2-LM/piClim-histall/rsut_Amon_NorESM2-LM_piClim-histall_r3i1p1f1_gn_190001-190912.nc;./NorESM2-LM/piClim-histall/rsut_Amon_NorESM2-LM_piClim-histall_r3i1p1f1_gn_191001-191912.nc;./NorESM2-LM/piClim-histall/rsut_Amon_NorESM2-LM_piClim-histall_r3i1p1f1_gn_192001-192912.nc;./NorESM2-LM/piClim-histall/rsut_Amon_NorESM2-LM_piClim-histall_r3i1p1f1_gn_193001-193912.nc;./NorESM2-LM/piClim-histall/rsut_Amon_NorESM2-LM_piClim-histall_r3i1p1f1_gn_194001-194912.nc;./NorESM2-LM/piClim-histall/rsut_Amon_NorESM2-LM_piClim-histall_r3i1p1f1_gn_195001-195912.nc;./NorESM2-LM/piClim-histall/rsut_Amon_NorESM2-LM_piClim-histall_r3i1p1f1_gn_196001-196912.nc;./NorESM2-LM/piClim-histall/rsut_Amon_NorESM2-LM_piClim-histall_r3i1p1f1_gn_197001-197912.nc;./NorESM2-LM/piClim-histall/rsut_Amon_NorESM2-LM_piClim-histall_r3i1p1f1_gn_198001-198912.nc;./NorESM2-LM/piClim-histall/rsut_Amon_NorESM2-LM_piClim-histall_r3i1p1f1_gn_199001-199912.nc;./NorESM2-LM/piClim-histall/rsut_Amon_NorESM2-LM_piClim-histall_r3i1p1f1_gn_200001-200912.nc;./NorESM2-LM/piClim-histall/rsut_Amon_NorESM2-LM_piClim-histall_r3i1p1f1_gn_201001-201412.nc,Amon;Amon;Amon;Amon;Amon;Amon;Amon;Amon;Amon;Amon;Amon;Amon;Amon;Amon;Amon;Amon;Amon,gn;gn;gn;gn;gn;gn;gn;gn;gn;gn;gn;gn;gn;gn;gn;gn;gn,185001-185912;186001-186912;187001-187912;188001-188912;189001-189912;190001-190912;191001-191912;192001-192912;193001-193912;194001-194912;195001-195912;196001-196912;197001-197912;198001-198912;199001-199912;200001-200912;201001-201412
NorESM2-LM,ssp245,r1i1p1f1,ambiguous,,tas;rsdt;rlut;rsut,./NorESM2-LM/ssp245/tas_Amon_NorESM2-LM_ssp245_r1i1p1f1_gn_201501-202012.nc;./NorESM2-LM/ssp245/tas_Amon_NorESM2-LM_ssp245_r1i1p1f1_gn_202101-203012.nc;./NorESM2-LM/ssp245/tas_Amon_NorESM2-LM_ssp245_r1i1p1f1_gn_203101-204012.nc;./NorESM2-LM/ssp245/tas_Amon_NorESM2-LM_ssp245_r1i1p1f1_gn_204101-205012.nc;./NorESM2-LM/ssp245/tas_Amon_NorESM2-LM_ssp245_r1i1p1f1_gn_205101-206012.nc;./NorESM2-LM/ssp245/tas_Amon_NorESM2-LM_ssp245_r1i1p1f1_gn_206101-207012.nc;./NorESM2-LM/ssp245/tas_Amon_NorESM2-LM_ssp245_r1i1p1f1_gn_207101-208012.nc;./NorESM2-LM/ssp245/tas_Amon_NorESM2-LM_ssp245_r1i1p1f1_gn_208101-209012.nc;./NorESM2-LM/ssp245/tas_Amon_NorESM2-LM_ssp245_r1i1p1f1_gn_209101-210012.nc,Amon;Amon;Amon;Amon;Amon;Amon;Amon;Amon;Amon,gn;gn;gn;gn;gn;gn;gn;gn;gn,201501-202012;202101-203012;203101-204012;204101-205012;205101-206012;206101-207012;207101-208012;208101-209012;209101-210012,./NorESM2-LM/ssp245/rsdt_Amon_NorESM2-LM_ssp245_r1i1p1f1_gn_201501-202012.nc;./NorESM2-LM/ssp245/rsdt_Amon_NorESM2-LM_ssp245_r1i1p1f1_gn_202101-203012.nc;./NorESM2-LM/ssp245/rsdt_Amon_NorESM2-LM_ssp245_r1i1p1f1_gn_203101-204012.nc;./NorESM2-LM/ssp245/rsdt_Amon_NorESM2-LM_ssp245_r1i1p1f1_gn_204101-205012.nc;./NorESM2-LM/ssp245/rsdt_Amon_NorESM2-LM_ssp245_r1i1p1f1_gn_205101-206012.nc;./NorESM2-LM/ssp245/rsdt_Amon_NorESM2-LM_ssp245_r1i1p1f1_gn_206101-207012.nc;./NorESM2-LM/ssp245/rsdt_Amon_NorESM2-LM_ssp245_r1i1p1f1_gn_207101-208012.nc;./NorESM2-LM/ssp245/rsdt_Amon_NorESM2-LM_ssp245_r1i1p1f1_gn_208101-209012.nc;./NorESM2-LM/ssp245/rsdt_Amon_NorESM2-LM_ssp245_r1i1p1f1_gn_209101-210012.nc,Amon;Amon;Amon;Amon;Amon;Amon;Amon;Amon;Amon,gn;gn;gn;gn;gn;gn;gn;gn;gn,201501-202012;202101-203012;203101-204012;204101-205012;205101-206012;206101-207012;207101-208012;208101-209012;209101-210012,./NorESM2-LM/ssp245/rlut_Amon_NorESM2-LM_ssp245_r1i1p1f1_gn_201501-202012.nc;./NorESM2-LM/ssp245/rlut_Amon_NorESM2-LM_ssp245_r1i1p1f1_gn_202101-203012.nc;./NorESM2-LM/ssp245/rlut_Amon_NorESM2-LM_ssp245_r1i1p1f1_gn_203101-204012.nc;./NorESM2-LM/ssp245/rlut_Amon_NorESM2-LM_ssp245_r1i1p1f1_gn_204101-205012.nc;./NorESM2-LM/ssp245/rlut_Amon_NorESM2-LM_ssp245_r1i1p1f1_gn_205101-206012.nc;./NorESM2-LM/ssp245/rlut_Amon_NorESM2-LM_ssp245_r1i1p1f1_gn_206101-207012.nc;./NorESM2-LM/ssp245/rlut_Amon_NorESM2-LM_ssp245_r1i1p1f1_gn_207101-208012.nc;./NorESM2-LM/ssp245/rlut_Amon_NorESM2-LM_ssp245_r1i1p1f1_gn_208101-209012.nc;./NorESM2-LM/ssp245/rlut_Amon_NorESM2-LM_ssp245_r1i1p1f1_gn_209101-210012.nc,Amon;Amon;Amon;Amon;Amon;Amon;Amon;Amon;Amon,gn;gn;gn;gn;gn;gn;gn;gn;gn,201501-202012;202101-203012;203101-204012;204101-205012;205101-206012;206101-207012;207101-208012;208101-209012;209101-210012,./NorESM2-LM/ssp245/rsut_Amon_NorESM2-LM_ssp245_r1i1p1f1_gn_201501-202012.nc;./NorESM2-LM/ssp245/rsut_Amon_NorESM2-LM_ssp245_r1i1p1f1_gn_202101-203012.nc;./NorESM2-LM/ssp245/rsut_Amon_NorESM2-LM_ssp245_r1i1p1f1_gn_203101-204012.nc;./NorESM2-LM/ssp245/rsut_Amon_NorESM2-LM_ssp245_r1i1p1f1_gn_204101-205012.nc;./NorESM2-LM/ssp245/rsut_Amon_NorESM2-LM_ssp245_r1i1p1f1_gn_205101-206012.nc;./NorESM2-LM/ssp245/rsut_Amon_NorESM2-LM_ssp245_r1i1p1f1_gn_206101-207012.nc;./NorESM2-LM/ssp245/rsut_Amon_NorESM2-LM_ssp245_r1i1p1f1_gn_207101-208012.nc;./NorESM2-LM/ssp245/rsut_Amon_NorESM2-LM_ssp245_r1i1p1f1_gn_208101-209012.nc;./NorESM2-LM/ssp245/rsut_Amon_NorESM2-LM_ssp245_r1i1p1f1_gn_209101-210012.nc,Amon;Amon;Amon;Amon;Amon;Amon;Amon;Amon;Amon,gn;gn;gn;gn;gn;gn;gn;gn;gn,201501-202012;202101-203012;203101-204012;204101-205012;205101-206012;206101-207012;207101-208012;208101-209012;209101-210012
NorESM2-LM,ssp245,r2i1p1f1,ambiguous,,tas;rsdt;rlut;rsut,./NorESM2-LM/ssp245/tas_Amon_NorESM2-LM_ssp245_r2i1p1f1_gn_201501-202012.nc;./NorESM2-LM/ssp245/tas_Amon_NorESM2-LM_ssp245_r2i1p1f1_gn_202101-203012.nc;./NorESM2-LM/ssp245/tas_Amon_NorESM2-LM_ssp245_r2i1p1f1_gn_203101-204012.nc;./NorESM2-LM/ssp245/tas_Amon_NorESM2-LM_ssp245_r2i1p1f1_gn_204101-205012.nc;./NorESM2-LM/ssp245/tas_Amon_NorESM2-LM_ssp245_r2i1p1f1_gn_205101-206012.nc;./NorESM2-LM/ssp245/tas_Amon_NorESM2-LM_ssp245_r2i1p1f1_gn_206101-207012.nc;./NorESM2-LM/ssp245/tas_Amon_NorESM2-LM_ssp245_r2i1p1f1_gn_207101-208012.nc;./NorESM2-LM/ssp245/tas_Amon_NorESM2-LM_ssp245_r2i1p1f1_gn_208101-209012.nc;./NorESM2-LM/ssp245/tas_Amon_NorESM2-LM_ssp245_r2i1p1f1_gn_209101-210012.nc,Amon;Amon;Amon;Amon;Amon;Amon;Amon;Amon;Amon,gn;gn;gn;gn;gn;gn;gn;gn;gn,201501-202012;202101-203012;203101-204012;204101-205012;205101-206012;206101-207012;207101-208012;208101-209012;209101-210012,./NorESM2-LM/ssp245/rsdt_Amon_NorESM2-LM_ssp245_r2i1p1f1_gn_201501-202012.nc;./NorESM2-LM/ssp245/rsdt_Amon_NorESM2-LM_ssp245_r2i1p1f1_gn_202101-203012.nc;./NorESM2-LM/ssp245/rsdt_Amon_NorESM2-LM_ssp245_r2i1p1f1_gn_203101-204012.nc;./NorESM2-LM/ssp245/rsdt_Amon_NorESM2-LM_ssp245_r2i1p1f1_gn_204101-205012.nc;./NorESM2-LM/ssp245/rsdt_Amon_NorESM2-LM_ssp245_r2i1p1f1_gn_205101-206012.nc;./NorESM2-LM/ssp245/rsdt_Amon_NorESM2-LM_ssp245_r2i1p1f1_gn_206101-207012.nc;./NorESM2-LM/ssp245/rsdt_Amon_NorESM2-LM_ssp245_r2i1p1f1_gn_207101-208012.nc;./NorESM2-LM/ssp245/rsdt_Amon_NorESM2-LM_ssp245_r2i1p1f1_gn_208101-209012.nc;./NorESM2-LM/ssp245/rsdt_Amon_NorESM2-LM_ssp245_r2i1p1f1_gn_209101-210012.nc,Amon;Amon;Amon;Amon;Amon;Amon;Amon;Amon;Amon,gn;gn;gn;gn;gn;gn;gn;gn;gn,201501-202012;202101-203012;203101-204012;204101-205012;205101-206012;206101-207012;207101-208012;208101-209012;209101-210012,./NorESM2-LM/ssp245/rlut_Amon_NorESM2-LM_ssp245_r2i1p1f1_gn_201501-202012.nc;./NorESM2-LM/ssp245/rlut_Amon_NorESM2-LM_ssp245_r2i1p1f1_gn_202101-203012.nc;./NorESM2-LM/ssp245/rlut_Amon_NorESM2-LM_ssp245_r2i1p1f1_gn_203101-204012.nc;./NorESM2-LM/ssp245/rlut_Amon_NorESM2-LM_ssp245_r2i1p1f1_gn_204101-205012.nc;./NorESM2-LM/ssp245/rlut_Amon_NorESM2-LM_ssp245_r2i1p1f1_gn_205101-206012.nc;./NorESM2-LM/ssp245/rlut_Amon_NorESM2-LM_ssp245_r2i1p1f1_gn_206101-207012.nc;./NorESM2-LM/ssp245/rlut_Amon_NorESM2-LM_ssp245_r2i1p1f1_gn_207101-208012.nc;./NorESM2-LM/ssp245/rlut_Amon_NorESM2-LM_ssp245_r2i1p1f1_gn_208101-209012.nc;./NorESM2-LM/ssp245/rlut_Amon_NorESM2-LM_ssp245_r2i1p1f1_gn_209101-210012.nc,Amon;Amon;Amon;Amon;Amon;Amon;Amon;Amon;Amon,gn;gn;gn;gn;gn;gn;gn;gn;gn,201501-202012;202101-203012;203101-204012;204101-205012;205101-206012;206101-207012;207101-208012;208101-209012;209101-210012,./NorESM2-LM/ssp245/rsut_Amon_NorESM2-LM_ssp245_r2i1p1f1_gn_201501-202012.nc;./NorESM2-LM/ssp245/rsut_Amon_NorESM2-LM_ssp245_r2i1p1f1_gn_202101-203012.nc;./NorESM2-LM/ssp245/rsut_Amon_NorESM2-LM_ssp245_r2i1p1f1_gn_203101-204012.nc;./NorESM2-LM/ssp245/rsut_Amon_NorESM2-LM_ssp245_r2i1p1f1_gn_204101-205012.nc;./NorESM2-LM/ssp245/rsut_Amon_NorESM2-LM_ssp245_r2i1p1f1_gn_205101-206012.nc;./NorESM2-LM/ssp245/rsut_Amon_NorESM2-LM_ssp245_r2i1p1f1_gn_206101-207012.nc;./NorESM2-LM/ssp245/rsut_Amon_NorESM2-LM_ssp245_r2i1p1f1_gn_207101-208012.nc;./NorESM2-LM/ssp245/rsut_Amon_NorESM2-LM_ssp245_r2i1p1f1_gn_208101-209012.nc;./NorESM2-LM/ssp245/rsut_Amon_NorESM2-LM_ssp245_r2i1p1f1_gn_209101-210012.nc,Amon;Amon;Amon;Amon;Amon;Amon;Amon;Amon;Amon,gn;gn;gn;gn;gn;gn;gn;gn;gn,201501-202012;202101-203012;203101-204012;204101-205012;205101-206012;206101-207012;207101-208012;208101-209012;209101-210012
NorESM2-LM,ssp245,r3i1p1f1,ambiguous,,tas;rsdt;rlut;rsut,./NorESM2-LM/ssp245/tas_Amon_NorESM2-LM_ssp245_r3i1p1f1_gn_201501-202012.nc;./NorESM2-LM/ssp245/tas_Amon_NorESM2-LM_ssp245_r3i1p1f1_gn_202101-203012.nc;./NorESM2-LM/ssp245/tas_Amon_NorESM2-LM_ssp245_r3i1p1f1_gn_203101-204012.nc;./NorESM2-LM/ssp245/tas_Amon_NorESM2-LM_ssp245_r3i1p1f1_gn_204101-205012.nc;./NorESM2-LM/ssp245/tas_Amon_NorESM2-LM_ssp245_r3i1p1f1_gn_205101-206012.nc;./NorESM2-LM/ssp245/tas_Amon_NorESM2-LM_ssp245_r3i1p1f1_gn_206101-207012.nc;./NorESM2-LM/ssp245/tas_Amon_NorESM2-LM_ssp245_r3i1p1f1_gn_207101-208012.nc;./NorESM2-LM/ssp245/tas_Amon_NorESM2-LM_ssp245_r3i1p1f1_gn_208101-209012.nc;./NorESM2-LM/ssp245/tas_Amon_NorESM2-LM_ssp245_r3i1p1f1_gn_209101-210012.nc,Amon;Amon;Amon;Amon;Amon;Amon;Amon;Amon;Amon,gn;gn;gn;gn;gn;gn;gn;gn;gn,201501-202012;202101-203012;203101-204012;204101-205012;205101-206012;206101-207012;207101-208012;208101-209012;209101-210012,./NorESM2-LM/ssp245/rsdt_Amon_NorESM2-LM_ssp245_r3i1p1f1_gn_201501-202012.nc;./NorESM2-LM/ssp245/rsdt_Amon_NorESM2-LM_ssp245_r3i1p1f1_gn_202101-203012.nc;./NorESM2-LM/ssp245/rsdt_Amon_NorESM2-LM_ssp245_r3i1p1f1_gn_203101-204012.nc;./NorESM2-LM/ssp245/rsdt_Amon_NorESM2-LM_ssp245_r3i1p1f1_gn_204101-205012.nc;./NorESM2-LM/ssp245/rsdt_Amon_NorESM2-LM_ssp245_r3i1p1f1_gn_205101-206012.nc;./NorESM2-LM/ssp245/rsdt_Amon_NorESM2-LM_ssp245_r3i1p1f1_gn_206101-207012.nc;./NorESM2-LM/ssp245/rsdt_Amon_NorESM2-LM_ssp245_r3i1p1f1_gn_207101-208012.nc;./NorESM2-LM/ssp245/rsdt_Amon_NorESM2-LM_ssp245_r3i1p1f1_gn_208101-209012.nc;./NorESM2-LM/ssp245/rsdt_Amon_NorESM2-LM_ssp245_r3i1p1f1_gn_209101-210012.nc,Amon;Amon;Amon;Amon;Amon;Amon;Amon;Amon;Amon,gn;gn;gn;gn;gn;gn;gn;gn;gn,201501-202012;202101-203012;203101-204012;204101-205012;205101-206012;206101-207012;207101-208012;208101-209012;209101-210012,./NorESM2-LM/ssp245/rlut_Amon_NorESM2-LM_ssp245_r3i1p1f1_gn_201501-202012.nc;./NorESM2-LM/ssp245/rlut_Amon_NorESM2-LM_ssp245_r3i1p1f1_gn_202101-203012.nc;./NorESM2-LM/ssp245/rlut_Amon_NorESM2-LM_ssp245_r3i1p1f1_gn_203101-204012.nc;./NorESM2-LM/ssp245/rlut_Amon_NorESM2-LM_ssp245_r3i1p1f1_gn_204101-205012.nc;./NorESM2-LM/ssp245/rlut_Amon_NorESM2-LM_ssp245_r3i1p1f1_gn_205101-206012.nc;./NorESM2-LM/ssp245/rlut_Amon_NorESM2-LM_ssp245_r3i1p1f1_gn_206101-207012.nc;./NorESM2-LM/ssp245/rlut_Amon_NorESM2-LM_ssp245_r3i1p1f1_gn_207101-208012.nc;./NorESM2-LM/ssp245/rlut_Amon_NorESM2-LM_ssp245_r3i1p1f1_gn_208101-209012.nc;./NorESM2-LM/ssp245/rlut_Amon_NorESM2-LM_ssp245_r3i1p1f1_gn_209101-210012.nc,Amon;Amon;Amon;Amon;Amon;Amon;Amon;Amon;Amon,gn;gn;gn;gn;gn;gn;gn;gn;gn,201501-202012;202101-203012;203101-204012;204101-205012;205101-206012;206101-207012;207101-208012;208101-209012;209101-210012,./NorESM2-LM/ssp245/rsut_Amon_NorESM2-LM_ssp245_r3i1p1f1_gn_201501-202012.nc;./NorESM2-LM/ssp245/rsut_Amon_NorESM2-LM_ssp245_r3i1p1f1_gn_202101-203012.nc;./NorESM2-LM/ssp245/rsut_Amon_NorESM2-LM_ssp245_r3i1p1f1_gn_203101-204012.nc;./NorESM2-LM/ssp245/rsut_Amon_NorESM2-LM_ssp245_r3i1p1f1_gn_204101-205012.nc;./NorESM2-LM/ssp245/rsut_Amon_NorESM2-LM_ssp245_r3i1p1f1_gn_205101-206012.nc;./NorESM2-LM/ssp245/rsut_Amon_NorESM2-LM_ssp245_r3i1p1f1_gn_206101-207012.nc;./NorESM2-LM/ssp245/rsut_Amon_NorESM2-LM_ssp245_r3i1p1f1_gn_207101-208012.nc;./NorESM2-LM/ssp245/rsut_Amon_NorESM2-LM_ssp245_r3i1p1f1_gn_208101-209012.nc;./NorESM2-LM/ssp245/rsut_Amon_NorESM2-LM_ssp245_r3i1p1f1_gn_209101-210012.nc,Amon;Amon;Amon;Amon;Amon;Amon;Amon;Amon;Amon,gn;gn;gn;gn;gn;gn;gn;gn;gn,201501-202012;202101-203012;203101-204012;204101-205012;205101-206012;206101-207012;207101-208012;208101-209012;209101-210012
TaiESM1,amip-hist,r1i1p1f1,ambiguous,,tas;rsdt;rlut;rsut,./TaiESM1/amip-hist/tas_Amon_TaiESM1_amip-hist_r1i1p1f1_gn_187001-197812.nc;./TaiESM1/amip-hist/tas_Amon_TaiESM1_amip-hist_r1i1p1f1_gn_197901-201012.nc;./TaiESM1/amip-hist/tas_Amon_TaiESM1_amip-hist_r1i1p1f1_gn_201101-201412.nc,Amon;Amon;Amon,gn;gn;gn,187001-197812;197901-201012;201101-201412,./TaiESM1/amip-hist/rsdt_Amon_TaiESM1_amip-hist_r1i1p1f1_gn_187001-197812.nc;./TaiESM1/amip-hist/rsdt_Amon_TaiESM1_amip-hist_r1i1p1f1_gn_197901-201012.nc;./TaiESM1/amip-hist/rsdt_Amon_TaiESM1_amip-hist_r1i1p1f1_gn_201101-201412.nc,Amon;Amon;Amon,gn;gn;gn,187001-197812;197901-201012;201101-201412,./TaiESM1/amip-hist/rlut_Amon_TaiESM1_amip-hist_r1i1p1f1_gn_187001-197812.nc;./TaiESM1/amip-hist/rlut_Amon_TaiESM1_amip-hist_r1i1p1f1_gn_197901-201012.nc;./TaiESM1/amip-hist/rlut_Amon_TaiESM1_amip-hist_r1i1p1f1_gn_201101-201412.nc,Amon;Amon;Amon,gn;gn;gn,187001-197812;197901-201012;201101-201412,./TaiESM1/amip-hist/rsut_Amon_TaiESM1_amip-hist_r1i1p1f1_gn_187001-197812.nc;./TaiESM1/amip-hist/rsut_Amon_TaiESM1_amip-hist_r1i1p1f1_gn_197901-201012.nc;./TaiESM1/amip-hist/rsut_Amon_TaiESM1_amip-hist_r1i1p1f1_gn_201101-201412.nc,Amon;Amon;Amon,gn;gn;gn,187001-197812;197901-201012;201101-201412
TaiESM1,amip-hist,r2i1p1f1,ambiguous,,tas;rsdt;rlut;rsut,./TaiESM1/amip-hist/tas_Amon_TaiESM1_amip-hist_r2i1p1f1_gn_187001-191912.nc;./TaiESM1/amip-hist/tas_Amon_TaiESM1_amip-hist_r2i1p1f1_gn_192001-201412.nc,Amon;Amon,gn;gn,187001-191912;192001-201412,./TaiESM1/amip-hist/rsdt_Amon_TaiESM1_amip-hist_r2i1p1f1_gn_187001-191912.nc;./TaiESM1/amip-hist/rsdt_Amon_TaiESM1_amip-hist_r2i1p1f1_gn_192001-201412.nc,Amon;Amon,gn;gn,187001-191912;192001-201412,./TaiESM1/amip-hist/rlut_Amon_TaiESM1_amip-hist_r2i1p1f1_gn_187001-191912.nc;./TaiESM1/amip-hist/rlut_Amon_TaiESM1_amip-hist_r2i1p1f1_gn_192001-201412.nc,Amon;Amon,gn;gn,187001-191912;192001-201412,./TaiESM1/amip-hist/rsut_Amon_TaiESM1_amip-hist_r2i1p1f1_gn_187001-191912.nc;./TaiESM1/amip-hist/rsut_Amon_TaiESM1_amip-hist_r2i1p1f1_gn_192001-201412.nc,Amon;Amon,gn;gn,187001-191912;192001-201412
TaiESM1,amip-hist,r3i1p1f1,complete,,,./TaiESM1/amip-hist/tas_Amon_TaiESM1_amip-hist_r3i1p1f1_gn_187001-201412.nc,Amon,gn,187001-201412,./TaiESM1/amip-hist/rsdt_Amon_TaiESM1_amip-hist_r3i1p1f1_gn_187001-201412.nc,Amon,gn,187001-201412,./TaiESM1/amip-hist/rlut_Amon_TaiESM1_amip-hist_r3i1p1f1_gn_187001-201412.nc,Amon,gn,187001-201412,./TaiESM1/amip-hist/rsut_Amon_TaiESM1_amip-hist_r3i1p1f1_gn_187001-201412.nc,Amon,gn,187001-201412
TaiESM1,amip-piForcing,r1i1p1f1,ambiguous,,tas;rsdt;rlut;rsut,./TaiESM1/amip-piForcing/tas_Amon_TaiESM1_amip-piForcing_r1i1p1f1_gn_185001-197812.nc;./TaiESM1/amip-piForcing/tas_Amon_TaiESM1_amip-piForcing_r1i1p1f1_gn_197901-201012.nc;./TaiESM1/amip-piForcing/tas_Amon_TaiESM1_amip-piForcing_r1i1p1f1_gn_201101-201412.nc,Amon;Amon;Amon,gn;gn;gn,185001-197812;197901-201012;201101-201412,./TaiESM1/amip-piForcing/rsdt_Amon_TaiESM1_amip-piForcing_r1i1p1f1_gn_185001-197812.nc;./TaiESM1/amip-piForcing/rsdt_Amon_TaiESM1_amip-piForcing_r1i1p1f1_gn_197901-201012.nc;./TaiESM1/amip-piForcing/rsdt_Amon_TaiESM1_amip-piForcing_r1i1p1f1_gn_201101-201412.nc,Amon;Amon;Amon,gn;gn;gn,185001-197812;197901-201012;201101-201412,./TaiESM1/amip-piForcing/rlut_Amon_TaiESM1_amip-piForcing_r1i1p1f1_gn_185001-197812.nc;./TaiESM1/amip-piForcing/rlut_Amon_TaiESM1_amip-piForcing_r1i1p1f1_gn_197901-201012.nc;./TaiESM1/amip-piForcing/rlut_Amon_TaiESM1_amip-piForcing_r1i1p1f1_gn_201101-201412.nc,Amon;Amon;Amon,gn;gn;gn,185001-197812;197901-201012;201101-201412,./TaiESM1/amip-piForcing/rsut_Amon_TaiESM1_amip-piForcing_r1i1p1f1_gn_185001-197812.nc;./TaiESM1/amip-piForcing/rsut_Amon_TaiESM1_amip-piForcing_r1i1p1f1_gn_197901-201012.nc;./TaiESM1/amip-piForcing/rsut_Amon_TaiESM1_amip-piForcing_r1i1p1f1_gn_201101-201412.nc,Amon;Amon;Amon,gn;gn;gn,185001-197812;197901-201012;201101-201412
_MMLEAv2,access_lens,r10i1p1f1,ambiguous,rsdt;rlut;rsut,tas,./_MMLEAv2/access_lens/tas_Amon_ACCESS-ESM1-5_historical_r10i1p1f1_g025_185001-201412.nc;./_MMLEAv2/access_lens/tas_Amon_ACCESS-ESM1-5_ssp370_r10i1p1f1_g025_201501-210012.nc;./_MMLEAv2/access_lens/tas_Amon_ACCESS-ESM1-5_ssp585_r10i1p1f1_g025_201501-210012.nc,Amon;Amon;Amon,g025;g025;g025,185001-201412;201501-210012;201501-210012,,,,,,,,,,,,
_MMLEAv2,access_lens,r11i1p1f1,ambiguous,rsdt;rlut;rsut,tas,./_MMLEAv2/access_lens/tas_Amon_ACCESS-ESM1-5_historical_r11i1p1f1_g025_185001-201412.nc;./_MMLEAv2/access_lens/tas_Amon_ACCESS-ESM1-5_ssp370_r11i1p1f1_g025_201501-210012.nc;./_MMLEAv2/access_lens/tas_Amon_ACCESS-ESM1-5_ssp585_r11i1p1f1_g025_201501-210012.nc,Amon;Amon;Amon,g025;g025;g025,185001-201412;201501-210012;201501-210012,,,,,,,,,,,,
_MMLEAv2,access_lens,r12i1p1f1,ambiguous,rsdt;rlut;rsut,tas,./_MMLEAv2/access_lens/tas_Amon_ACCESS-ESM1-5_historical_r12i1p1f1_g025_185001-201412.nc;./_MMLEAv2/access_lens/tas_Amon_ACCESS-ESM1-5_ssp370_r12i1p1f1_g025_201501-210012.nc;./_MMLEAv2/access_lens/tas_Amon_ACCESS-ESM1-5_ssp585_r12i1p1f1_g025_201501-210012.nc,Amon;Amon;Amon,g025;g025;g025,185001-201412;201501-210012;201501-210012,,,,,,,,,,,,
_MMLEAv2,access_lens,r13i1p1f1,ambiguous,rsdt;rlut;rsut,tas,./_MMLEAv2/access_lens/tas_Amon_ACCESS-ESM1-5_historical_r13i1p1f1_g025_185001-201412.nc;./_MMLEAv2/access_lens/tas_Amon_ACCESS-ESM1-5_ssp370_r13i1p1f1_g025_201501-210012.nc;./_MMLEAv2/access_lens/tas_Amon_ACCESS-ESM1-5_ssp585_r13i1p1f1_g025_201501-210012.nc,Amon;Amon;Amon,g025;g025;g025,185001-201412;201501-210012;201501-210012,,,,,,,,,,,,
_MMLEAv2,access_lens,r14i1p1f1,ambiguous,rsdt;rlut;rsut,tas,./_MMLEAv2/access_lens/tas_Amon_ACCESS-ESM1-5_historical_r14i1p1f1_g025_185001-201412.nc;./_MMLEAv2/access_lens/tas_Amon_ACCESS-ESM1-5_ssp370_r14i1p1f1_g025_201501-210012.nc;./_MMLEAv2/access_lens/tas_Amon_ACCESS-ESM1-5_ssp585_r14i1p1f1_g025_201501-210012.nc,Amon;Amon;Amon,g025;g025;g025,185001-201412;201501-210012;201501-210012,,,,,,,,,,,,
_MMLEAv2,access_lens,r15i1p1f1,ambiguous,rsdt;rlut;rsut,tas,./_MMLEAv2/access_lens/tas_Amon_ACCESS-ESM1-5_historical_r15i1p1f1_g025_185001-201412.nc;./_MMLEAv2/access_lens/tas_Amon_ACCESS-ESM1-5_ssp370_r15i1p1f1_g025_201501-210012.nc;./_MMLEAv2/access_lens/tas_Amon_ACCESS-ESM1-5_ssp585_r15i1p1f1_g025_201501-210012.nc,Amon;Amon;Amon,g025;g025;g025,185001-201412;201501-210012;201501-210012,,,,,,,,,,,,
_MMLEAv2,access_lens,r16i1p1f1,ambiguous,rsdt;rlut;rsut,tas,./_MMLEAv2/access_lens/tas_Amon_ACCESS-ESM1-5_historical_r16i1p1f1_g025_185001-201412.nc;./_MMLEAv2/access_lens/tas_Amon_ACCESS-ESM1-5_ssp370_r16i1p1f1_g025_201501-210012.nc;./_MMLEAv2/access_lens/tas_Amon_ACCESS-ESM1-5_ssp585_r16i1p1f1_g025_201501-210012.nc,Amon;Amon;Amon,g025;g025;g025,185001-201412;201501-210012;201501-210012,,,,,,,,,,,,
_MMLEAv2,access_lens,r17i1p1f1,ambiguous,rsdt;rlut;rsut,tas,./_MMLEAv2/access_lens/tas_Amon_ACCESS-ESM1-5_historical_r17i1p1f1_g025_185001-201412.nc;./_MMLEAv2/access_lens/tas_Amon_ACCESS-ESM1-5_ssp370_r17i1p1f1_g025_201501-210012.nc;./_MMLEAv2/access_lens/tas_Amon_ACCESS-ESM1-5_ssp585_r17i1p1f1_g025_201501-210012.nc,Amon;Amon;Amon,g025;g025;g025,185001-201412;201501-210012;201501-210012,,,,,,,,,,,,
_MMLEAv2,access_lens,r18i1p1f1,ambiguous,rsdt;rlut;rsut,tas,./_MMLEAv2/access_lens/tas_Amon_ACCESS-ESM1-5_historical_r18i1p1f1_g025_185001-201412.nc;./_MMLEAv2/access_lens/tas_Amon_ACCESS-ESM1-5_ssp370_r18i1p1f1_g025_201501-210012.nc;./_MMLEAv2/access_lens/tas_Amon_ACCESS-ESM1-5_ssp585_r18i1p1f1_g025_201501-210012.nc,Amon;Amon;Amon,g025;g025;g025,185001-201412;201501-210012;201501-210012,,,,,,,,,,,,
_MMLEAv2,access_lens,r19i1p1f1,ambiguous,rsdt;rlut;rsut,tas,./_MMLEAv2/access_lens/tas_Amon_ACCESS-ESM1-5_historical_r19i1p1f1_g025_185001-201412.nc;./_MMLEAv2/access_lens/tas_Amon_ACCESS-ESM1-5_ssp370_r19i1p1f1_g025_201501-210012.nc;./_MMLEAv2/access_lens/tas_Amon_ACCESS-ESM1-5_ssp585_r19i1p1f1_g025_201501-210012.nc,Amon;Amon;Amon,g025;g025;g025,185001-201412;201501-210012;201501-210012,,,,,,,,,,,,
_MMLEAv2,access_lens,r1i1p1f1,ambiguous,rsdt;rlut;rsut,tas,./_MMLEAv2/access_lens/tas_Amon_ACCESS-ESM1-5_historical_r1i1p1f1_g025_185001-201412.nc;./_MMLEAv2/access_lens/tas_Amon_ACCESS-ESM1-5_ssp370_r1i1p1f1_g025_201501-210012.nc;./_MMLEAv2/access_lens/tas_Amon_ACCESS-ESM1-5_ssp585_r1i1p1f1_g025_201501-210012.nc,Amon;Amon;Amon,g025;g025;g025,185001-201412;201501-210012;201501-210012,,,,,,,,,,,,
_MMLEAv2,access_lens,r20i1p1f1,ambiguous,rsdt;rlut;rsut,tas,./_MMLEAv2/access_lens/tas_Amon_ACCESS-ESM1-5_historical_r20i1p1f1_g025_185001-201412.nc;./_MMLEAv2/access_lens/tas_Amon_ACCESS-ESM1-5_ssp370_r20i1p1f1_g025_201501-210012.nc;./_MMLEAv2/access_lens/tas_Amon_ACCESS-ESM1-5_ssp585_r20i1p1f1_g025_201501-210012.nc,Amon;Amon;Amon,g025;g025;g025,185001-201412;201501-210012;201501-210012,,,,,,,,,,,,
_MMLEAv2,access_lens,r21i1p1f1,ambiguous,rsdt;rlut;rsut,tas,./_MMLEAv2/access_lens/tas_Amon_ACCESS-ESM1-5_historical_r21i1p1f1_g025_185001-201412.nc;./_MMLEAv2/access_lens/tas_Amon_ACCESS-ESM1-5_ssp370_r21i1p1f1_g025_201501-210012.nc;./_MMLEAv2/access_lens/tas_Amon_ACCESS-ESM1-5_ssp585_r21i1p1f1_g025_201501-210012.nc,Amon;Amon;Amon,g025;g025;g025,185001-201412;201501-210012;201501-210012,,,,,,,,,,,,
_MMLEAv2,access_lens,r22i1p1f1,ambiguous,rsdt;rlut;rsut,tas,./_MMLEAv2/access_lens/tas_Amon_ACCESS-ESM1-5_historical_r22i1p1f1_g025_185001-201412.nc;./_MMLEAv2/access_lens/tas_Amon_ACCESS-ESM1-5_ssp370_r22i1p1f1_g025_201501-210012.nc;./_MMLEAv2/access_lens/tas_Amon_ACCESS-ESM1-5_ssp585_r22i1p1f1_g025_201501-210012.nc,Amon;Amon;Amon,g025;g025;g025,185001-201412;201501-210012;201501-210012,,,,,,,,,,,,
_MMLEAv2,access_lens,r23i1p1f1,ambiguous,rsdt;rlut;rsut,tas,./_MMLEAv2/access_lens/tas_Amon_ACCESS-ESM1-5_historical_r23i1p1f1_g025_185001-201412.nc;./_MMLEAv2/access_lens/tas_Amon_ACCESS-ESM1-5_ssp370_r23i1p1f1_g025_201501-210012.nc;./_MMLEAv2/access_lens/tas_Amon_ACCESS-ESM1-5_ssp585_r23i1p1f1_g025_201501-210012.nc,Amon;Amon;Amon,g025;g025;g025,185001-201412;201501-210012;201501-210012,,,,,,,,,,,,
_MMLEAv2,access_lens,r24i1p1f1,ambiguous,rsdt;rlut;rsut,tas,./_MMLEAv2/access_lens/tas_Amon_ACCESS-ESM1-5_historical_r24i1p1f1_g025_185001-201412.nc;./_MMLEAv2/access_lens/tas_Amon_ACCESS-ESM1-5_ssp370_r24i1p1f1_g025_201501-210012.nc;./_MMLEAv2/access_lens/tas_Amon_ACCESS-ESM1-5_ssp585_r24i1p1f1_g025_201501-210012.nc,Amon;Amon;Amon,g025;g025;g025,185001-201412;201501-210012;201501-210012,,,,,,,,,,,,
_MMLEAv2,access_lens,r25i1p1f1,ambiguous,rsdt;rlut;rsut,tas,./_MMLEAv2/access_lens/tas_Amon_ACCESS-ESM1-5_historical_r25i1p1f1_g025_185001-201412.nc;./_MMLEAv2/access_lens/tas_Amon_ACCESS-ESM1-5_ssp370_r25i1p1f1_g025_201501-210012.nc;./_MMLEAv2/access_lens/tas_Amon_ACCESS-ESM1-5_ssp585_r25i1p1f1_g025_201501-210012.nc,Amon;Amon;Amon,g025;g025;g025,185001-201412;201501-210012;201501-210012,,,,,,,,,,,,
_MMLEAv2,access_lens,r26i1p1f1,ambiguous,rsdt;rlut;rsut,tas,./_MMLEAv2/access_lens/tas_Amon_ACCESS-ESM1-5_historical_r26i1p1f1_g025_185001-201412.nc;./_MMLEAv2/access_lens/tas_Amon_ACCESS-ESM1-5_ssp370_r26i1p1f1_g025_201501-210012.nc;./_MMLEAv2/access_lens/tas_Amon_ACCESS-ESM1-5_ssp585_r26i1p1f1_g025_201501-210012.nc,Amon;Amon;Amon,g025;g025;g025,185001-201412;201501-210012;201501-210012,,,,,,,,,,,,
_MMLEAv2,access_lens,r27i1p1f1,ambiguous,rsdt;rlut;rsut,tas,./_MMLEAv2/access_lens/tas_Amon_ACCESS-ESM1-5_historical_r27i1p1f1_g025_185001-201412.nc;./_MMLEAv2/access_lens/tas_Amon_ACCESS-ESM1-5_ssp370_r27i1p1f1_g025_201501-210012.nc;./_MMLEAv2/access_lens/tas_Amon_ACCESS-ESM1-5_ssp585_r27i1p1f1_g025_201501-210012.nc,Amon;Amon;Amon,g025;g025;g025,185001-201412;201501-210012;201501-210012,,,,,,,,,,,,
_MMLEAv2,access_lens,r28i1p1f1,ambiguous,rsdt;rlut;rsut,tas,./_MMLEAv2/access_lens/tas_Amon_ACCESS-ESM1-5_historical_r28i1p1f1_g025_185001-201412.nc;./_MMLEAv2/access_lens/tas_Amon_ACCESS-ESM1-5_ssp370_r28i1p1f1_g025_201501-210012.nc;./_MMLEAv2/access_lens/tas_Amon_ACCESS-ESM1-5_ssp585_r28i1p1f1_g025_201501-210012.nc,Amon;Amon;Amon,g025;g025;g025,185001-201412;201501-210012;201501-210012,,,,,,,,,,,,
_MMLEAv2,access_lens,r29i1p1f1,ambiguous,rsdt;rlut;rsut,tas,./_MMLEAv2/access_lens/tas_Amon_ACCESS-ESM1-5_historical_r29i1p1f1_g025_185001-201412.nc;./_MMLEAv2/access_lens/tas_Amon_ACCESS-ESM1-5_ssp370_r29i1p1f1_g025_201501-210012.nc;./_MMLEAv2/access_lens/tas_Amon_ACCESS-ESM1-5_ssp585_r29i1p1f1_g025_201501-210012.nc,Amon;Amon;Amon,g025;g025;g025,185001-201412;201501-210012;201501-210012,,,,,,,,,,,,
_MMLEAv2,access_lens,r2i1p1f1,ambiguous,rsdt;rlut;rsut,tas,./_MMLEAv2/access_lens/tas_Amon_ACCESS-ESM1-5_historical_r2i1p1f1_g025_185001-201412.nc;./_MMLEAv2/access_lens/tas_Amon_ACCESS-ESM1-5_ssp370_r2i1p1f1_g025_201501-210012.nc;./_MMLEAv2/access_lens/tas_Amon_ACCESS-ESM1-5_ssp585_r2i1p1f1_g025_201501-210012.nc,Amon;Amon;Amon,g025;g025;g025,185001-201412;201501-210012;201501-210012,,,,,,,,,,,,
_MMLEAv2,access_lens,r30i1p1f1,ambiguous,rsdt;rlut;rsut,tas,./_MMLEAv2/access_lens/tas_Amon_ACCESS-ESM1-5_historical_r30i1p1f1_g025_185001-201412.nc;./_MMLEAv2/access_lens/tas_Amon_ACCESS-ESM1-5_ssp370_r30i1p1f1_g025_201501-210012.nc;./_MMLEAv2/access_lens/tas_Amon_ACCESS-ESM1-5_ssp585_r30i1p1f1_g025_201501-210012.nc,Amon;Amon;Amon,g025;g025;g025,185001-201412;201501-210012;201501-210012,,,,,,,,,,,,
_MMLEAv2,access_lens,r31i1p1f1,ambiguous,rsdt;rlut;rsut,tas,./_MMLEAv2/access_lens/tas_Amon_ACCESS-ESM1-5_historical_r31i1p1f1_g025_185001-201412.nc;./_MMLEAv2/access_lens/tas_Amon_ACCESS-ESM1-5_ssp370_r31i1p1f1_g025_201501-210012.nc;./_MMLEAv2/access_lens/tas_Amon_ACCESS-ESM1-5_ssp585_r31i1p1f1_g025_201501-210012.nc,Amon;Amon;Amon,g025;g025;g025,185001-201412;201501-210012;201501-210012,,,,,,,,,,,,
_MMLEAv2,access_lens,r32i1p1f1,ambiguous,rsdt;rlut;rsut,tas,./_MMLEAv2/access_lens/tas_Amon_ACCESS-ESM1-5_historical_r32i1p1f1_g025_185001-201412.nc;./_MMLEAv2/access_lens/tas_Amon_ACCESS-ESM1-5_ssp370_r32i1p1f1_g025_201501-210012.nc;./_MMLEAv2/access_lens/tas_Amon_ACCESS-ESM1-5_ssp585_r32i1p1f1_g025_201501-210012.nc,Amon;Amon;Amon,g025;g025;g025,185001-201412;201501-210012;201501-210012,,,,,,,,,,,,
_MMLEAv2,access_lens,r33i1p1f1,ambiguous,rsdt;rlut;rsut,tas,./_MMLEAv2/access_lens/tas_Amon_ACCESS-ESM1-5_historical_r33i1p1f1_g025_185001-201412.nc;./_MMLEAv2/access_lens/tas_Amon_ACCESS-ESM1-5_ssp370_r33i1p1f1_g025_201501-210012.nc;./_MMLEAv2/access_lens/tas_Amon_ACCESS-ESM1-5_ssp585_r33i1p1f1_g025_201501-210012.nc,Amon;Amon;Amon,g025;g025;g025,185001-201412;201501-210012;201501-210012,,,,,,,,,,,,
_MMLEAv2,access_lens,r34i1p1f1,ambiguous,rsdt;rlut;rsut,tas,./_MMLEAv2/access_lens/tas_Amon_ACCESS-ESM1-5_historical_r34i1p1f1_g025_185001-201412.nc;./_MMLEAv2/access_lens/tas_Amon_ACCESS-ESM1-5_ssp370_r34i1p1f1_g025_201501-210012.nc;./_MMLEAv2/access_lens/tas_Amon_ACCESS-ESM1-5_ssp585_r34i1p1f1_g025_201501-210012.nc,Amon;Amon;Amon,g025;g025;g025,185001-201412;201501-210012;201501-210012,,,,,,,,,,,,
_MMLEAv2,access_lens,r35i1p1f1,ambiguous,rsdt;rlut;rsut,tas,./_MMLEAv2/access_lens/tas_Amon_ACCESS-ESM1-5_historical_r35i1p1f1_g025_185001-201412.nc;./_MMLEAv2/access_lens/tas_Amon_ACCESS-ESM1-5_ssp370_r35i1p1f1_g025_201501-210012.nc;./_MMLEAv2/access_lens/tas_Amon_ACCESS-ESM1-5_ssp585_r35i1p1f1_g025_201501-210012.nc,Amon;Amon;Amon,g025;g025;g025,185001-201412;201501-210012;201501-210012,,,,,,,,,,,,
_MMLEAv2,access_lens,r36i1p1f1,ambiguous,rsdt;rlut;rsut,tas,./_MMLEAv2/access_lens/tas_Amon_ACCESS-ESM1-5_historical_r36i1p1f1_g025_185001-201412.nc;./_MMLEAv2/access_lens/tas_Amon_ACCESS-ESM1-5_ssp370_r36i1p1f1_g025_201501-210012.nc;./_MMLEAv2/access_lens/tas_Amon_ACCESS-ESM1-5_ssp585_r36i1p1f1_g025_201501-210012.nc,Amon;Amon;Amon,g025;g025;g025,185001-201412;201501-210012;201501-210012,,,,,,,,,,,,
_MMLEAv2,access_lens,r37i1p1f1,ambiguous,rsdt;rlut;rsut,tas,./_MMLEAv2/access_lens/tas_Amon_ACCESS-ESM1-5_historical_r37i1p1f1_g025_185001-201412.nc;./_MMLEAv2/access_lens/tas_Amon_ACCESS-ESM1-5_ssp370_r37i1p1f1_g025_201501-210012.nc;./_MMLEAv2/access_lens/tas_Amon_ACCESS-ESM1-5_ssp585_r37i1p1f1_g025_201501-210012.nc,Amon;Amon;Amon,g025;g025;g025,185001-201412;201501-210012;201501-210012,,,,,,,,,,,,
_MMLEAv2,access_lens,r38i1p1f1,ambiguous,rsdt;rlut;rsut,tas,./_MMLEAv2/access_lens/tas_Amon_ACCESS-ESM1-5_historical_r38i1p1f1_g025_185001-201412.nc;./_MMLEAv2/access_lens/tas_Amon_ACCESS-ESM1-5_ssp370_r38i1p1f1_g025_201501-210012.nc;./_MMLEAv2/access_lens/tas_Amon_ACCESS-ESM1-5_ssp585_r38i1p1f1_g025_201501-210012.nc,Amon;Amon;Amon,g025;g025;g025,185001-201412;201501-210012;201501-210012,,,,,,,,,,,,
_MMLEAv2,access_lens,r39i1p1f1,ambiguous,rsdt;rlut;rsut,tas,./_MMLEAv2/access_lens/tas_Amon_ACCESS-ESM1-5_historical_r39i1p1f1_g025_185001-201412.nc;./_MMLEAv2/access_lens/tas_Amon_ACCESS-ESM1-5_ssp370_r39i1p1f1_g025_201501-210012.nc;./_MMLEAv2/access_lens/tas_Amon_ACCESS-ESM1-5_ssp585_r39i1p1f1_g025_201501-210012.nc,Amon;Amon;Amon,g025;g025;g025,185001-201412;201501-210012;201501-210012,,,,,,,,,,,,
_MMLEAv2,access_lens,r3i1p1f1,ambiguous,rsdt;rlut;rsut,tas,./_MMLEAv2/access_lens/tas_Amon_ACCESS-ESM1-5_historical_r3i1p1f1_g025_185001-201412.nc;./_MMLEAv2/access_lens/tas_Amon_ACCESS-ESM1-5_ssp370_r3i1p1f1_g025_201501-210012.nc;./_MMLEAv2/access_lens/tas_Amon_ACCESS-ESM1-5_ssp585_r3i1p1f1_g025_201501-210012.nc,Amon;Amon;Amon,g025;g025;g025,185001-201412;201501-210012;201501-210012,,,,,,,,,,,,
_MMLEAv2,access_lens,r40i1p1f1,ambiguous,rsdt;rlut;rsut,tas,./_MMLEAv2/access_lens/tas_Amon_ACCESS-ESM1-5_historical_r40i1p1f1_g025_185001-201412.nc;./_MMLEAv2/access_lens/tas_Amon_ACCESS-ESM1-5_ssp370_r40i1p1f1_g025_201501-210012.nc;./_MMLEAv2/access_lens/tas_Amon_ACCESS-ESM1-5_ssp585_r40i1p1f1_g025_201501-210012.nc,Amon;Amon;Amon,g025;g025;g025,185001-201412;201501-210012;201501-210012,,,,,,,,,,,,
_MMLEAv2,access_lens,r4i1p1f1,ambiguous,rsdt;rlut;rsut,tas,./_MMLEAv2/access_lens/tas_Amon_ACCESS-ESM1-5_historical_r4i1p1f1_g025_185001-201412.nc;./_MMLEAv2/access_lens/tas_Amon_ACCESS-ESM1-5_ssp370_r4i1p1f1_g025_201501-210012.nc;./_MMLEAv2/access_lens/tas_Amon_ACCESS-ESM1-5_ssp585_r4i1p1f1_g025_201501-210012.nc,Amon;Amon;Amon,g025;g025;g025,185001-201412;201501-210012;201501-210012,,,,,,,,,,,,
_MMLEAv2,access_lens,r5i1p1f1,ambiguous,rsdt;rlut;rsut,tas,./_MMLEAv2/access_lens/tas_Amon_ACCESS-ESM1-5_historical_r5i1p1f1_g025_185001-201412.nc;./_MMLEAv2/access_lens/tas_Amon_ACCESS-ESM1-5_ssp370_r5i1p1f1_g025_201501-210012.nc;./_MMLEAv2/access_lens/tas_Amon_ACCESS-ESM1-5_ssp585_r5i1p1f1_g025_201501-210012.nc,Amon;Amon;Amon,g025;g025;g025,185001-201412;201501-210012;201501-210012,,,,,,,,,,,,
_MMLEAv2,access_lens,r6i1p1f1,ambiguous,rsdt;rlut;rsut,tas,./_MMLEAv2/access_lens/tas_Amon_ACCESS-ESM1-5_historical_r6i1p1f1_g025_185001-201412.nc;./_MMLEAv2/access_lens/tas_Amon_ACCESS-ESM1-5_ssp370_r6i1p1f1_g025_201501-210012.nc;./_MMLEAv2/access_lens/tas_Amon_ACCESS-ESM1-5_ssp585_r6i1p1f1_g025_201501-210012.nc,Amon;Amon;Amon,g025;g025;g025,185001-201412;201501-210012;201501-210012,,,,,,,,,,,,
_MMLEAv2,access_lens,r7i1p1f1,ambiguous,rsdt;rlut;rsut,tas,./_MMLEAv2/access_lens/tas_Amon_ACCESS-ESM1-5_historical_r7i1p1f1_g025_185001-201412.nc;./_MMLEAv2/access_lens/tas_Amon_ACCESS-ESM1-5_ssp370_r7i1p1f1_g025_201501-210012.nc;./_MMLEAv2/access_lens/tas_Amon_ACCESS-ESM1-5_ssp585_r7i1p1f1_g025_201501-210012.nc,Amon;Amon;Amon,g025;g025;g025,185001-201412;201501-210012;201501-210012,,,,,,,,,,,,
_MMLEAv2,access_lens,r8i1p1f1,ambiguous,rsdt;rlut;rsut,tas,./_MMLEAv2/access_lens/tas_Amon_ACCESS-ESM1-5_historical_r8i1p1f1_g025_185001-201412.nc;./_MMLEAv2/access_lens/tas_Amon_ACCESS-ESM1-5_ssp370_r8i1p1f1_g025_201501-210012.nc;./_MMLEAv2/access_lens/tas_Amon_ACCESS-ESM1-5_ssp585_r8i1p1f1_g025_201501-210012.nc,Amon;Amon;Amon,g025;g025;g025,185001-201412;201501-210012;201501-210012,,,,,,,,,,,,
_MMLEAv2,access_lens,r9i1p1f1,ambiguous,rsdt;rlut;rsut,tas,./_MMLEAv2/access_lens/tas_Amon_ACCESS-ESM1-5_historical_r9i1p1f1_g025_185001-201412.nc;./_MMLEAv2/access_lens/tas_Amon_ACCESS-ESM1-5_ssp370_r9i1p1f1_g025_201501-210012.nc;./_MMLEAv2/access_lens/tas_Amon_ACCESS-ESM1-5_ssp585_r9i1p1f1_g025_201501-210012.nc,Amon;Amon;Amon,g025;g025;g025,185001-201412;201501-210012;201501-210012,,,,,,,,,,,,
_MMLEAv2,canesm5_lens,r10i1p1f1,ambiguous,rsdt;rlut;rsut,tas,./_MMLEAv2/canesm5_lens/tas_Amon_CanESM5_historical_r10i1p1f1_g025_185001-201412.nc;./_MMLEAv2/canesm5_lens/tas_Amon_CanESM5_ssp370_r10i1p1f1_g025_201501-210012.nc;./_MMLEAv2/canesm5_lens/tas_Amon_CanESM5_ssp585_r10i1p1f1_g025_201501-210012.nc,Amon;Amon;Amon,g025;g025;g025,185001-201412;201501-210012;201501-210012,,,,,,,,,,,,
_MMLEAv2,canesm5_lens,r10i1p2f1,ambiguous,rsdt;rlut;rsut,tas,./_MMLEAv2/canesm5_lens/tas_Amon_CanESM5_historical_r10i1p2f1_g025_185001-201412.nc;./_MMLEAv2/canesm5_lens/tas_Amon_CanESM5_ssp370_r10i1p2f1_g025_201501-210012.nc;./_MMLEAv2/canesm5_lens/tas_Amon_CanESM5_ssp585_r10i1p2f1_g025_201501-210012.nc,Amon;Amon;Amon,g025;g025;g025,185001-201412;201501-210012;201501-210012,,,,,,,,,,,,
_MMLEAv2,canesm5_lens,r11i1p1f1,ambiguous,rsdt;rlut;rsut,tas,./_MMLEAv2/canesm5_lens/tas_Amon_CanESM5_historical_r11i1p1f1_g025_185001-201412.nc;./_MMLEAv2/canesm5_lens/tas_Amon_CanESM5_ssp370_r11i1p1f1_g025_201501-210012.nc;./_MMLEAv2/canesm5_lens/tas_Amon_CanESM5_ssp585_r11i1p1f1_g025_201501-210012.nc,Amon;Amon;Amon,g025;g025;g025,185001-201412;201501-210012;201501-210012,,,,,,,,,,,,
_MMLEAv2,canesm5_lens,r11i1p2f1,ambiguous,rsdt;rlut;rsut,tas,./_MMLEAv2/canesm5_lens/tas_Amon_CanESM5_historical_r11i1p2f1_g025_185001-201412.nc;./_MMLEAv2/canesm5_lens/tas_Amon_CanESM5_ssp370_r11i1p2f1_g025_201501-210012.nc;./_MMLEAv2/canesm5_lens/tas_Amon_CanESM5_ssp585_r11i1p2f1_g025_201501-210012.nc,Amon;Amon;Amon,g025;g025;g025,185001-201412;201501-210012;201501-210012,,,,,,,,,,,,
_MMLEAv2,canesm5_lens,r12i1p1f1,ambiguous,rsdt;rlut;rsut,tas,./_MMLEAv2/canesm5_lens/tas_Amon_CanESM5_historical_r12i1p1f1_g025_185001-201412.nc;./_MMLEAv2/canesm5_lens/tas_Amon_CanESM5_ssp370_r12i1p1f1_g025_201501-210012.nc;./_MMLEAv2/canesm5_lens/tas_Amon_CanESM5_ssp585_r12i1p1f1_g025_201501-210012.nc,Amon;Amon;Amon,g025;g025;g025,185001-201412;201501-210012;201501-210012,,,,,,,,,,,,
_MMLEAv2,canesm5_lens,r12i1p2f1,ambiguous,rsdt;rlut;rsut,tas,./_MMLEAv2/canesm5_lens/tas_Amon_CanESM5_historical_r12i1p2f1_g025_185001-201412.nc;./_MMLEAv2/canesm5_lens/tas_Amon_CanESM5_ssp370_r12i1p2f1_g025_201501-210012.nc;./_MMLEAv2/canesm5_lens/tas_Amon_CanESM5_ssp585_r12i1p2f1_g025_201501-210012.nc,Amon;Amon;Amon,g025;g025;g025,185001-201412;201501-210012;201501-210012,,,,,,,,,,,,
_MMLEAv2,canesm5_lens,r13i1p1f1,ambiguous,rsdt;rlut;rsut,tas,./_MMLEAv2/canesm5_lens/tas_Amon_CanESM5_historical_r13i1p1f1_g025_185001-201412.nc;./_MMLEAv2/canesm5_lens/tas_Amon_CanESM5_ssp370_r13i1p1f1_g025_201501-210012.nc;./_MMLEAv2/canesm5_lens/tas_Amon_CanESM5_ssp585_r13i1p1f1_g025_201501-210012.nc,Amon;Amon;Amon,g025;g025;g025,185001-201412;201501-210012;201501-210012,,,,,,,,,,,,
_MMLEAv2,canesm5_lens,r13i1p2f1,ambiguous,rsdt;rlut;rsut,tas,./_MMLEAv2/canesm5_lens/tas_Amon_CanESM5_historical_r13i1p2f1_g025_185001-201412.nc;./_MMLEAv2/canesm5_lens/tas_Amon_CanESM5_ssp370_r13i1p2f1_g025_201501-210012.nc;./_MMLEAv2/canesm5_lens/tas_Amon_CanESM5_ssp585_r13i1p2f1_g025_201501-210012.nc,Amon;Amon;Amon,g025;g025;g025,185001-201412;201501-210012;201501-210012,,,,,,,,,,,,
_MMLEAv2,canesm5_lens,r14i1p1f1,ambiguous,rsdt;rlut;rsut,tas,./_MMLEAv2/canesm5_lens/tas_Amon_CanESM5_historical_r14i1p1f1_g025_185001-201412.nc;./_MMLEAv2/canesm5_lens/tas_Amon_CanESM5_ssp370_r14i1p1f1_g025_201501-210012.nc;./_MMLEAv2/canesm5_lens/tas_Amon_CanESM5_ssp585_r14i1p1f1_g025_201501-210012.nc,Amon;Amon;Amon,g025;g025;g025,185001-201412;201501-210012;201501-210012,,,,,,,,,,,,
_MMLEAv2,canesm5_lens,r14i1p2f1,ambiguous,rsdt;rlut;rsut,tas,./_MMLEAv2/canesm5_lens/tas_Amon_CanESM5_historical_r14i1p2f1_g025_185001-201412.nc;./_MMLEAv2/canesm5_lens/tas_Amon_CanESM5_ssp370_r14i1p2f1_g025_201501-210012.nc;./_MMLEAv2/canesm5_lens/tas_Amon_CanESM5_ssp585_r14i1p2f1_g025_201501-210012.nc,Amon;Amon;Amon,g025;g025;g025,185001-201412;201501-210012;201501-210012,,,,,,,,,,,,
_MMLEAv2,canesm5_lens,r15i1p1f1,ambiguous,rsdt;rlut;rsut,tas,./_MMLEAv2/canesm5_lens/tas_Amon_CanESM5_historical_r15i1p1f1_g025_185001-201412.nc;./_MMLEAv2/canesm5_lens/tas_Amon_CanESM5_ssp370_r15i1p1f1_g025_201501-210012.nc;./_MMLEAv2/canesm5_lens/tas_Amon_CanESM5_ssp585_r15i1p1f1_g025_201501-210012.nc,Amon;Amon;Amon,g025;g025;g025,185001-201412;201501-210012;201501-210012,,,,,,,,,,,,
_MMLEAv2,canesm5_lens,r15i1p2f1,ambiguous,rsdt;rlut;rsut,tas,./_MMLEAv2/canesm5_lens/tas_Amon_CanESM5_historical_r15i1p2f1_g025_185001-201412.nc;./_MMLEAv2/canesm5_lens/tas_Amon_CanESM5_ssp370_r15i1p2f1_g025_201501-210012.nc;./_MMLEAv2/canesm5_lens/tas_Amon_CanESM5_ssp585_r15i1p2f1_g025_201501-210012.nc,Amon;Amon;Amon,g025;g025;g025,185001-201412;201501-210012;201501-210012,,,,,,,,,,,,
_MMLEAv2,canesm5_lens,r16i1p1f1,ambiguous,rsdt;rlut;rsut,tas,./_MMLEAv2/canesm5_lens/tas_Amon_CanESM5_historical_r16i1p1f1_g025_185001-201412.nc;./_MMLEAv2/canesm5_lens/tas_Amon_CanESM5_ssp370_r16i1p1f1_g025_201501-210012.nc;./_MMLEAv2/canesm5_lens/tas_Amon_CanESM5_ssp585_r16i1p1f1_g025_201501-210012.nc,Amon;Amon;Amon,g025;g025;g025,185001-201412;201501-210012;201501-210012,,,,,,,,,,,,
_MMLEAv2,canesm5_lens,r16i1p2f1,ambiguous,rsdt;rlut;rsut,tas,./_MMLEAv2/canesm5_lens/tas_Amon_CanESM5_historical_r16i1p2f1_g025_185001-201412.nc;./_MMLEAv2/canesm5_lens/tas_Amon_CanESM5_ssp370_r16i1p2f1_g025_201501-210012.nc;./_MMLEAv2/canesm5_lens/tas_Amon_CanESM5_ssp585_r16i1p2f1_g025_201501-210012.nc,Amon;Amon;Amon,g025;g025;g025,185001-201412;201501-210012;201501-210012,,,,,,,,,,,,
_MMLEAv2,canesm5_lens,r17i1p1f1,ambiguous,rsdt;rlut;rsut,tas,./_MMLEAv2/canesm5_lens/tas_Amon_CanESM5_historical_r17i1p1f1_g025_185001-201412.nc;./_MMLEAv2/canesm5_lens/tas_Amon_CanESM5_ssp370_r17i1p1f1_g025_201501-210012.nc;./_MMLEAv2/canesm5_lens/tas_Amon_CanESM5_ssp585_r17i1p1f1_g025_201501-210012.nc,Amon;Amon;Amon,g025;g025;g025,185001-201412;201501-210012;201501-210012,,,,,,,,,,,,
_MMLEAv2,canesm5_lens,r17i1p2f1,ambiguous,rsdt;rlut;rsut,tas,./_MMLEAv2/canesm5_lens/tas_Amon_CanESM5_historical_r17i1p2f1_g025_185001-201412.nc;./_MMLEAv2/canesm5_lens/tas_Amon_CanESM5_ssp370_r17i1p2f1_g025_201501-210012.nc;./_MMLEAv2/canesm5_lens/tas_Amon_CanESM5_ssp585_r17i1p2f1_g025_201501-210012.nc,Amon;Amon;Amon,g025;g025;g025,185001-201412;201501-210012;201501-210012,,,,,,,,,,,,
_MMLEAv2,canesm5_lens,r18i1p1f1,ambiguous,rsdt;rlut;rsut,tas,./_MMLEAv2/canesm5_lens/tas_Amon_CanESM5_historical_r18i1p1f1_g025_185001-201412.nc;./_MMLEAv2/canesm5_lens/tas_Amon_CanESM5_ssp370_r18i1p1f1_g025_201501-210012.nc;./_MMLEAv2/canesm5_lens/tas_Amon_CanESM5_ssp585_r18i1p1f1_g025_201501-210012.nc,Amon;Amon;Amon,g025;g025;g025,185001-201412;201501-210012;201501-210012,,,,,,,,,,,,
_MMLEAv2,canesm5_lens,r18i1p2f1,ambiguous,rsdt;rlut;rsut,tas,./_MMLEAv2/canesm5_lens/tas_Amon_CanESM5_historical_r18i1p2f1_g025_185001-201412.nc;./_MMLEAv2/canesm5_lens/tas_Amon_CanESM5_ssp370_r18i1p2f1_g025_201501-210012.nc;./_MMLEAv2/canesm5_lens/tas_Amon_CanESM5_ssp585_r18i1p2f1_g025_201501-210012.nc,Amon;Amon;Amon,g025;g025;g025,185001-201412;201501-210012;201501-210012,,,,,,,,,,,,
_MMLEAv2,canesm5_lens,r19i1p1f1,ambiguous,rsdt;rlut;rsut,tas,./_MMLEAv2/canesm5_lens/tas_Amon_CanESM5_historical_r19i1p1f1_g025_185001-201412.nc;./_MMLEAv2/canesm5_lens/tas_Amon_CanESM5_ssp370_r19i1p1f1_g025_201501-210012.nc;./_MMLEAv2/canesm5_lens/tas_Amon_CanESM5_ssp585_r19i1p1f1_g025_201501-210012.nc,Amon;Amon;Amon,g025;g025;g025,185001-201412;201501-210012;201501-210012,,,,,,,,,,,,
_MMLEAv2,canesm5_lens,r19i1p2f1,ambiguous,rsdt;rlut;rsut,tas,./_MMLEAv2/canesm5_lens/tas_Amon_CanESM5_historical_r19i1p2f1_g025_185001-201412.nc;./_MMLEAv2/canesm5_lens/tas_Amon_CanESM5_ssp370_r19i1p2f1_g025_201501-210012.nc;./_MMLEAv2/canesm5_lens/tas_Amon_CanESM5_ssp585_r19i1p2f1_g025_201501-210012.nc,Amon;Amon;Amon,g025;g025;g025,185001-201412;201501-210012;201501-210012,,,,,,,,,,,,
_MMLEAv2,canesm5_lens,r1i1p1f1,ambiguous,rsdt;rlut;rsut,tas,./_MMLEAv2/canesm5_lens/tas_Amon_CanESM5_historical_r1i1p1f1_g025_185001-201412.nc;./_MMLEAv2/canesm5_lens/tas_Amon_CanESM5_ssp370_r1i1p1f1_g025_201501-210012.nc;./_MMLEAv2/canesm5_lens/tas_Amon_CanESM5_ssp585_r1i1p1f1_g025_201501-210012.nc,Amon;Amon;Amon,g025;g025;g025,185001-201412;201501-210012;201501-210012,,,,,,,,,,,,
_MMLEAv2,canesm5_lens,r1i1p2f1,ambiguous,rsdt;rlut;rsut,tas,./_MMLEAv2/canesm5_lens/tas_Amon_CanESM5_historical_r1i1p2f1_g025_185001-201412.nc;./_MMLEAv2/canesm5_lens/tas_Amon_CanESM5_ssp370_r1i1p2f1_g025_201501-210012.nc;./_MMLEAv2/canesm5_lens/tas_Amon_CanESM5_ssp585_r1i1p2f1_g025_201501-210012.nc,Amon;Amon;Amon,g025;g025;g025,185001-201412;201501-210012;201501-210012,,,,,,,,,,,,
_MMLEAv2,canesm5_lens,r20i1p1f1,ambiguous,rsdt;rlut;rsut,tas,./_MMLEAv2/canesm5_lens/tas_Amon_CanESM5_historical_r20i1p1f1_g025_185001-201412.nc;./_MMLEAv2/canesm5_lens/tas_Amon_CanESM5_ssp370_r20i1p1f1_g025_201501-210012.nc;./_MMLEAv2/canesm5_lens/tas_Amon_CanESM5_ssp585_r20i1p1f1_g025_201501-210012.nc,Amon;Amon;Amon,g025;g025;g025,185001-201412;201501-210012;201501-210012,,,,,,,,,,,,
_MMLEAv2,canesm5_lens,r20i1p2f1,ambiguous,rsdt;rlut;rsut,tas,./_MMLEAv2/canesm5_lens/tas_Amon_CanESM5_historical_r20i1p2f1_g025_185001-201412.nc;./_MMLEAv2/canesm5_lens/tas_Amon_CanESM5_ssp370_r20i1p2f1_g025_201501-210012.nc;./_MMLEAv2/canesm5_lens/tas_Amon_CanESM5_ssp585_r20i1p2f1_g025_201501-210012.nc,Amon;Amon;Amon,g025;g025;g025,185001-201412;201501-210012;201501-210012,,,,,,,,,,,,
_MMLEAv2,canesm5_lens,r21i1p1f1,ambiguous,rsdt;rlut;rsut,tas,./_MMLEAv2/canesm5_lens/tas_Amon_CanESM5_historical_r21i1p1f1_g025_185001-201412.nc;./_MMLEAv2/canesm5_lens/tas_Amon_CanESM5_ssp370_r21i1p1f1_g025_201501-210012.nc;./_MMLEAv2/canesm5_lens/tas_Amon_CanESM5_ssp585_r21i1p1f1_g025_201501-210012.nc,Amon;Amon;Amon,g025;g025;g025,185001-201412;201501-210012;201501-210012,,,,,,,,,,,,
_MMLEAv2,canesm5_lens,r21i1p2f1,ambiguous,rsdt;rlut;rsut,tas,./_MMLEAv2/canesm5_lens/tas_Amon_CanESM5_historical_r21i1p2f1_g025_185001-201412.nc;./_MMLEAv2/canesm5_lens/tas_Amon_CanESM5_ssp370_r21i1p2f1_g025_201501-210012.nc;./_MMLEAv2/canesm5_lens/tas_Amon_CanESM5_ssp585_r21i1p2f1_g025_201501-210012.nc,Amon;Amon;Amon,g025;g025;g025,185001-201412;201501-210012;201501-210012,,,,,,,,,,,,
_MMLEAv2,canesm5_lens,r22i1p1f1,ambiguous,rsdt;rlut;rsut,tas,./_MMLEAv2/canesm5_lens/tas_Amon_CanESM5_historical_r22i1p1f1_g025_185001-201412.nc;./_MMLEAv2/canesm5_lens/tas_Amon_CanESM5_ssp370_r22i1p1f1_g025_201501-210012.nc;./_MMLEAv2/canesm5_lens/tas_Amon_CanESM5_ssp585_r22i1p1f1_g025_201501-210012.nc,Amon;Amon;Amon,g025;g025;g025,185001-201412;201501-210012;201501-210012,,,,,,,,,,,,
_MMLEAv2,canesm5_lens,r22i1p2f1,ambiguous,rsdt;rlut;rsut,tas,./_MMLEAv2/canesm5_lens/tas_Amon_CanESM5_historical_r22i1p2f1_g025_185001-201412.nc;./_MMLEAv2/canesm5_lens/tas_Amon_CanESM5_ssp370_r22i1p2f1_g025_201501-210012.nc;./_MMLEAv2/canesm5_lens/tas_Amon_CanESM5_ssp585_r22i1p2f1_g025_201501-210012.nc,Amon;Amon;Amon,g025;g025;g025,185001-201412;201501-210012;201501-210012,,,,,,,,,,,,
_MMLEAv2,canesm5_lens,r23i1p1f1,ambiguous,rsdt;rlut;rsut,tas,./_MMLEAv2/canesm5_lens/tas_Amon_CanESM5_historical_r23i1p1f1_g025_185001-201412.nc;./_MMLEAv2/canesm5_lens/tas_Amon_CanESM5_ssp370_r23i1p1f1_g025_201501-210012.nc;./_MMLEAv2/canesm5_lens/tas_Amon_CanESM5_ssp585_r23i1p1f1_g025_201501-210012.nc,Amon;Amon;Amon,g025;g025;g025,185001-201412;201501-210012;201501-210012,,,,,,,,,,,,
_MMLEAv2,canesm5_lens,r23i1p2f1,ambiguous,rsdt;rlut;rsut,tas,./_MMLEAv2/canesm5_lens/tas_Amon_CanESM5_historical_r23i1p2f1_g025_185001-201412.nc;./_MMLEAv2/canesm5_lens/tas_Amon_CanESM5_ssp370_r23i1p2f1_g025_201501-210012.nc;./_MMLEAv2/canesm5_lens/tas_Amon_CanESM5_ssp585_r23i1p2f1_g025_201501-210012.nc,Amon;Amon;Amon,g025;g025;g025,185001-201412;201501-210012;201501-210012,,,,,,,,,,,,
_MMLEAv2,canesm5_lens,r24i1p1f1,ambiguous,rsdt;rlut;rsut,tas,./_MMLEAv2/canesm5_lens/tas_Amon_CanESM5_historical_r24i1p1f1_g025_185001-201412.nc;./_MMLEAv2/canesm5_lens/tas_Amon_CanESM5_ssp370_r24i1p1f1_g025_201501-210012.nc;./_MMLEAv2/canesm5_lens/tas_Amon_CanESM5_ssp585_r24i1p1f1_g025_201501-210012.nc,Amon;Amon;Amon,g025;g025;g025,185001-201412;201501-210012;201501-210012,,,,,,,,,,,,
_MMLEAv2,canesm5_lens,r24i1p2f1,ambiguous,rsdt;rlut;rsut,tas,./_MMLEAv2/canesm5_lens/tas_Amon_CanESM5_historical_r24i1p2f1_g025_185001-201412.nc;./_MMLEAv2/canesm5_lens/tas_Amon_CanESM5_ssp370_r24i1p2f1_g025_201501-210012.nc;./_MMLEAv2/canesm5_lens/tas_Amon_CanESM5_ssp585_r24i1p2f1_g025_201501-210012.nc,Amon;Amon;Amon,g025;g025;g025,185001-201412;201501-210012;201501-210012,,,,,,,,,,,,
_MMLEAv2,canesm5_lens,r25i1p1f1,ambiguous,rsdt;rlut;rsut,tas,./_MMLEAv2/canesm5_lens/tas_Amon_CanESM5_historical_r25i1p1f1_g025_185001-201412.nc;./_MMLEAv2/canesm5_lens/tas_Amon_CanESM5_ssp370_r25i1p1f1_g025_201501-210012.nc;./_MMLEAv2/canesm5_lens/tas_Amon_CanESM5_ssp585_r25i1p1f1_g025_201501-210012.nc,Amon;Amon;Amon,g025;g025;g025,185001-201412;201501-210012;201501-210012,,,,,,,,,,,,
_MMLEAv2,canesm5_lens,r25i1p2f1,ambiguous,rsdt;rlut;rsut,tas,./_MMLEAv2/canesm5_lens/tas_Amon_CanESM5_historical_r25i1p2f1_g025_185001-201412.nc;./_MMLEAv2/canesm5_lens/tas_Amon_CanESM5_ssp370_r25i1p2f1_g025_201501-210012.nc;./_MMLEAv2/canesm5_lens/tas_Amon_CanESM5_ssp585_r25i1p2f1_g025_201501-210012.nc,Amon;Amon;Amon,g025;g025;g025,185001-201412;201501-210012;201501-210012,,,,,,,,,,,,
_MMLEAv2,canesm5_lens,r26i1p2f1,incomplete,rsdt;rlut;rsut,,./_MMLEAv2/canesm5_lens/tas_Amon_CanESM5_historical_r26i1p2f1_g025_185001-201412.nc,Amon,g025,185001-201412,,,,,,,,,,,,
_MMLEAv2,canesm5_lens,r27i1p2f1,incomplete,rsdt;rlut;rsut,,./_MMLEAv2/canesm5_lens/tas_Amon_CanESM5_historical_r27i1p2f1_g025_185001-201412.nc,Amon,g025,185001-201412,,,,,,,,,,,,
_MMLEAv2,canesm5_lens,r28i1p2f1,incomplete,rsdt;rlut;rsut,,./_MMLEAv2/canesm5_lens/tas_Amon_CanESM5_historical_r28i1p2f1_g025_185001-201412.nc,Amon,g025,185001-201412,,,,,,,,,,,,
_MMLEAv2,canesm5_lens,r29i1p2f1,incomplete,rsdt;rlut;rsut,,./_MMLEAv2/canesm5_lens/tas_Amon_CanESM5_historical_r29i1p2f1_g025_185001-201412.nc,Amon,g025,185001-201412,,,,,,,,,,,,
_MMLEAv2,canesm5_lens,r2i1p1f1,ambiguous,rsdt;rlut;rsut,tas,./_MMLEAv2/canesm5_lens/tas_Amon_CanESM5_historical_r2i1p1f1_g025_185001-201412.nc;./_MMLEAv2/canesm5_lens/tas_Amon_CanESM5_ssp370_r2i1p1f1_g025_201501-210012.nc;./_MMLEAv2/canesm5_lens/tas_Amon_CanESM5_ssp585_r2i1p1f1_g025_201501-210012.nc,Amon;Amon;Amon,g025;g025;g025,185001-201412;201501-210012;201501-210012,,,,,,,,,,,,
_MMLEAv2,canesm5_lens,r2i1p2f1,ambiguous,rsdt;rlut;rsut,tas,./_MMLEAv2/canesm5_lens/tas_Amon_CanESM5_historical_r2i1p2f1_g025_185001-201412.nc;./_MMLEAv2/canesm5_lens/tas_Amon_CanESM5_ssp370_r2i1p2f1_g025_201501-210012.nc;./_MMLEAv2/canesm5_lens/tas_Amon_CanESM5_ssp585_r2i1p2f1_g025_201501-210012.nc,Amon;Amon;Amon,g025;g025;g025,185001-201412;201501-210012;201501-210012,,,,,,,,,,,,
_MMLEAv2,canesm5_lens,r30i1p2f1,incomplete,rsdt;rlut;rsut,,./_MMLEAv2/canesm5_lens/tas_Amon_CanESM5_historical_r30i1p2f1_g025_185001-201412.nc,Amon,g025,185001-201412,,,,,,,,,,,,
_MMLEAv2,canesm5_lens,r31i1p2f1,incomplete,rsdt;rlut;rsut,,./_MMLEAv2/canesm5_lens/tas_Amon_CanESM5_historical_r31i1p2f1_g025_185001-201412.nc,Amon,g025,185001-201412,,,,,,,,,,,,
_MMLEAv2,canesm5_lens,r32i1p2f1,incomplete,rsdt;rlut;rsut,,./_MMLEAv2/canesm5_lens/tas_Amon_CanESM5_historical_r32i1p2f1_g025_185001-201412.nc,Amon,g025,185001-201412,,,,,,,,,,,,
_MMLEAv2,canesm5_lens,r33i1p2f1,incomplete,rsdt;rlut;rsut,,./_MMLEAv2/canesm5_lens/tas_Amon_CanESM5_historical_r33i1p2f1_g025_185001-201412.nc,Amon,g025,185001-201412,,,,,,,,,,,,
_MMLEAv2,canesm5_lens,r34i1p2f1,incomplete,rsdt;rlut;rsut,,./_MMLEAv2/canesm5_lens/tas_Amon_CanESM5_historical_r34i1p2f1_g025_185001-201412.nc,Amon,g025,185001-201412,,,,,,,,,,,,
_MMLEAv2,canesm5_lens,r35i1p2f1,incomplete,rsdt;rlut;rsut,,./_MMLEAv2/canesm5_lens/tas_Amon_CanESM5_historical_r35i1p2f1_g025_185001-201412.nc,Amon,g025,185001-201412,,,,,,,,,,,,
_MMLEAv2,canesm5_lens,r36i1p2f1,incomplete,rsdt;rlut;rsut,,./_MMLEAv2/canesm5_lens/tas_Amon_CanESM5_historical_r36i1p2f1_g025_185001-201412.nc,Amon,g025,185001-201412,,,,,,,,,,,,
_MMLEAv2,canesm5_lens,r37i1p2f1,incomplete,rsdt;rlut;rsut,,./_MMLEAv2/canesm5_lens/tas_Amon_CanESM5_historical_r37i1p2f1_g025_185001-201412.nc,Amon,g025,185001-201412,,,,,,,,,,,,
_MMLEAv2,canesm5_lens,r38i1p2f1,incomplete,rsdt;rlut;rsut,,./_MMLEAv2/canesm5_lens/tas_Amon_CanESM5_historical_r38i1p2f1_g025_185001-201412.nc,Amon,g025,185001-201412,,,,,,,,,,,,
_MMLEAv2,canesm5_lens,r39i1p2f1,incomplete,rsdt;rlut;rsut,,./_MMLEAv2/canesm5_lens/tas_Amon_CanESM5_historical_r39i1p2f1_g025_185001-201412.nc,Amon,g025,185001-201412,,,,,,,,,,,,
_MMLEAv2,canesm5_lens,r3i1p1f1,ambiguous,rsdt;rlut;rsut,tas,./_MMLEAv2/canesm5_lens/tas_Amon_CanESM5_historical_r3i1p1f1_g025_185001-201412.nc;./_MMLEAv2/canesm5_lens/tas_Amon_CanESM5_ssp370_r3i1p1f1_g025_201501-210012.nc;./_MMLEAv2/canesm5_lens/tas_Amon_CanESM5_ssp585_r3i1p1f1_g025_201501-210012.nc,Amon;Amon;Amon,g025;g025;g025,185001-201412;201501-210012;201501-210012,,,,,,,,,,,,
_MMLEAv2,canesm5_lens,r3i1p2f1,ambiguous,rsdt;rlut;rsut,tas,./_MMLEAv2/canesm5_lens/tas_Amon_CanESM5_historical_r3i1p2f1_g025_185001-201412.nc;./_MMLEAv2/canesm5_lens/tas_Amon_CanESM5_ssp370_r3i1p2f1_g025_201501-210012.nc;./_MMLEAv2/canesm5_lens/tas_Amon_CanESM5_ssp585_r3i1p2f1_g025_201501-210012.nc,Amon;Amon;Amon,g025;g025;g025,185001-201412;201501-210012;201501-210012,,,,,,,,,,,,
_MMLEAv2,canesm5_lens,r40i1p2f1,incomplete,rsdt;rlut;rsut,,./_MMLEAv2/canesm5_lens/tas_Amon_CanESM5_historical_r40i1p2f1_g025_185001-201412.nc,Amon,g025,185001-201412,,,,,,,,,,,,
_MMLEAv2,canesm5_lens,r4i1p1f1,ambiguous,rsdt;rlut;rsut,tas,./_MMLEAv2/canesm5_lens/tas_Amon_CanESM5_historical_r4i1p1f1_g025_185001-201412.nc;./_MMLEAv2/canesm5_lens/tas_Amon_CanESM5_ssp370_r4i1p1f1_g025_201501-210012.nc;./_MMLEAv2/canesm5_lens/tas_Amon_CanESM5_ssp585_r4i1p1f1_g025_201501-210012.nc,Amon;Amon;Amon,g025;g025;g025,185001-201412;201501-210012;201501-210012,,,,,,,,,,,,
_MMLEAv2,canesm5_lens,r4i1p2f1,ambiguous,rsdt;rlut;rsut,tas,./_MMLEAv2/canesm5_lens/tas_Amon_CanESM5_historical_r4i1p2f1_g025_185001-201412.nc;./_MMLEAv2/canesm5_lens/tas_Amon_CanESM5_ssp370_r4i1p2f1_g025_201501-210012.nc;./_MMLEAv2/canesm5_lens/tas_Amon_CanESM5_ssp585_r4i1p2f1_g025_201501-210012.nc,Amon;Amon;Amon,g025;g025;g025,185001-201412;201501-210012;201501-210012,,,,,,,,,,,,
_MMLEAv2,canesm5_lens,r5i1p1f1,ambiguous,rsdt;rlut;rsut,tas,./_MMLEAv2/canesm5_lens/tas_Amon_CanESM5_historical_r5i1p1f1_g025_185001-201412.nc;./_MMLEAv2/canesm5_lens/tas_Amon_CanESM5_ssp370_r5i1p1f1_g025_201501-210012.nc;./_MMLEAv2/canesm5_lens/tas_Amon_CanESM5_ssp585_r5i1p1f1_g025_201501-210012.nc,Amon;Amon;Amon,g025;g025;g025,185001-201412;201501-210012;201501-210012,,,,,,,,,,,,
_MMLEAv2,canesm5_lens,r5i1p2f1,ambiguous,rsdt;rlut;rsut,tas,./_MMLEAv2/canesm5_lens/tas_Amon_CanESM5_historical_r5i1p2f1_g025_185001-201412.nc;./_MMLEAv2/canesm5_lens/tas_Amon_CanESM5_ssp370_r5i1p2f1_g025_201501-210012.nc;./_MMLEAv2/canesm5_lens/tas_Amon_CanESM5_ssp585_r5i1p2f1_g025_201501-210012.nc,Amon;Amon;Amon,g025;g025;g025,185001-201412;201501-210012;201501-210012,,,,,,,,,,,,
_MMLEAv2,canesm5_lens,r6i1p1f1,ambiguous,rsdt;rlut;rsut,tas,./_MMLEAv2/canesm5_lens/tas_Amon_CanESM5_historical_r6i1p1f1_g025_185001-201412.nc;./_MMLEAv2/canesm5_lens/tas_Amon_CanESM5_ssp370_r6i1p1f1_g025_201501-210012.nc;./_MMLEAv2/canesm5_lens/tas_Amon_CanESM5_ssp585_r6i1p1f1_g025_201501-210012.nc,Amon;Amon;Amon,g025;g025;g025,185001-201412;201501-210012;201501-210012,,,,,,,,,,,,
_MMLEAv2,canesm5_lens,r6i1p2f1,ambiguous,rsdt;rlut;rsut,tas,./_MMLEAv2/canesm5_lens/tas_Amon_CanESM5_historical_r6i1p2f1_g025_185001-201412.nc;./_MMLEAv2/canesm5_lens/tas_Amon_CanESM5_ssp370_r6i1p2f1_g025_201501-210012.nc;./_MMLEAv2/canesm5_lens/tas_Amon_CanESM5_ssp585_r6i1p2f1_g025_201501-210012.nc,Amon;Amon;Amon,g025;g025;g025,185001-201412;201501-210012;201501-210012,,,,,,,,,,,,
_MMLEAv2,canesm5_lens,r7i1p1f1,ambiguous,rsdt;rlut;rsut,tas,./_MMLEAv2/canesm5_lens/tas_Amon_CanESM5_historical_r7i1p1f1_g025_185001-201412.nc;./_MMLEAv2/canesm5_lens/tas_Amon_CanESM5_ssp370_r7i1p1f1_g025_201501-210012.nc;./_MMLEAv2/canesm5_lens/tas_Amon_CanESM5_ssp585_r7i1p1f1_g025_201501-210012.nc,Amon;Amon;Amon,g025;g025;g025,185001-201412;201501-210012;201501-210012,,,,,,,,,,,,
_MMLEAv2,canesm5_lens,r7i1p2f1,ambiguous,rsdt;rlut;rsut,tas,./_MMLEAv2/canesm5_lens/tas_Amon_CanESM5_historical_r7i1p2f1_g025_185001-201412.nc;./_MMLEAv2/canesm5_lens/tas_Amon_CanESM5_ssp370_r7i1p2f1_g025_201501-210012.nc;./_MMLEAv2/canesm5_lens/tas_Amon_CanESM5_ssp585_r7i1p2f1_g025_201501-210012.nc,Amon;Amon;Amon,g025;g025;g025,185001-201412;201501-210012;201501-210012,,,,,,,,,,,,
_MMLEAv2,canesm5_lens,r8i1p1f1,ambiguous,rsdt;rlut;rsut,tas,./_MMLEAv2/canesm5_lens/tas_Amon_CanESM5_historical_r8i1p1f1_g025_185001-201412.nc;./_MMLEAv2/canesm5_lens/tas_Amon_CanESM5_ssp370_r8i1p1f1_g025_201501-210012.nc;./_MMLEAv2/canesm5_lens/tas_Amon_CanESM5_ssp585_r8i1p1f1_g025_201501-210012.nc,Amon;Amon;Amon,g025;g025;g025,185001-201412;201501-210012;201501-210012,,,,,,,,,,,,
_MMLEAv2,canesm5_lens,r8i1p2f1,ambiguous,rsdt;rlut;rsut,tas,./_MMLEAv2/canesm5_lens/tas_Amon_CanESM5_historical_r8i1p2f1_g025_185001-201412.nc;./_MMLEAv2/canesm5_lens/tas_Amon_CanESM5_ssp370_r8i1p2f1_g025_201501-210012.nc;./_MMLEAv2/canesm5_lens/tas_Amon_CanESM5_ssp585_r8i1p2f1_g025_201501-210012.nc,Amon;Amon;Amon,g025;g025;g025,185001-201412;201501-210012;201501-210012,,,,,,,,,,,,
_MMLEAv2,canesm5_lens,r9i1p1f1,ambiguous,rsdt;rlut;rsut,tas,./_MMLEAv2/canesm5_lens/tas_Amon_CanESM5_historical_r9i1p1f1_g025_185001-201412.nc;./_MMLEAv2/canesm5_lens/tas_Amon_CanESM5_ssp370_r9i1p1f1_g025_201501-210012.nc;./_MMLEAv2/canesm5_lens/tas_Amon_CanESM5_ssp585_r9i1p1f1_g025_201501-210012.nc,Amon;Amon;Amon,g025;g025;g025,185001-201412;201501-210012;201501-210012,,,,,,,,,,,,
_MMLEAv2,canesm5_lens,r9i1p2f1,ambiguous,rsdt;rlut;rsut,tas,./_MMLEAv2/canesm5_lens/tas_Amon_CanESM5_historical_r9i1p2f1_g025_185001-201412.nc;./_MMLEAv2/canesm5_lens/tas_Amon_CanESM5_ssp370_r9i1p2f1_g025_201501-210012.nc;./_MMLEAv2/canesm5_lens/tas_Amon_CanESM5_ssp585_r9i1p2f1_g025_201501-210012.nc,Amon;Amon;Amon,g025;g025;g025,185001-201412;201501-210012;201501-210012,,,,,,,,,,,,
_MMLEAv2,miroc6_lens,r10i1p1f1,ambiguous,rsdt;rlut;rsut,tas,./_MMLEAv2/miroc6_lens/tas_Amon_MIROC6_historical_r10i1p1f1_g025_185001-201412.nc;./_MMLEAv2/miroc6_lens/tas_Amon_MIROC6_ssp585_r10i1p1f1_g025_201501-210012.nc,Amon;Amon,g025;g025,185001-201412;201501-210012,,,,,,,,,,,,
_MMLEAv2,miroc6_lens,r11i1p1f1,ambiguous,rsdt;rlut;rsut,tas,./_MMLEAv2/miroc6_lens/tas_Amon_MIROC6_historical_r11i1p1f1_g025_185001-201412.nc;./_MMLEAv2/miroc6_lens/tas_Amon_MIROC6_ssp585_r11i1p1f1_g025_201501-210012.nc,Amon;Amon,g025;g025,185001-201412;201501-210012,,,,,,,,,,,,
_MMLEAv2,miroc6_lens,r12i1p1f1,ambiguous,rsdt;rlut;rsut,tas,./_MMLEAv2/miroc6_lens/tas_Amon_MIROC6_historical_r12i1p1f1_g025_185001-201412.nc;./_MMLEAv2/miroc6_lens/tas_Amon_MIROC6_ssp585_r12i1p1f1_g025_201501-210012.nc,Amon;Amon,g025;g025,185001-201412;201501-210012,,,,,,,,,,,,
_MMLEAv2,miroc6_lens,r13i1p1f1,ambiguous,rsdt;rlut;rsut,tas,./_MMLEAv2/miroc6_lens/tas_Amon_MIROC6_historical_r13i1p1f1_g025_185001-201412.nc;./_MMLEAv2/miroc6_lens/tas_Amon_MIROC6_ssp585_r13i1p1f1_g025_201501-210012.nc,Amon;Amon,g025;g025,185001-201412;201501-210012,,,,,,,,,,,,
_MMLEAv2,miroc6_lens,r14i1p1f1,ambiguous,rsdt;rlut;rsut,tas,./_MMLEAv2/miroc6_lens/tas_Amon_MIROC6_historical_r14i1p1f1_g025_185001-201412.nc;./_MMLEAv2/miroc6_lens/tas_Amon_MIROC6_ssp585_r14i1p1f1_g025_201501-210012.nc,Amon;Amon,g025;g025,185001-201412;201501-210012,,,,,,,,,,,,
_MMLEAv2,miroc6_lens,r15i1p1f1,ambiguous,rsdt;rlut;rsut,tas,./_MMLEAv2/miroc6_lens/tas_Amon_MIROC6_historical_r15i1p1f1_g025_185001-201412.nc;./_MMLEAv2/miroc6_lens/tas_Amon_MIROC6_ssp585_r15i1p1f1_g025_201501-210012.nc,Amon;Amon,g025;g025,185001-201412;201501-210012,,,,,,,,,,,,
_MMLEAv2,miroc6_lens,r16i1p1f1,ambiguous,rsdt;rlut;rsut,tas,./_MMLEAv2/miroc6_lens/tas_Amon_MIROC6_historical_r16i1p1f1_g025_185001-201412.nc;./_MMLEAv2/miroc6_lens/tas_Amon_MIROC6_ssp585_r16i1p1f1_g025_201501-210012.nc,Amon;Amon,g025;g025,185001-201412;201501-210012,,,,,,,,,,,,
_MMLEAv2,miroc6_lens,r17i1p1f1,ambiguous,rsdt;rlut;rsut,tas,./_MMLEAv2/miroc6_lens/tas_Amon_MIROC6_historical_r17i1p1f1_g025_185001-201412.nc;./_MMLEAv2/miroc6_lens/tas_Amon_MIROC6_ssp585_r17i1p1f1_g025_201501-210012.nc,Amon;Amon,g025;g025,185001-201412;201501-210012,,,,,,,,,,,,
_MMLEAv2,miroc6_lens,r18i1p1f1,ambiguous,rsdt;rlut;rsut,tas,./_MMLEAv2/miroc6_lens/tas_Amon_MIROC6_historical_r18i1p1f1_g025_185001-201412.nc;./_MMLEAv2/miroc6_lens/tas_Amon_MIROC6_ssp585_r18i1p1f1_g025_201501-210012.nc,Amon;Amon,g025;g025,185001-201412;201501-210012,,,,,,,,,,,,
_MMLEAv2,miroc6_lens,r19i1p1f1,ambiguous,rsdt;rlut;rsut,tas,./_MMLEAv2/miroc6_lens/tas_Amon_MIROC6_historical_r19i1p1f1_g025_185001-201412.nc;./_MMLEAv2/miroc6_lens/tas_Amon_MIROC6_ssp585_r19i1p1f1_g025_201501-210012.nc,Amon;Amon,g025;g025,185001-201412;201501-210012,,,,,,,,,,,,
_MMLEAv2,miroc6_lens,r1i1p1f1,ambiguous,rsdt;rlut;rsut,tas,./_MMLEAv2/miroc6_lens/tas_Amon_MIROC6_historical_r1i1p1f1_g025_185001-201412.nc;./_MMLEAv2/miroc6_lens/tas_Amon_MIROC6_ssp585_r1i1p1f1_g025_201501-210012.nc,Amon;Amon,g025;g025,185001-201412;201501-210012,,,,,,,,,,,,
_MMLEAv2,miroc6_lens,r20i1p1f1,ambiguous,rsdt;rlut;rsut,tas,./_MMLEAv2/miroc6_lens/tas_Amon_MIROC6_historical_r20i1p1f1_g025_185001-201412.nc;./_MMLEAv2/miroc6_lens/tas_Amon_MIROC6_ssp585_r20i1p1f1_g025_201501-210012.nc,Amon;Amon,g025;g025,185001-201412;201501-210012,,,,,,,,,,,,
_MMLEAv2,miroc6_lens,r21i1p1f1,ambiguous,rsdt;rlut;rsut,tas,./_MMLEAv2/miroc6_lens/tas_Amon_MIROC6_historical_r21i1p1f1_g025_185001-201412.nc;./_MMLEAv2/miroc6_lens/tas_Amon_MIROC6_ssp585_r21i1p1f1_g025_201501-210012.nc,Amon;Amon,g025;g025,185001-201412;201501-210012,,,,,,,,,,,,
_MMLEAv2,miroc6_lens,r22i1p1f1,ambiguous,rsdt;rlut;rsut,tas,./_MMLEAv2/miroc6_lens/tas_Amon_MIROC6_historical_r22i1p1f1_g025_185001-201412.nc;./_MMLEAv2/miroc6_lens/tas_Amon_MIROC6_ssp585_r22i1p1f1_g025_201501-210012.nc,Amon;Amon,g025;g025,185001-201412;201501-210012,,,,,,,,,,,,
_MMLEAv2,miroc6_lens,r23i1p1f1,ambiguous,rsdt;rlut;rsut,tas,./_MMLEAv2/miroc6_lens/tas_Amon_MIROC6_historical_r23i1p1f1_g025_185001-201412.nc;./_MMLEAv2/miroc6_lens/tas_Amon_MIROC6_ssp585_r23i1p1f1_g025_201501-210012.nc,Amon;Amon,g025;g025,185001-201412;201501-210012,,,,,,,,,,,,
_MMLEAv2,miroc6_lens,r24i1p1f1,ambiguous,rsdt;rlut;rsut,tas,./_MMLEAv2/miroc6_lens/tas_Amon_MIROC6_historical_r24i1p1f1_g025_185001-201412.nc;./_MMLEAv2/miroc6_lens/tas_Amon_MIROC6_ssp585_r24i1p1f1_g025_201501-210012.nc,Amon;Amon,g025;g025,185001-201412;201501-210012,,,,,,,,,,,,
_MMLEAv2,miroc6_lens,r25i1p1f1,ambiguous,rsdt;rlut;rsut,tas,./_MMLEAv2/miroc6_lens/tas_Amon_MIROC6_historical_r25i1p1f1_g025_185001-201412.nc;./_MMLEAv2/miroc6_lens/tas_Amon_MIROC6_ssp585_r25i1p1f1_g025_201501-210012.nc,Amon;Amon,g025;g025,185001-201412;201501-210012,,,,,,,,,,,,
_MMLEAv2,miroc6_lens,r26i1p1f1,ambiguous,rsdt;rlut;rsut,tas,./_MMLEAv2/miroc6_lens/tas_Amon_MIROC6_historical_r26i1p1f1_g025_185001-201412.nc;./_MMLEAv2/miroc6_lens/tas_Amon_MIROC6_ssp585_r26i1p1f1_g025_201501-210012.nc,Amon;Amon,g025;g025,185001-201412;201501-210012,,,,,,,,,,,,
_MMLEAv2,miroc6_lens,r27i1p1f1,ambiguous,rsdt;rlut;rsut,tas,./_MMLEAv2/miroc6_lens/tas_Amon_MIROC6_historical_r27i1p1f1_g025_185001-201412.nc;./_MMLEAv2/miroc6_lens/tas_Amon_MIROC6_ssp585_r27i1p1f1_g025_201501-210012.nc,Amon;Amon,g025;g025,185001-201412;201501-210012,,,,,,,,,,,,
_MMLEAv2,miroc6_lens,r28i1p1f1,ambiguous,rsdt;rlut;rsut,tas,./_MMLEAv2/miroc6_lens/tas_Amon_MIROC6_historical_r28i1p1f1_g025_185001-201412.nc;./_MMLEAv2/miroc6_lens/tas_Amon_MIROC6_ssp585_r28i1p1f1_g025_201501-210012.nc,Amon;Amon,g025;g025,185001-201412;201501-210012,,,,,,,,,,,,
_MMLEAv2,miroc6_lens,r29i1p1f1,ambiguous,rsdt;rlut;rsut,tas,./_MMLEAv2/miroc6_lens/tas_Amon_MIROC6_historical_r29i1p1f1_g025_185001-201412.nc;./_MMLEAv2/miroc6_lens/tas_Amon_MIROC6_ssp585_r29i1p1f1_g025_201501-210012.nc,Amon;Amon,g025;g025,185001-201412;201501-210012,,,,,,,,,,,,
_MMLEAv2,miroc6_lens,r2i1p1f1,ambiguous,rsdt;rlut;rsut,tas,./_MMLEAv2/miroc6_lens/tas_Amon_MIROC6_historical_r2i1p1f1_g025_185001-201412.nc;./_MMLEAv2/miroc6_lens/tas_Amon_MIROC6_ssp585_r2i1p1f1_g025_201501-210012.nc,Amon;Amon,g025;g025,185001-201412;201501-210012,,,,,,,,,,,,
_MMLEAv2,miroc6_lens,r30i1p1f1,ambiguous,rsdt;rlut;rsut,tas,./_MMLEAv2/miroc6_lens/tas_Amon_MIROC6_historical_r30i1p1f1_g025_185001-201412.nc;./_MMLEAv2/miroc6_lens/tas_Amon_MIROC6_ssp585_r30i1p1f1_g025_201501-210012.nc,Amon;Amon,g025;g025,185001-201412;201501-210012,,,,,,,,,,,,
_MMLEAv2,miroc6_lens,r31i1p1f1,ambiguous,rsdt;rlut;rsut,tas,./_MMLEAv2/miroc6_lens/tas_Amon_MIROC6_historical_r31i1p1f1_g025_185001-201412.nc;./_MMLEAv2/miroc6_lens/tas_Amon_MIROC6_ssp585_r31i1p1f1_g025_201501-210012.nc,Amon;Amon,g025;g025,185001-201412;201501-210012,,,,,,,,,,,,
_MMLEAv2,miroc6_lens,r32i1p1f1,ambiguous,rsdt;rlut;rsut,tas,./_MMLEAv2/miroc6_lens/tas_Amon_MIROC6_historical_r32i1p1f1_g025_185001-201412.nc;./_MMLEAv2/miroc6_lens/tas_Amon_MIROC6_ssp585_r32i1p1f1_g025_201501-210012.nc,Amon;Amon,g025;g025,185001-201412;201501-210012,,,,,,,,,,,,
_MMLEAv2,miroc6_lens,r33i1p1f1,ambiguous,rsdt;rlut;rsut,tas,./_MMLEAv2/miroc6_lens/tas_Amon_MIROC6_historical_r33i1p1f1_g025_185001-201412.nc;./_MMLEAv2/miroc6_lens/tas_Amon_MIROC6_ssp585_r33i1p1f1_g025_201501-210012.nc,Amon;Amon,g025;g025,185001-201412;201501-210012,,,,,,,,,,,,
_MMLEAv2,miroc6_lens,r34i1p1f1,ambiguous,rsdt;rlut;rsut,tas,./_MMLEAv2/miroc6_lens/tas_Amon_MIROC6_historical_r34i1p1f1_g025_185001-201412.nc;./_MMLEAv2/miroc6_lens/tas_Amon_MIROC6_ssp585_r34i1p1f1_g025_201501-210012.nc,Amon;Amon,g025;g025,185001-201412;201501-210012,,,,,,,,,,,,
_MMLEAv2,miroc6_lens,r35i1p1f1,ambiguous,rsdt;rlut;rsut,tas,./_MMLEAv2/miroc6_lens/tas_Amon_MIROC6_historical_r35i1p1f1_g025_185001-201412.nc;./_MMLEAv2/miroc6_lens/tas_Amon_MIROC6_ssp585_r35i1p1f1_g025_201501-210012.nc,Amon;Amon,g025;g025,185001-201412;201501-210012,,,,,,,,,,,,
_MMLEAv2,miroc6_lens,r36i1p1f1,ambiguous,rsdt;rlut;rsut,tas,./_MMLEAv2/miroc6_lens/tas_Amon_MIROC6_historical_r36i1p1f1_g025_185001-201412.nc;./_MMLEAv2/miroc6_lens/tas_Amon_MIROC6_ssp585_r36i1p1f1_g025_201501-210012.nc,Amon;Amon,g025;g025,185001-201412;201501-210012,,,,,,,,,,,,
_MMLEAv2,miroc6_lens,r37i1p1f1,ambiguous,rsdt;rlut;rsut,tas,./_MMLEAv2/miroc6_lens/tas_Amon_MIROC6_historical_r37i1p1f1_g025_185001-201412.nc;./_MMLEAv2/miroc6_lens/tas_Amon_MIROC6_ssp585_r37i1p1f1_g025_201501-210012.nc,Amon;Amon,g025;g025,185001-201412;201501-210012,,,,,,,,,,,,
_MMLEAv2,miroc6_lens,r38i1p1f1,ambiguous,rsdt;rlut;rsut,tas,./_MMLEAv2/miroc6_lens/tas_Amon_MIROC6_historical_r38i1p1f1_g025_185001-201412.nc;./_MMLEAv2/miroc6_lens/tas_Amon_MIROC6_ssp585_r38i1p1f1_g025_201501-210012.nc,Amon;Amon,g025;g025,185001-201412;201501-210012,,,,,,,,,,,,
_MMLEAv2,miroc6_lens,r39i1p1f1,ambiguous,rsdt;rlut;rsut,tas,./_MMLEAv2/miroc6_lens/tas_Amon_MIROC6_historical_r39i1p1f1_g025_185001-201412.nc;./_MMLEAv2/miroc6_lens/tas_Amon_MIROC6_ssp585_r39i1p1f1_g025_201501-210012.nc,Amon;Amon,g025;g025,185001-201412;201501-210012,,,,,,,,,,,,
_MMLEAv2,miroc6_lens,r3i1p1f1,ambiguous,rsdt;rlut;rsut,tas,./_MMLEAv2/miroc6_lens/tas_Amon_MIROC6_historical_r3i1p1f1_g025_185001-201412.nc;./_MMLEAv2/miroc6_lens/tas_Amon_MIROC6_ssp585_r3i1p1f1_g025_201501-210012.nc,Amon;Amon,g025;g025,185001-201412;201501-210012,,,,,,,,,,,,
_MMLEAv2,miroc6_lens,r40i1p1f1,ambiguous,rsdt;rlut;rsut,tas,./_MMLEAv2/miroc6_lens/tas_Amon_MIROC6_historical_r40i1p1f1_g025_185001-201412.nc;./_MMLEAv2/miroc6_lens/tas_Amon_MIROC6_ssp585_r40i1p1f1_g025_201501-210012.nc,Amon;Amon,g025;g025,185001-201412;201501-210012,,,,,,,,,,,,
_MMLEAv2,miroc6_lens,r41i1p1f1,ambiguous,rsdt;rlut;rsut,tas,./_MMLEAv2/miroc6_lens/tas_Amon_MIROC6_historical_r41i1p1f1_g025_185001-201412.nc;./_MMLEAv2/miroc6_lens/tas_Amon_MIROC6_ssp585_r41i1p1f1_g025_201501-210012.nc,Amon;Amon,g025;g025,185001-201412;201501-210012,,,,,,,,,,,,
_MMLEAv2,miroc6_lens,r42i1p1f1,ambiguous,rsdt;rlut;rsut,tas,./_MMLEAv2/miroc6_lens/tas_Amon_MIROC6_historical_r42i1p1f1_g025_185001-201412.nc;./_MMLEAv2/miroc6_lens/tas_Amon_MIROC6_ssp585_r42i1p1f1_g025_201501-210012.nc,Amon;Amon,g025;g025,185001-201412;201501-210012,,,,,,,,,,,,
_MMLEAv2,miroc6_lens,r43i1p1f1,ambiguous,rsdt;rlut;rsut,tas,./_MMLEAv2/miroc6_lens/tas_Amon_MIROC6_historical_r43i1p1f1_g025_185001-201412.nc;./_MMLEAv2/miroc6_lens/tas_Amon_MIROC6_ssp585_r43i1p1f1_g025_201501-210012.nc,Amon;Amon,g025;g025,185001-201412;201501-210012,,,,,,,,,,,,
_MMLEAv2,miroc6_lens,r44i1p1f1,ambiguous,rsdt;rlut;rsut,tas,./_MMLEAv2/miroc6_lens/tas_Amon_MIROC6_historical_r44i1p1f1_g025_185001-201412.nc;./_MMLEAv2/miroc6_lens/tas_Amon_MIROC6_ssp585_r44i1p1f1_g025_201501-210012.nc,Amon;Amon,g025;g025,185001-201412;201501-210012,,,,,,,,,,,,
_MMLEAv2,miroc6_lens,r45i1p1f1,ambiguous,rsdt;rlut;rsut,tas,./_MMLEAv2/miroc6_lens/tas_Amon_MIROC6_historical_r45i1p1f1_g025_185001-201412.nc;./_MMLEAv2/miroc6_lens/tas_Amon_MIROC6_ssp585_r45i1p1f1_g025_201501-210012.nc,Amon;Amon,g025;g025,185001-201412;201501-210012,,,,,,,,,,,,
_MMLEAv2,miroc6_lens,r46i1p1f1,ambiguous,rsdt;rlut;rsut,tas,./_MMLEAv2/miroc6_lens/tas_Amon_MIROC6_historical_r46i1p1f1_g025_185001-201412.nc;./_MMLEAv2/miroc6_lens/tas_Amon_MIROC6_ssp585_r46i1p1f1_g025_201501-210012.nc,Amon;Amon,g025;g025,185001-201412;201501-210012,,,,,,,,,,,,
_MMLEAv2,miroc6_lens,r47i1p1f1,ambiguous,rsdt;rlut;rsut,tas,./_MMLEAv2/miroc6_lens/tas_Amon_MIROC6_historical_r47i1p1f1_g025_185001-201412.nc;./_MMLEAv2/miroc6_lens/tas_Amon_MIROC6_ssp585_r47i1p1f1_g025_201501-210012.nc,Amon;Amon,g025;g025,185001-201412;201501-210012,,,,,,,,,,,,
_MMLEAv2,miroc6_lens,r48i1p1f1,ambiguous,rsdt;rlut;rsut,tas,./_MMLEAv2/miroc6_lens/tas_Amon_MIROC6_historical_r48i1p1f1_g025_185001-201412.nc;./_MMLEAv2/miroc6_lens/tas_Amon_MIROC6_ssp585_r48i1p1f1_g025_201501-210012.nc,Amon;Amon,g025;g025,185001-201412;201501-210012,,,,,,,,,,,,
_MMLEAv2,miroc6_lens,r49i1p1f1,ambiguous,rsdt;rlut;rsut,tas,./_MMLEAv2/miroc6_lens/tas_Amon_MIROC6_historical_r49i1p1f1_g025_185001-201412.nc;./_MMLEAv2/miroc6_lens/tas_Amon_MIROC6_ssp585_r49i1p1f1_g025_201501-210012.nc,Amon;Amon,g025;g025,185001-201412;201501-210012,,,,,,,,,,,,
_MMLEAv2,miroc6_lens,r4i1p1f1,ambiguous,rsdt;rlut;rsut,tas,./_MMLEAv2/miroc6_lens/tas_Amon_MIROC6_historical_r4i1p1f1_g025_185001-201412.nc;./_MMLEAv2/miroc6_lens/tas_Amon_MIROC6_ssp585_r4i1p1f1_g025_201501-210012.nc,Amon;Amon,g025;g025,185001-201412;201501-210012,,,,,,,,,,,,
_MMLEAv2,miroc6_lens,r50i1p1f1,ambiguous,rsdt;rlut;rsut,tas,./_MMLEAv2/miroc6_lens/tas_Amon_MIROC6_historical_r50i1p1f1_g025_185001-201412.nc;./_MMLEAv2/miroc6_lens/tas_Amon_MIROC6_ssp585_r50i1p1f1_g025_201501-210012.nc,Amon;Amon,g025;g025,185001-201412;201501-210012,,,,,,,,,,,,
_MMLEAv2,miroc6_lens,r5i1p1f1,ambiguous,rsdt;rlut;rsut,tas,./_MMLEAv2/miroc6_lens/tas_Amon_MIROC6_historical_r5i1p1f1_g025_185001-201412.nc;./_MMLEAv2/miroc6_lens/tas_Amon_MIROC6_ssp585_r5i1p1f1_g025_201501-210012.nc,Amon;Amon,g025;g025,185001-201412;201501-210012,,,,,,,,,,,,
_MMLEAv2,miroc6_lens,r6i1p1f1,ambiguous,rsdt;rlut;rsut,tas,./_MMLEAv2/miroc6_lens/tas_Amon_MIROC6_historical_r6i1p1f1_g025_185001-201412.nc;./_MMLEAv2/miroc6_lens/tas_Amon_MIROC6_ssp585_r6i1p1f1_g025_201501-210012.nc,Amon;Amon,g025;g025,185001-201412;201501-210012,,,,,,,,,,,,
_MMLEAv2,miroc6_lens,r7i1p1f1,ambiguous,rsdt;rlut;rsut,tas,./_MMLEAv2/miroc6_lens/tas_Amon_MIROC6_historical_r7i1p1f1_g025_185001-201412.nc;./_MMLEAv2/miroc6_lens/tas_Amon_MIROC6_ssp585_r7i1p1f1_g025_201501-210012.nc,Amon;Amon,g025;g025,185001-201412;201501-210012,,,,,,,,,,,,
_MMLEAv2,miroc6_lens,r8i1p1f1,ambiguous,rsdt;rlut;rsut,tas,./_MMLEAv2/miroc6_lens/tas_Amon_MIROC6_historical_r8i1p1f1_g025_185001-201412.nc;./_MMLEAv2/miroc6_lens/tas_Amon_MIROC6_ssp585_r8i1p1f1_g025_201501-210012.nc,Amon;Amon,g025;g025,185001-201412;201501-210012,,,,,,,,,,,,
_MMLEAv2,miroc6_lens,r9i1p1f1,ambiguous,rsdt;rlut;rsut,tas,./_MMLEAv2/miroc6_lens/tas_Amon_MIROC6_historical_r9i1p1f1_g025_185001-201412.nc;./_MMLEAv2/miroc6_lens/tas_Amon_MIROC6_ssp585_r9i1p1f1_g025_201501-210012.nc,Amon;Amon,g025;g025,185001-201412;201501-210012,,,,,,,,,,,,
_MMLEAv2,mpi_lens_cmip6,r10i1p1f1,ambiguous,rsdt;rlut;rsut,tas,./_MMLEAv2/mpi_lens_cmip6/tas_Amon_MPI-ESM1-2-LR_historical_r10i1p1f1_g025_185001-201412.nc;./_MMLEAv2/mpi_lens_cmip6/tas_Amon_MPI-ESM1-2-LR_ssp370_r10i1p1f1_g025_201501-210012.nc;./_MMLEAv2/mpi_lens_cmip6/tas_Amon_MPI-ESM1-2-LR_ssp585_r10i1p1f1_g025_201501-210012.nc,Amon;Amon;Amon,g025;g025;g025,185001-201412;201501-210012;201501-210012,,,,,,,,,,,,
_MMLEAv2,mpi_lens_cmip6,r11i1p1f1,ambiguous,rsdt;rlut;rsut,tas,./_MMLEAv2/mpi_lens_cmip6/tas_Amon_MPI-ESM1-2-LR_historical_r11i1p1f1_g025_185001-201412.nc;./_MMLEAv2/mpi_lens_cmip6/tas_Amon_MPI-ESM1-2-LR_ssp370_r11i1p1f1_g025_201501-210012.nc;./_MMLEAv2/mpi_lens_cmip6/tas_Amon_MPI-ESM1-2-LR_ssp585_r11i1p1f1_g025_201501-210012.nc,Amon;Amon;Amon,g025;g025;g025,185001-201412;201501-210012;201501-210012,,,,,,,,,,,,
_MMLEAv2,mpi_lens_cmip6,r12i1p1f1,ambiguous,rsdt;rlut;rsut,tas,./_MMLEAv2/mpi_lens_cmip6/tas_Amon_MPI-ESM1-2-LR_historical_r12i1p1f1_g025_185001-201412.nc;./_MMLEAv2/mpi_lens_cmip6/tas_Amon_MPI-ESM1-2-LR_ssp370_r12i1p1f1_g025_201501-210012.nc;./_MMLEAv2/mpi_lens_cmip6/tas_Amon_MPI-ESM1-2-LR_ssp585_r12i1p1f1_g025_201501-210012.nc,Amon;Amon;Amon,g025;g025;g025,185001-201412;201501-210012;201501-210012,,,,,,,,,,,,
_MMLEAv2,mpi_lens_cmip6,r13i1p1f1,ambiguous,rsdt;rlut;rsut,tas,./_MMLEAv2/mpi_lens_cmip6/tas_Amon_MPI-ESM1-2-LR_historical_r13i1p1f1_g025_185001-201412.nc;./_MMLEAv2/mpi_lens_cmip6/tas_Amon_MPI-ESM1-2-LR_ssp370_r13i1p1f1_g025_201501-210012.nc;./_MMLEAv2/mpi_lens_cmip6/tas_Amon_MPI-ESM1-2-LR_ssp585_r13i1p1f1_g025_201501-210012.nc,Amon;Amon;Amon,g025;g025;g025,185001-201412;201501-210012;201501-210012,,,,,,,,,,,,
_MMLEAv2,mpi_lens_cmip6,r14i1p1f1,ambiguous,rsdt;rlut;rsut,tas,./_MMLEAv2/mpi_lens_cmip6/tas_Amon_MPI-ESM1-2-LR_historical_r14i1p1f1_g025_185001-201412.nc;./_MMLEAv2/mpi_lens_cmip6/tas_Amon_MPI-ESM1-2-LR_ssp370_r14i1p1f1_g025_201501-210012.nc;./_MMLEAv2/mpi_lens_cmip6/tas_Amon_MPI-ESM1-2-LR_ssp585_r14i1p1f1_g025_201501-210012.nc,Amon;Amon;Amon,g025;g025;g025,185001-201412;201501-210012;201501-210012,,,,,,,,,,,,
_MMLEAv2,mpi_lens_cmip6,r15i1p1f1,ambiguous,rsdt;rlut;rsut,tas,./_MMLEAv2/mpi_lens_cmip6/tas_Amon_MPI-ESM1-2-LR_historical_r15i1p1f1_g025_185001-201412.nc;./_MMLEAv2/mpi_lens_cmip6/tas_Amon_MPI-ESM1-2-LR_ssp370_r15i1p1f1_g025_201501-210012.nc;./_MMLEAv2/mpi_lens_cmip6/tas_Amon_MPI-ESM1-2-LR_ssp585_r15i1p1f1_g025_201501-210012.nc,Amon;Amon;Amon,g025;g025;g025,185001-201412;201501-210012;201501-210012,,,,,,,,,,,,
_MMLEAv2,mpi_lens_cmip6,r16i1p1f1,ambiguous,rsdt;rlut;rsut,tas,./_MMLEAv2/mpi_lens_cmip6/tas_Amon_MPI-ESM1-2-LR_historical_r16i1p1f1_g025_185001-201412.nc;./_MMLEAv2/mpi_lens_cmip6/tas_Amon_MPI-ESM1-2-LR_ssp370_r16i1p1f1_g025_201501-210012.nc;./_MMLEAv2/mpi_lens_cmip6/tas_Amon_MPI-ESM1-2-LR_ssp585_r16i1p1f1_g025_201501-210012.nc,Amon;Amon;Amon,g025;g025;g025,185001-201412;201501-210012;201501-210012,,,,,,,,,,,,
_MMLEAv2,mpi_lens_cmip6,r17i1p1f1,ambiguous,rsdt;rlut;rsut,tas,./_MMLEAv2/mpi_lens_cmip6/tas_Amon_MPI-ESM1-2-LR_historical_r17i1p1f1_g025_185001-201412.nc;./_MMLEAv2/mpi_lens_cmip6/tas_Amon_MPI-ESM1-2-LR_ssp370_r17i1p1f1_g025_201501-210012.nc;./_MMLEAv2/mpi_lens_cmip6/tas_Amon_MPI-ESM1-2-LR_ssp585_r17i1p1f1_g025_201501-210012.nc,Amon;Amon;Amon,g025;g025;g025,185001-201412;201501-210012;201501-210012,,,,,,,,,,,,
_MMLEAv2,mpi_lens_cmip6,r18i1p1f1,ambiguous,rsdt;rlut;rsut,tas,./_MMLEAv2/mpi_lens_cmip6/tas_Amon_MPI-ESM1-2-LR_historical_r18i1p1f1_g025_185001-201412.nc;./_MMLEAv2/mpi_lens_cmip6/tas_Amon_MPI-ESM1-2-LR_ssp370_r18i1p1f1_g025_201501-210012.nc;./_MMLEAv2/mpi_lens_cmip6/tas_Amon_MPI-ESM1-2-LR_ssp585_r18i1p1f1_g025_201501-210012.nc,Amon;Amon;Amon,g025;g025;g025,185001-201412;201501-210012;201501-210012,,,,,,,,,,,,
_MMLEAv2,mpi_lens_cmip6,r19i1p1f1,ambiguous,rsdt;rlut;rsut,tas,./_MMLEAv2/mpi_lens_cmip6/tas_Amon_MPI-ESM1-2-LR_historical_r19i1p1f1_g025_185001-201412.nc;./_MMLEAv2/mpi_lens_cmip6/tas_Amon_MPI-ESM1-2-LR_ssp370_r19i1p1f1_g025_201501-210012.nc;./_MMLEAv2/mpi_lens_cmip6/tas_Amon_MPI-ESM1-2-LR_ssp585_r19i1p1f1_g025_201501-210012.nc,Amon;Amon;Amon,g025;g025;g025,185001-201412;201501-210012;201501-210012,,,,,,,,,,,,
_MMLEAv2,mpi_lens_cmip6,r1i1p1f1,ambiguous,rsdt;rlut;rsut,tas,./_MMLEAv2/mpi_lens_cmip6/tas_Amon_MPI-ESM1-2-LR_historical_r1i1p1f1_g025_185001-201412.nc;./_MMLEAv2/mpi_lens_cmip6/tas_Amon_MPI-ESM1-2-LR_ssp370_r1i1p1f1_g025_201501-210012.nc;./_MMLEAv2/mpi_lens_cmip6/tas_Amon_MPI-ESM1-2-LR_ssp585_r1i1p1f1_g025_201501-210012.nc,Amon;Amon;Amon,g025;g025;g025,185001-201412;201501-210012;201501-210012,,,,,,,,,,,,
_MMLEAv2,mpi_lens_cmip6,r20i1p1f1,ambiguous,rsdt;rlut;rsut,tas,./_MMLEAv2/mpi_lens_cmip6/tas_Amon_MPI-ESM1-2-LR_historical_r20i1p1f1_g025_185001-201412.nc;./_MMLEAv2/mpi_lens_cmip6/tas_Amon_MPI-ESM1-2-LR_ssp370_r20i1p1f1_g025_201501-210012.nc;./_MMLEAv2/mpi_lens_cmip6/tas_Amon_MPI-ESM1-2-LR_ssp585_r20i1p1f1_g025_201501-210012.nc,Amon;Amon;Amon,g025;g025;g025,185001-201412;201501-210012;201501-210012,,,,,,,,,,,,
_MMLEAv2,mpi_lens_cmip6,r21i1p1f1,ambiguous,rsdt;rlut;rsut,tas,./_MMLEAv2/mpi_lens_cmip6/tas_Amon_MPI-ESM1-2-LR_historical_r21i1p1f1_g025_185001-201412.nc;./_MMLEAv2/mpi_lens_cmip6/tas_Amon_MPI-ESM1-2-LR_ssp370_r21i1p1f1_g025_201501-210012.nc;./_MMLEAv2/mpi_lens_cmip6/tas_Amon_MPI-ESM1-2-LR_ssp585_r21i1p1f1_g025_201501-210012.nc,Amon;Amon;Amon,g025;g025;g025,185001-201412;201501-210012;201501-210012,,,,,,,,,,,,
_MMLEAv2,mpi_lens_cmip6,r22i1p1f1,ambiguous,rsdt;rlut;rsut,tas,./_MMLEAv2/mpi_lens_cmip6/tas_Amon_MPI-ESM1-2-LR_historical_r22i1p1f1_g025_185001-201412.nc;./_MMLEAv2/mpi_lens_cmip6/tas_Amon_MPI-ESM1-2-LR_ssp370_r22i1p1f1_g025_201501-210012.nc;./_MMLEAv2/mpi_lens_cmip6/tas_Amon_MPI-ESM1-2-LR_ssp585_r22i1p1f1_g025_201501-210012.nc,Amon;Amon;Amon,g025;g025;g025,185001-201412;201501-210012;201501-210012,,,,,,,,,,,,
_MMLEAv2,mpi_lens_cmip6,r23i1p1f1,ambiguous,rsdt;rlut;rsut,tas,./_MMLEAv2/mpi_lens_cmip6/tas_Amon_MPI-ESM1-2-LR_historical_r23i1p1f1_g025_185001-201412.nc;./_MMLEAv2/mpi_lens_cmip6/tas_Amon_MPI-ESM1-2-LR_ssp370_r23i1p1f1_g025_201501-210012.nc;./_MMLEAv2/mpi_lens_cmip6/tas_Amon_MPI-ESM1-2-LR_ssp585_r23i1p1f1_g025_201501-210012.nc,Amon;Amon;Amon,g025;g025;g025,185001-201412;201501-210012;201501-210012,,,,,,,,,,,,
_MMLEAv2,mpi_lens_cmip6,r24i1p1f1,ambiguous,rsdt;rlut;rsut,tas,./_MMLEAv2/mpi_lens_cmip6/tas_Amon_MPI-ESM1-2-LR_historical_r24i1p1f1_g025_185001-201412.nc;./_MMLEAv2/mpi_lens_cmip6/tas_Amon_MPI-ESM1-2-LR_ssp370_r24i1p1f1_g025_201501-210012.nc;./_MMLEAv2/mpi_lens_cmip6/tas_Amon_MPI-ESM1-2-LR_ssp585_r24i1p1f1_g025_201501-210012.nc,Amon;Amon;Amon,g025;g025;g025,185001-201412;201501-210012;201501-210012,,,,,,,,,,,,
_MMLEAv2,mpi_lens_cmip6,r25i1p1f1,ambiguous,rsdt;rlut;rsut,tas,./_MMLEAv2/mpi_lens_cmip6/tas_Amon_MPI-ESM1-2-LR_historical_r25i1p1f1_g025_185001-201412.nc;./_MMLEAv2/mpi_lens_cmip6/tas_Amon_MPI-ESM1-2-LR_ssp370_r25i1p1f1_g025_201501-210012.nc;./_MMLEAv2/mpi_lens_cmip6/tas_Amon_MPI-ESM1-2-LR_ssp585_r25i1p1f1_g025_201501-210012.nc,Amon;Amon;Amon,g025;g025;g025,185001-201412;201501-210012;201501-210012,,,,,,,,,,,,
_MMLEAv2,mpi_lens_cmip6,r26i1p1f1,ambiguous,rsdt;rlut;rsut,tas,./_MMLEAv2/mpi_lens_cmip6/tas_Amon_MPI-ESM1-2-LR_historical_r26i1p1f1_g025_185001-201412.nc;./_MMLEAv2/mpi_lens_cmip6/tas_Amon_MPI-ESM1-2-LR_ssp370_r26i1p1f1_g025_201501-210012.nc;./_MMLEAv2/mpi_lens_cmip6/tas_Amon_MPI-ESM1-2-LR_ssp585_r26i1p1f1_g025_201501-210012.nc,Amon;Amon;Amon,g025;g025;g025,185001-201412;201501-210012;201501-210012,,,,,,,,,,,,
_MMLEAv2,mpi_lens_cmip6,r27i1p1f1,ambiguous,rsdt;rlut;rsut,tas,./_MMLEAv2/mpi_lens_cmip6/tas_Amon_MPI-ESM1-2-LR_historical_r27i1p1f1_g025_185001-201412.nc;./_MMLEAv2/mpi_lens_cmip6/tas_Amon_MPI-ESM1-2-LR_ssp370_r27i1p1f1_g025_201501-210012.nc;./_MMLEAv2/mpi_lens_cmip6/tas_Amon_MPI-ESM1-2-LR_ssp585_r27i1p1f1_g025_201501-210012.nc,Amon;Amon;Amon,g025;g025;g025,185001-201412;201501-210012;201501-210012,,,,,,,,,,,,
_MMLEAv2,mpi_lens_cmip6,r28i1p1f1,ambiguous,rsdt;rlut;rsut,tas,./_MMLEAv2/mpi_lens_cmip6/tas_Amon_MPI-ESM1-2-LR_historical_r28i1p1f1_g025_185001-201412.nc;./_MMLEAv2/mpi_lens_cmip6/tas_Amon_MPI-ESM1-2-LR_ssp370_r28i1p1f1_g025_201501-210012.nc;./_MMLEAv2/mpi_lens_cmip6/tas_Amon_MPI-ESM1-2-LR_ssp585_r28i1p1f1_g025_201501-210012.nc,Amon;Amon;Amon,g025;g025;g025,185001-201412;201501-210012;201501-210012,,,,,,,,,,,,
_MMLEAv2,mpi_lens_cmip6,r29i1p1f1,ambiguous,rsdt;rlut;rsut,tas,./_MMLEAv2/mpi_lens_cmip6/tas_Amon_MPI-ESM1-2-LR_historical_r29i1p1f1_g025_185001-201412.nc;./_MMLEAv2/mpi_lens_cmip6/tas_Amon_MPI-ESM1-2-LR_ssp370_r29i1p1f1_g025_201501-210012.nc;./_MMLEAv2/mpi_lens_cmip6/tas_Amon_MPI-ESM1-2-LR_ssp585_r29i1p1f1_g025_201501-210012.nc,Amon;Amon;Amon,g025;g025;g025,185001-201412;201501-210012;201501-210012,,,,,,,,,,,,
_MMLEAv2,mpi_lens_cmip6,r2i1p1f1,ambiguous,rsdt;rlut;rsut,tas,./_MMLEAv2/mpi_lens_cmip6/tas_Amon_MPI-ESM1-2-LR_historical_r2i1p1f1_g025_185001-201412.nc;./_MMLEAv2/mpi_lens_cmip6/tas_Amon_MPI-ESM1-2-LR_ssp370_r2i1p1f1_g025_201501-210012.nc;./_MMLEAv2/mpi_lens_cmip6/tas_Amon_MPI-ESM1-2-LR_ssp585_r2i1p1f1_g025_201501-210012.nc,Amon;Amon;Amon,g025;g025;g025,185001-201412;201501-210012;201501-210012,,,,,,,,,,,,
_MMLEAv2,mpi_lens_cmip6,r30i1p1f1,ambiguous,rsdt;rlut;rsut,tas,./_MMLEAv2/mpi_lens_cmip6/tas_Amon_MPI-ESM1-2-LR_historical_r30i1p1f1_g025_185001-201412.nc;./_MMLEAv2/mpi_lens_cmip6/tas_Amon_MPI-ESM1-2-LR_ssp370_r30i1p1f1_g025_201501-210012.nc;./_MMLEAv2/mpi_lens_cmip6/tas_Amon_MPI-ESM1-2-LR_ssp585_r30i1p1f1_g025_201501-210012.nc,Amon;Amon;Amon,g025;g025;g025,185001-201412;201501-210012;201501-210012,,,,,,,,,,,,
_MMLEAv2,mpi_lens_cmip6,r31i1p1f1,incomplete,rsdt;rlut;rsut,,./_MMLEAv2/mpi_lens_cmip6/tas_Amon_MPI-ESM1-2-LR_historical_r31i1p1f1_g025_185001-201412.nc,Amon,g025,185001-201412,,,,,,,,,,,,
_MMLEAv2,mpi_lens_cmip6,r32i1p1f1,incomplete,rsdt;rlut;rsut,,./_MMLEAv2/mpi_lens_cmip6/tas_Amon_MPI-ESM1-2-LR_historical_r32i1p1f1_g025_185001-201412.nc,Amon,g025,185001-201412,,,,,,,,,,,,
_MMLEAv2,mpi_lens_cmip6,r33i1p1f1,incomplete,rsdt;rlut;rsut,,./_MMLEAv2/mpi_lens_cmip6/tas_Amon_MPI-ESM1-2-LR_historical_r33i1p1f1_g025_185001-201412.nc,Amon,g025,185001-201412,,,,,,,,,,,,
_MMLEAv2,mpi_lens_cmip6,r34i1p1f1,incomplete,rsdt;rlut;rsut,,./_MMLEAv2/mpi_lens_cmip6/tas_Amon_MPI-ESM1-2-LR_historical_r34i1p1f1_g025_185001-201412.nc,Amon,g025,185001-201412,,,,,,,,,,,,
_MMLEAv2,mpi_lens_cmip6,r35i1p1f1,incomplete,rsdt;rlut;rsut,,./_MMLEAv2/mpi_lens_cmip6/tas_Amon_MPI-ESM1-2-LR_historical_r35i1p1f1_g025_185001-201412.nc,Amon,g025,185001-201412,,,,,,,,,,,,
_MMLEAv2,mpi_lens_cmip6,r36i1p1f1,incomplete,rsdt;rlut;rsut,,./_MMLEAv2/mpi_lens_cmip6/tas_Amon_MPI-ESM1-2-LR_historical_r36i1p1f1_g025_185001-201412.nc,Amon,g025,185001-201412,,,,,,,,,,,,
_MMLEAv2,mpi_lens_cmip6,r37i1p1f1,incomplete,rsdt;rlut;rsut,,./_MMLEAv2/mpi_lens_cmip6/tas_Amon_MPI-ESM1-2-LR_historical_r37i1p1f1_g025_185001-201412.nc,Amon,g025,185001-201412,,,,,,,,,,,,
_MMLEAv2,mpi_lens_cmip6,r38i1p1f1,incomplete,rsdt;rlut;rsut,,./_MMLEAv2/mpi_lens_cmip6/tas_Amon_MPI-ESM1-2-LR_historical_r38i1p1f1_g025_185001-201412.nc,Amon,g025,185001-201412,,,,,,,,,,,,
_MMLEAv2,mpi_lens_cmip6,r39i1p1f1,incomplete,rsdt;rlut;rsut,,./_MMLEAv2/mpi_lens_cmip6/tas_Amon_MPI-ESM1-2-LR_historical_r39i1p1f1_g025_185001-201412.nc,Amon,g025,185001-201412,,,,,,,,,,,,
_MMLEAv2,mpi_lens_cmip6,r3i1p1f1,ambiguous,rsdt;rlut;rsut,tas,./_MMLEAv2/mpi_lens_cmip6/tas_Amon_MPI-ESM1-2-LR_historical_r3i1p1f1_g025_185001-201412.nc;./_MMLEAv2/mpi_lens_cmip6/tas_Amon_MPI-ESM1-2-LR_ssp370_r3i1p1f1_g025_201501-210012.nc;./_MMLEAv2/mpi_lens_cmip6/tas_Amon_MPI-ESM1-2-LR_ssp585_r3i1p1f1_g025_201501-210012.nc,Amon;Amon;Amon,g025;g025;g025,185001-201412;201501-210012;201501-210012,,,,,,,,,,,,
_MMLEAv2,mpi_lens_cmip6,r40i1p1f1,incomplete,rsdt;rlut;rsut,,./_MMLEAv2/mpi_lens_cmip6/tas_Amon_MPI-ESM1-2-LR_historical_r40i1p1f1_g025_185001-201412.nc,Amon,g025,185001-201412,,,,,,,,,,,,
_MMLEAv2,mpi_lens_cmip6,r41i1p1f1,incomplete,rsdt;rlut;rsut,,./_MMLEAv2/mpi_lens_cmip6/tas_Amon_MPI-ESM1-2-LR_historical_r41i1p1f1_g025_185001-201412.nc,Amon,g025,185001-201412,,,,,,,,,,,,
_MMLEAv2,mpi_lens_cmip6,r42i1p1f1,incomplete,rsdt;rlut;rsut,,./_MMLEAv2/mpi_lens_cmip6/tas_Amon_MPI-ESM1-2-LR_historical_r42i1p1f1_g025_185001-201412.nc,Amon,g025,185001-201412,,,,,,,,,,,,
_MMLEAv2,mpi_lens_cmip6,r43i1p1f1,incomplete,rsdt;rlut;rsut,,./_MMLEAv2/mpi_lens_cmip6/tas_Amon_MPI-ESM1-2-LR_historical_r43i1p1f1_g025_185001-201412.nc,Amon,g025,185001-201412,,,,,,,,,,,,
_MMLEAv2,mpi_lens_cmip6,r44i1p1f1,incomplete,rsdt;rlut;rsut,,./_MMLEAv2/mpi_lens_cmip6/tas_Amon_MPI-ESM1-2-LR_historical_r44i1p1f1_g025_185001-201412.nc,Amon,g025,185001-201412,,,,,,,,,,,,
_MMLEAv2,mpi_lens_cmip6,r45i1p1f1,incomplete,rsdt;rlut;rsut,,./_MMLEAv2/mpi_lens_cmip6/tas_Amon_MPI-ESM1-2-LR_historical_r45i1p1f1_g025_185001-201412.nc,Amon,g025,185001-201412,,,,,,,,,,,,
_MMLEAv2,mpi_lens_cmip6,r46i1p1f1,incomplete,rsdt;rlut;rsut,,./_MMLEAv2/mpi_lens_cmip6/tas_Amon_MPI-ESM1-2-LR_historical_r46i1p1f1_g025_185001-201412.nc,Amon,g025,185001-201412,,,,,,,,,,,,
_MMLEAv2,mpi_lens_cmip6,r47i1p1f1,incomplete,rsdt;rlut;rsut,,./_MMLEAv2/mpi_lens_cmip6/tas_Amon_MPI-ESM1-2-LR_historical_r47i1p1f1_g025_185001-201412.nc,Amon,g025,185001-201412,,,,,,,,,,,,
_MMLEAv2,mpi_lens_cmip6,r48i1p1f1,incomplete,rsdt;rlut;rsut,,./_MMLEAv2/mpi_lens_cmip6/tas_Amon_MPI-ESM1-2-LR_historical_r48i1p1f1_g025_185001-201412.nc,Amon,g025,185001-201412,,,,,,,,,,,,
_MMLEAv2,mpi_lens_cmip6,r49i1p1f1,incomplete,rsdt;rlut;rsut,,./_MMLEAv2/mpi_lens_cmip6/tas_Amon_MPI-ESM1-2-LR_historical_r49i1p1f1_g025_185001-201412.nc,Amon,g025,185001-201412,,,,,,,,,,,,
_MMLEAv2,mpi_lens_cmip6,r4i1p1f1,ambiguous,rsdt;rlut;rsut,tas,./_MMLEAv2/mpi_lens_cmip6/tas_Amon_MPI-ESM1-2-LR_historical_r4i1p1f1_g025_185001-201412.nc;./_MMLEAv2/mpi_lens_cmip6/tas_Amon_MPI-ESM1-2-LR_ssp370_r4i1p1f1_g025_201501-210012.nc;./_MMLEAv2/mpi_lens_cmip6/tas_Amon_MPI-ESM1-2-LR_ssp585_r4i1p1f1_g025_201501-210012.nc,Amon;Amon;Amon,g025;g025;g025,185001-201412;201501-210012;201501-210012,,,,,,,,,,,,
_MMLEAv2,mpi_lens_cmip6,r50i1p1f1,incomplete,rsdt;rlut;rsut,,./_MMLEAv2/mpi_lens_cmip6/tas_Amon_MPI-ESM1-2-LR_historical_r50i1p1f1_g025_185001-201412.nc,Amon,g025,185001-201412,,,,,,,,,,,,
_MMLEAv2,mpi_lens_cmip6,r5i1p1f1,ambiguous,rsdt;rlut;rsut,tas,./_MMLEAv2/mpi_lens_cmip6/tas_Amon_MPI-ESM1-2-LR_historical_r5i1p1f1_g025_185001-201412.nc;./_MMLEAv2/mpi_lens_cmip6/tas_Amon_MPI-ESM1-2-LR_ssp370_r5i1p1f1_g025_201501-210012.nc;./_MMLEAv2/mpi_lens_cmip6/tas_Amon_MPI-ESM1-2-LR_ssp585_r5i1p1f1_g025_201501-210012.nc,Amon;Amon;Amon,g025;g025;g025,185001-201412;201501-210012;201501-210012,,,,,,,,,,,,
_MMLEAv2,mpi_lens_cmip6,r6i1p1f1,ambiguous,rsdt;rlut;rsut,tas,./_MMLEAv2/mpi_lens_cmip6/tas_Amon_MPI-ESM1-2-LR_historical_r6i1p1f1_g025_185001-201412.nc;./_MMLEAv2/mpi_lens_cmip6/tas_Amon_MPI-ESM1-2-LR_ssp370_r6i1p1f1_g025_201501-210012.nc;./_MMLEAv2/mpi_lens_cmip6/tas_Amon_MPI-ESM1-2-LR_ssp585_r6i1p1f1_g025_201501-210012.nc,Amon;Amon;Amon,g025;g025;g025,185001-201412;201501-210012;201501-210012,,,,,,,,,,,,
_MMLEAv2,mpi_lens_cmip6,r7i1p1f1,ambiguous,rsdt;rlut;rsut,tas,./_MMLEAv2/mpi_lens_cmip6/tas_Amon_MPI-ESM1-2-LR_historical_r7i1p1f1_g025_185001-201412.nc;./_MMLEAv2/mpi_lens_cmip6/tas_Amon_MPI-ESM1-2-LR_ssp370_r7i1p1f1_g025_201501-210012.nc;./_MMLEAv2/mpi_lens_cmip6/tas_Amon_MPI-ESM1-2-LR_ssp585_r7i1p1f1_g025_201501-210012.nc,Amon;Amon;Amon,g025;g025;g025,185001-201412;201501-210012;201501-210012,,,,,,,,,,,,
_MMLEAv2,mpi_lens_cmip6,r8i1p1f1,ambiguous,rsdt;rlut;rsut,tas,./_MMLEAv2/mpi_lens_cmip6/tas_Amon_MPI-ESM1-2-LR_historical_r8i1p1f1_g025_185001-201412.nc;./_MMLEAv2/mpi_lens_cmip6/tas_Amon_MPI-ESM1-2-LR_ssp370_r8i1p1f1_g025_201501-210012.nc;./_MMLEAv2/mpi_lens_cmip6/tas_Amon_MPI-ESM1-2-LR_ssp585_r8i1p1f1_g025_201501-210012.nc,Amon;Amon;Amon,g025;g025;g025,185001-201412;201501-210012;201501-210012,,,,,,,,,,,,
_MMLEAv2,mpi_lens_cmip6,r9i1p1f1,ambiguous,rsdt;rlut;rsut,tas,./_MMLEAv2/mpi_lens_cmip6/tas_Amon_MPI-ESM1-2-LR_historical_r9i1p1f1_g025_185001-201412.nc;./_MMLEAv2/mpi_lens_cmip6/tas_Amon_MPI-ESM1-2-LR_ssp370_r9i1p1f1_g025_201501-210012.nc;./_MMLEAv2/mpi_lens_cmip6/tas_Amon_MPI-ESM1-2-LR_ssp585_r9i1p1f1_g025_201501-210012.nc,Amon;Amon;Amon,g025;g025;g025,185001-201412;201501-210012;201501-210012,,,,,,,,,,,,
